Timestamp,How old are you?,How tall are you?,What do you weigh in US pounds?,What is your highest level of education?,Which best describes your current employement status?,What is your yearly income?,What continent are you from?,What ethnicity do you identify with?,What is your gender?,What is your sexuality?,Are you transgender?,What religion do you best align with?,Which political ideology best matches yours?,What is your relationship status?,"If you are in North America, which state / country / territory do you currently live:","If you are in Europe, which country / territory do you currently live:",Do you have any pets?,How often do you get high?,"If you get high, how do you prefer to do it? Check all that apply",Have you done the following things? [Played League],Have you done the following things? [Played WoW],Have you done the following things? [Sniped to provide content],Have you done the following things? [Snipe to troll],Have you done the following things? [Submitted a sub alert],Have you done the following things? [Submitted a bumper],Have you done the following things? [Submitted a beat],Have you done the following things? [Had one of your beats rapped over],Have you done the following things? [Made fanart for Poke or Gigi],Have you done the following things? [Sent something to the PO Box],Have you done the following things? [Posted on the reddit],Have you done the following things? [Joined GROUP or Double U in WoW],Have you done the following things? [Joined viewer guild in another MMO],Have you done the following things? [Bought Poke merch],Do you have a drivers license or your local equivilent? ,"How often do you order food delivery? Direct order, Door Dash, Uber Eats, etc","Do you have VR, if so was Poke a contributing reason why?","Are you a furry, if so did Poke have some involvement?","Are you a femboy, if so did Poke have some involvement?",Are you bald?,Have you served in your countries military?,Have you ever tried making your own salsa?,How many languages do you speak or read including your native one?,Choose only one,Are you currently subbed to Pokelawls?,How do you discover that Poke is live? Check all that apply,Do you use Chatterino?,Do you use emote extensions when watching twitch?,Do you enjoy having chat on screen?,How do you watch Poke? Check all that apply.,How often do you watch Pokelawls?,What kind of chatter do you consider yourself when Poke is live?,Do you consider yourself an offline chatter?,Are you on the Pokelawls subscriber Discord?,Are you on the Pokelawls Music Collective (Producer) Discord?,How did you first find out about Pokelawls?,How many hours a day do you spend watching Twitch in general?,How many streamers do you watch on average each day?,"With Twitch in general, do you prefer planned events or spontaneous content?",How important / exciting do you consider the following stream related things? 1- Least Important. 5 - Most important [Streamer-chat interraction],How important / exciting do you consider the following stream related things? 1- Least Important. 5 - Most important [More consistency],How important / exciting do you consider the following stream related things? 1- Least Important. 5 - Most important [Chat emotes],How important / exciting do you consider the following stream related things? 1- Least Important. 5 - Most important [New sub alerts],How important / exciting do you consider the following stream related things? 1- Least Important. 5 - Most important [More community content],How important / exciting do you consider the following stream related things? 1- Least Important. 5 - Most important [Collab streams],How important / exciting do you consider the following stream related things? 1- Least Important. 5 - Most important [Variety gaming],How important / exciting do you consider the following stream related things? 1- Least Important. 5 - Most important [Retro gaming],How important / exciting do you consider the following stream related things? 1- Least Important. 5 - Most important [IRL streams],How important / exciting do you consider the following stream related things? 1- Least Important. 5 - Most important [Japan content (maybe vlog style)],How important / exciting do you consider the following stream related things? 1- Least Important. 5 - Most important [Speed running content],How important / exciting do you consider the following stream related things? 1- Least Important. 5 - Most important [Finding new tech in games],How important / exciting do you consider the following stream related things? 1- Least Important. 5 - Most important [Music production],How important / exciting do you consider the following stream related things? 1- Least Important. 5 - Most important [Album reviews],How important / exciting do you consider the following stream related things? 1- Least Important. 5 - Most important [WoW gaming phase],How important / exciting do you consider the following stream related things? 1- Least Important. 5 - Most important [GTA RP return],How important / exciting do you consider the following stream related things? 1- Least Important. 5 - Most important [Competitive games],How important / exciting do you consider the following stream related things? 1- Least Important. 5 - Most important [Solo games],How important / exciting do you consider the following stream related things? 1- Least Important. 5 - Most important [Co-op games],How important / exciting do you consider the following stream related things? 1- Least Important. 5 - Most important [Contests],How important / exciting do you consider the following stream related things? 1- Least Important. 5 - Most important [Community game servers],How important / exciting do you consider the following stream related things? 1- Least Important. 5 - Most important [Horror Games],How important / exciting do you consider the following stream related things? 1- Least Important. 5 - Most important [Politics talk],How important / exciting do you consider the following stream related things? 1- Least Important. 5 - Most important [World events talk],How important / exciting do you consider the following stream related things? 1- Least Important. 5 - Most important [League / MOBA games],When did you first start watching Poke?,Should Poke smoke less weed?,If the name is available do you think he should change the Twitch channel from Pokelawls to just Poke?,"Regarding music, should he change his name to Poke on Spotify / Soundcloud / etc?",What aspects of Poke and his stream do you enjoy the most?,What content do you want to see more of in the future of this channel?,"When making music content, is there a specifc genre you like seeing Poke experiment with? Any new genres that you think would make for a entertaining stream?","Excluding Poke, Gigi and ekoP; who is your favorite twitch streamer?",What game do you most want to see Poke play in the future?,Who do you most want to see collab with Poke in the future?,"What is your favorite emote on Twitch? 7tv, BTTV, FFZ are included",What is your favorite video game of all time?,What is your favorite movie of all time?,Who are your favorite music artists / bands?,What is your favorite album of all time?,What is your favorite food?,If you have any suggestions for improvements to the Census in following years please feel free to give that feedback here. 
3/24/2025 19:46:47,33-39,"6'4""+",225-274,Bachelor's,Full time,$100k+,North America,Other,Male,Straight,Cisgender,Atheist / Agnostic,Centrist,Dating,Canada,,Cat,A few times a day,,Yes,Yes,No,No,Yes,No,No,No,Yes,,Yes,Yes,No,No,Yes,A few times a month,No VR,No,No,No,,,,,Prime subbed,Chatterino / Offline chatting,Yes,Yes,Yes,"Desktop, Laptop",A few times a month,Seldom chatter,Yes,"Yes, but not active",No,Twitch recommended,Less than one,None most days,"Spontaneous, unpredictable content",5,5,2,3,5,1,1,1,5,3,2,1,4,1,1,1,1,1,1,5,5,4,,,,2017,,,,,,,None I do not watch twitch with regularity aside from poke.,I dislike watching gaming content and typically close the stream when the intro is done and he starts a game.,"Jerma, Erobb, The outdoors",Bimx (i was robbed of my joy by juanmaa in march of 2025),Doom II,Mandy,PartiBoi69 or Hermeth,Fat of the Land - Prodigy,Vietnamese spring rolls (cha gio) or Twice Baked Cheddar perogies with sour cream,"More info regarding why people watch a stream, how they engage, what content they want to see. I feel this would help poke if he earnestly wanted to use the info."
3/24/2025 19:47:26,19-24,"5'3"" to 5'6""",275-324,Some college,Unemployed,$50k-$100k,North America,Black,Female,Gay / Lesbian,Cisgender,Atheist / Agnostic,Liberal,Single,New York (NY),,Cat,Always,,Yes,No,No,No,Yes,No,No,No,No,,Yes,No,Yes,No,No,A few times a year,"Yes, I have VR. Poke contributed",No,No,No,,,,,Normal sub,Chatterino / Offline chatting,Yes,Yes,Yes,"Desktop, Mobile, Gaming console",Every stream,Seldom chatter,Yes,"Yes, but not active",No,Streamer collab,7-8,2-3,A healthy mix of both,5,5,5,5,5,5,5,5,5,5,5,4,5,4,1,5,3,5,5,5,5,5,,,,2018,,,,,,,zoil,YAKUZA SERIES,COCHISE,aga,grand theft auto,nowhere (1997),sheena ringo,blood visions - jay reatard,pussy,add more titties please and some OG 4loko related questions
3/24/2025 19:56:17,19-24,"5'7"" to 5'11""",Under 125,High school / GED,Unemployed,Less than $20k,North America,Multiethnic,Male,Straight,Cisgender,Atheist / Agnostic,Liberal,Single,Michigan (MI),,Cat,A few times a week,,No,No,No,No,Yes,No,No,No,No,,No,No,No,No,Learners permit,A few times a month,No VR,No,No,No,No,,1,,Normal sub,Chatterino / Offline chatting,Yes,Yes,Dont care,"Desktop, Mobile",Every stream,Active chatter,Yes,"Yes, but not active",No,Youtube recommended / clip compilation,5-6,4-6,A healthy mix of both,4,3,3,5,3,2,4,2,1,4,2,2,3,3,1,2,2,5,1,5,2,5,,,,2017,,,,,,,"erobb221, brucedropemoff..... xqc","more horror, outlast 1 and 2 is a fav of mine ",not big on collabs but everyone in the fav streamer question would be cool,Lemon,"minecraft for friends, pokemon solo ",parasite,kanye artist radiohead band ,ok computer by radiohead or blonde by frank ocean ,chicken parmesan,
3/24/2025 19:57:01,19-24,"5'7"" to 5'11""",175-224,High school / GED,Unemployed,Less than $20k,North America,Black,Female,Bisexual / Pansexual,Transgender,Atheist / Agnostic,Socialist,Single,Rhode Island (RI),,Cat,Never tried it,,Yes,No,No,No,Yes,No,No,No,No,,Yes,No,No,No,No,A few times a month,No VR,No,No,No,No,,1,,No,Chatterino / Offline chatting,Yes,Yes,Yes,Desktop,A few times a month,Seldom chatter,Yes,No,No,Mentioned by another streamer,7-8,2-3,"Spontaneous, unpredictable content",5,4,1,3,3,4,4,3,4,4,2,3,3,4,1,5,2,3,4,3,2,4,,,,2022,,,,,,,Hasanabi,Nubby's Number Factory,Jerma985,NomNom,Destiny,Arrival,Hi-C,THE GHOST~POP TAPE,Burritos,
3/24/2025 20:11:52,25-32,"6' to 6'3""",125-174,Bachelor's,Self employed / 1099,$20k-$50k,North America,White,Male,Straight,Cisgender,Atheist / Agnostic,Centrist,Dating,New Jersey (NJ),,Dog,Always,,Yes,Yes,Yes,No,Yes,No,No,No,Yes,,Yes,Yes,Yes,No,Yes,A few times a week,"Yes, I have VR",No,No,No,No,,1,,Prime subbed,Chatterino / Offline chatting,Yes,Yes,Yes,"Desktop, Laptop, Mobile, TV app",Every stream,Active chatter,Yes,"Yes, but not active",No,Mentioned by another streamer,7-8,2-3,A healthy mix of both,5,5,5,5,5,1,5,2,5,5,2,3,4,5,3,4,3,5,4,5,5,5,,,,2019,,,,React and Trolling in games/VR,trolling in games and vr,,Zoil,Horror games,Kitboga again pls *CINEMA*,baseg,Arma 2 DayZ Mod,The Town,Cochise,Goodbye and good riddance ,Lobster,add long hair or short hair with bald or not
3/24/2025 20:25:21,19-24,"4'11"" to 5'2""",Under 125,Bachelor's,Full time,$20k-$50k,North America,White,Female,Bisexual / Pansexual,Cisgender,Buddhism,Liberal,Single,Tennessee (TN),,"Dog, Cat, Fish",A few times a day,,Yes,No,No,No,No,No,No,No,Yes,,Yes,No,No,No,Yes,A few times a year,No VR,No,No,No,No,,2,,Prime subbed,Chatterino / Offline chatting,Yes,Yes,Yes,"Laptop, Mobile, Tablet",Every stream,Active chatter,Yes,"Yes, but not active",No,Streamer collab,1-2,1,A healthy mix of both,5,5,4,4,5,3,5,2,5,4,1,1,4,2,1,5,2,2,4,3,5,5,,,,2020,,,,his empathy and humor,"bogg, irls, and more community based things",,Zoil,n/a,more Cyr,BLEHHHH2,TEAM FIGHT TACTICS,Ponyo,Steely Dan,Cant Buy A Thrill by Steely Dan,Mac and Cheese or Ramen or Crab,W mods
3/24/2025 20:35:00,25-32,"6' to 6'3""",175-224,Associates / Trade,Part time,Less than $20k,North America,White,Male,Straight,Cisgender,Other,Apolitical,Single,Ohio (OH),,Cat,A few times a day,,No,No,No,No,Yes,No,No,No,No,,No,No,Yes,No,Yes,A few times a year,No VR,No,No,No,No,,1,,Normal sub,Chatterino / Offline chatting,Yes,Yes,Yes,"Desktop, Laptop, Mobile, TV app",Every stream,Active chatter,Yes,"Yes, and I'm active there",No,Twitch recommended,3-4,2-3,A healthy mix of both,5,3,4,2,3,3,5,2,4,4,2,2,4,2,1,1,3,4,3,3,4,5,,,,2021,,,,Just feels like we are hanging out,Drivers License acquisition,,MOONMOON,Fallout: New Vegas,Jerma985,Reacting,Portal,2001: A Space Odyssey,Earl Sweatshirt,Faces,Birria,"specify if favorite emote has to be enabled in poke's channel vs. just uploaded to 7tv or enabled elsewhere, but also I couldn't make my mind up anyways... so whatever... good census"
3/24/2025 22:50:36,25-32,"6' to 6'3""",175-224,High school / GED,Full time,$20k-$50k,North America,White,Female,Bisexual / Pansexual,Transgender,Atheist / Agnostic,Liberal,Single,California (CA),,"Dog, Cat, Lizard / Reptile / Dragon",Always,,Yes,No,Yes,No,Yes,No,No,No,No,No,No,No,Yes,No,Yes,A few times a week,No VR,"Yes, Poke was a reason","Yes, Poke was a reason",No,No,,2,Weed Son,No,Chatterino / Offline chatting,Yes,Yes,Yes,"Desktop, Mobile",A few times a week,Active chatter,Yes,"Yes, but not active","Yes, but not active",Streamer collab,3-4,2-3,A healthy mix of both,5,5,5,5,5,5,5,5,5,5,3,3,5,5,2,4,5,5,5,5,5,5,1,3,5,2019,No,Keep the lawls,,poke funny and silly also is not influenced easily by dumb conservative chatters,fart,some dance music,gogi,fart,hasan pecker,blehhhh2,ur mom ,ur momq,ur mom,ur mom,ur mom,
3/25/2025 1:24:24,33-39,"6' to 6'3""",125-174,Bachelor's,Full time,$100k+,North America,Indian,Male,Straight,Cisgender,Other,Liberal,Single,California (CA),,No pets,Once a day,,Yes,Yes,No,No,No,No,No,No,No,No,No,No,No,No,Yes,Never,No VR,No,No,No,Veteran,,1,Weed Son,Normal sub,"Twitch Sidebar / Dashboard, Discord notications",No,Yes,Yes,"Desktop, Mobile",Every stream,Active chatter,Yes,"Yes, and I'm active there",No,,5-6,2-3,A healthy mix of both,,,,,,,,,,,,,,,,,,,,,,,,,,2022,I dont care,I don't care,,,,,,,,,,,,,,
3/25/2025 1:24:33,19-24,"6'4""+",175-224,Some college,Unemployed,Less than $20k,North America,White,Male,Bisexual / Pansexual,Cisgender,Atheist / Agnostic,Liberal,Single,Colorado (CO),,No pets,Tried and quit,,Yes,Yes,Yes,No,No,No,No,No,No,No,No,No,No,No,Yes,A few times a year,No VR,No,No,No,No,,2,Weed Son,Prime subbed,Twitch Sidebar / Dashboard,No,Yes,Yes,"Desktop, Laptop, Mobile",A few times a week,Active chatter,No,No,No,"Word of mouth, from a friend",3-4,2-3,A healthy mix of both,5,4,5,5,5,5,5,4,4,5,3,5,5,4,2,5,5,5,5,5,5,5,3,3,5,2019,I dont care,Change the name,,,,,,,,,,,,,,
3/25/2025 1:25:21,25-32,"5'7"" to 5'11""",175-224,High school / GED,Self employed / 1099,$20k-$50k,North America,White,Male,Straight,Cisgender,Atheist / Agnostic,Centrist,Single,New York (NY),,No pets,Never tried it,,No,No,No,No,No,No,No,No,No,No,No,No,No,No,Yes,A few times a year,No VR,No,No,No,No,,1,Weed Son,Normal sub,"Twitch Sidebar / Dashboard, Chatterino / Offline chatting",Yes,Yes,Dont care,"Desktop, Mobile, TV app",A few times a week,Lurker,No,No,No,Streamer collab,3-4,4-6,A healthy mix of both,3,3,3,3,3,3,3,3,3,1,3,1,2,3,1,3,3,3,3,3,1,1,1,2,2,2019,Yes,Change the name,,,,,,,,,,,,,,
3/25/2025 1:26:00,19-24,"5'3"" to 5'6""",125-174,Some college,"Student, not working",Less than $20k,North America,Native / Indigenous,Male,Bisexual / Pansexual,Transgender,Other,Apolitical,Dating,Canada,,"Cat, Fish, Shrimp",Always,,Yes,Yes,No,No,No,No,No,No,Yes,No,Yes,No,No,Yes,Learners permit,A few times a month,No VR,"Yes, Poke was a reason",Yes,No,No,,4,Weed Son,Prime subbed,Twitch Sidebar / Dashboard,No,Yes,Yes,"Desktop, Tablet",Every stream,Lurker,No,No,No,Twitch recommended,5-6,4-6,A healthy mix of both,3,4,5,2,4,4,4,3,4,4,3,5,5,5,2,3,4,3,4,2,4,3,2,2,1,2020,I dont care,Keep the lawls,,,,,,,,,,,,,,
3/25/2025 1:27:28,19-24,"6' to 6'3""",175-224,Some college,Full time,$50k-$100k,North America,White,Male,Bisexual / Pansexual,Cisgender,Atheist / Agnostic,Liberal,Single,Oregon (OR),,Cat,Tried and quit,,No,No,No,No,No,No,No,No,No,No,No,No,No,No,Yes,Never,"Yes, I have VR. Poke contributed",No,No,No,No,,2,League Daughter,No,Twitch Sidebar / Dashboard,No,Yes,Yes,"Desktop, Laptop, Mobile, TV app",A few times a week,Seldom chatter,No,No,No,Youtube recommended / clip compilation,Less than one,1,A healthy mix of both,5,3,3,3,4,2,5,5,4,4,2,5,5,4,1,1,2,4,5,5,5,5,5,5,1,2016 or earlier,I dont care,Keep the lawls,,Funny moments / chat interaction,"horror games, indie/retro, variety",,zoil,,,Nessie,,,,,,
3/25/2025 1:28:06,25-32,"6' to 6'3""",175-224,High school / GED,Full time,$20k-$50k,North America,White,Male,Straight,Cisgender,Atheist / Agnostic,Socialist,Married,California (CA),,"Dog, Cat",A few times a day,,No,No,No,No,Yes,No,No,No,No,No,No,No,No,No,Yes,Never,No VR,No,No,No,No,,2,Weed Son,Prime subbed,Twitch Sidebar / Dashboard,No,Yes,No,Desktop,A few times a week,Seldom chatter,No,"Yes, but not active",No,"Word of mouth, from a friend",1-2,2-3,A healthy mix of both,4,4,2,1,2,3,3,2,4,1,1,4,3,1,1,5,4,4,4,2,1,3,2,4,1,2019,I dont care,Keep the lawls,,,,,,,,,,,,,,
3/25/2025 1:28:44,25-32,"5'7"" to 5'11""",175-224,Some college,Unemployed,Less than $20k,North America,White,Male,Straight,Cisgender,Other,Centrist,Single,Virginia (VA),,Cat,Tried and quit,,Yes,Yes,No,No,No,No,No,No,No,No,No,No,No,No,Yes,Never,"Yes, I have VR",No,No,No,No,,1,Weed Son,Gifted sub,Twitch Sidebar / Dashboard,No,Yes,Yes,Desktop,Every stream,Active chatter,No,No,No,Mentioned by another streamer,5-6,2-3,"Spontaneous, unpredictable content",4,4,3,2,3,3,5,4,5,5,3,3,4,4,1,5,2,4,5,3,3,5,1,1,2,2020,No,I don't care,,gaming god (Kappa),IRL,idk he do he,Gigi and poke,nekopara. jk horror would b gr8,gigi,idk,you dont wanjna know,memories of murder or the lighthouse or the prestige or idk too many,idk,idk maybe tame impala one,ur mom,bazinga
3/25/2025 1:30:42,25-32,"5'7"" to 5'11""",175-224,Some college,Full time,$20k-$50k,North America,Hispanic / Latino,Male,Straight,Cisgender,Atheist / Agnostic,Liberal,Engaged,Arizona (AZ),,"Dog, Cat, Fish, Bird",Tried and quit,,Yes,No,No,No,No,No,No,No,No,No,No,No,No,No,Yes,Never,No VR,No,No,No,No,,2,League Daughter,No,"Twitch Sidebar / Dashboard, Mobile Notifications",No,Yes,No,"Desktop, Mobile",Every stream,Active chatter,No,No,No,Youtube recommended / clip compilation,5-6,2-3,A healthy mix of both,5,5,4,4,3,2,4,1,3,4,1,5,4,3,1,3,3,4,5,4,5,3,2,2,5,2017,I dont care,I don't care,,I enjoy Poke's personality and humor. I like that he involves his s/o in his streams to keep it interesting. I also enjoy the variety of game's played.  Chat also is a big part of the reason why I enjoy watching the streams,Anything! co-op streams are fun to watch,Doesn't matter to me. I enjoy all music streams,JakeNBake,League? I enjoy any game he plays,Jerma :),peepoPog,Bioshock ,Donnie Darko,Mac Miller,Blonded - Frank Ocean,Carne Asada,Love you Poke <3 Hope to sub when I have more funds :) 
3/25/2025 1:30:58,25-32,"5'7"" to 5'11""",225-274,Bachelor's,Unemployed,$20k-$50k,North America,White,Female,Asexual / Demisexual,Cisgender,Christian,Liberal,Single,Canada,,"Fish, Allergic",Never tried it,,No,No,No,No,No,No,No,No,No,No,No,No,No,No,Yes,Never,No VR,No,No,No,No,,1,League Daughter,Gifted sub,Twitch Sidebar / Dashboard,No,Yes,Dont care,"Desktop, Laptop, Mobile, Gaming console",A few times a week,Seldom chatter,No,No,No,Mentioned by another streamer,11+,7+,A healthy mix of both,5,3,4,1,1,3,5,4,3,3,4,1,3,5,2,3,3,3,3,1,1,5,2,2,1,2023,I dont care,Keep the lawls,,I enjoy him and Gigi content. I also liked you with X but then that fallout happened... I like the collabs also with Myth!,"I really like the variety, whatever is new and hot, this weed game ""Schedule 1"" has been great! But I also love when you play games like the road one, or when you do the ",Country.,X? Sometimes? I like Zoil and Senny. I watch a lot of smaller streamers for chat engagement.,I really just want that variety... ,"MYTH, I LIKED THAT CRAP.","Glorpblicky, or Cats",Fusion Frenzy - Xbox (Original),Meet the Robinsons - Disney,Marianas Trench,MasterPiece Theatre 3 - Marianas Trench,Steak,Nothing else to add. :D I enjoy streams. 
3/25/2025 1:31:49,25-32,"5'7"" to 5'11""",175-224,Associates / Trade,Full time,$100k+,North America,White,Male,Straight,Cisgender,Christian,Liberal,Married,Minnesota (MN),,No pets,A few times a month,,Yes,No,Yes,Yes,Yes,Yes,No,No,No,No,Yes,No,No,No,Yes,A few times a year,No VR,No,No,Balding,No,,1,Weed Son,Normal sub,"Twitch Sidebar / Dashboard, Mobile Notifications, Discord notications, Chatterino / Offline chatting",No,Yes,Dont care,"Desktop, Mobile, TV app",Every stream,Active chatter,No,"Yes, but not active","Yes, but not active",Streamer collab,3-4,1,A healthy mix of both,5,5,4,3,4,5,5,4,5,5,3,5,5,3,3,5,5,5,5,5,5,5,2,4,3,2019,I dont care,Change the name,,his community and poke / gigi they are good fun chill people ,most of the time i enjoy whatever hes doing providing its not a political stunlock ,his dance music slaps,Jerma985,GTA,Jerma985,OMEGALUL,Cyberpunk 2077,idk,"Underscores, Beansclub, Porter Robinson",Nurture - Porter Robinson,Anything authenticly mexican ,Physical activity level. 
3/25/2025 1:33:58,19-24,"5'3"" to 5'6""",125-174,Some college,"Student, not working",$20k-$50k,Europe,White,Female,Bisexual / Pansexual,Transgender,Atheist / Agnostic,Liberal,Dating,,United Kingdom,Dog,Never tried it,,No,No,No,No,Yes,Yes,No,No,No,No,No,No,No,No,No,A few times a year,No VR,No,No,No,No,,2,League Daughter,No,"Twitch Sidebar / Dashboard, Mobile Notifications",No,Yes,Yes,"Desktop, Mobile",Every stream,Lurker,No,No,No,Streamer collab,3-4,2-3,A healthy mix of both,5,4,3,2,3,1,3,3,3,4,3,4,4,4,2,3,4,4,4,5,5,1,1,2,2,2019,Yes,Keep the lawls,,his humour,games with friends,not really,aaron_fgc,project zomboid ,more jerma,Aga,xenoblade chronicles,idk tbh,realliveanimals,"not album, ep tears from realliveanimals",lasagna,no 
3/25/2025 1:37:29,19-24,"6' to 6'3""",Under 125,Some college,Unemployed,Less than $20k,North America,Middle Eastern,Male,Straight,Cisgender,Islam,Conservative,Dating,Michigan (MI),,No pets,Tried and quit,,No,Yes,No,No,Yes,Yes,No,No,No,No,Yes,No,No,No,Yes,A few times a month,"Yes, I have VR. Poke contributed",Yes,Yes,No,No,,2,Weed Son,Prime subbed,"Twitch Sidebar / Dashboard, Discord notications",No,Yes,Yes,"Desktop, Mobile",Every stream,Seldom chatter,No,"Yes, but not active",No,Youtube recommended / clip compilation,7-8,2-3,A healthy mix of both,4,4,5,3,3,3,4,3,3,4,2,3,3,4,2,5,3,4,4,4,4,5,1,1,1,2018,No,I don't care,,"Variety, Chill, Yes","VR, IRL, Chat setup review",Any music is sick as long as the boy is doing it,summit or cyr,Tarkov or VRChat,Peaks,glorp just look at him hes so cute,Resident Evil 4 OG,The Shawshank Redemption,Kendrick,To Pimp A Butterfly,Sushi,Okay.
3/25/2025 1:38:10,16-18,"5'7"" to 5'11""",Under 125,,Other,Less than $20k,North America,Other,Male,Straight,,Christian,,Single,California (CA),,"Dog, Bird",Never tried it,,Yes,No,No,No,No,No,No,No,No,No,No,No,No,No,No,Never,"Yes, I have VR","Yes, Poke was a reason","Yes, Poke was a reason",No,No,,3,League Daughter,No,Mobile Notifications,No,Yes,Yes,"Desktop, Mobile",Every stream,Lurker,No,No,No,Streamer collab,5-6,2-3,A healthy mix of both,5,3,4,4,4,2,5,1,4,5,5,4,4,2,1,4,4,4,4,4,4,5,1,1,1,2020,I dont care,Keep the lawls,,funny person and funny chat,dont care anything thats not league,no,aware,anything as long as its not league,,LOL,no favorites,,i like weezer rn but that can change ,no favorites,pizza is cool,
3/25/2025 1:38:53,19-24,"5'3"" to 5'6""",125-174,Some college,Part time,Less than $20k,North America,White,Male,Straight,,Atheist / Agnostic,Apolitical,Dating,Pennsylvania (PA),,Cat,Once a day,,Yes,Yes,No,No,No,No,No,No,No,No,No,Yes,No,No,Yes,A few times a year,"Yes, I have VR",,No,No,No,,1,Weed Son,No,Twitch Sidebar / Dashboard,No,Yes,Dont care,"Desktop, Mobile",A few times a week,Seldom chatter,No,No,No,Streamer collab,5-6,2-3,A healthy mix of both,3,3,4,3,3,3,5,2,4,3,4,4,4,4,3,3,3,4,4,3,4,4,2,2,4,2021,I dont care,Keep the lawls,,5 hour intro,,No I think Poke can do any genre. He's the best. I'll enjoy him in any genre.,caseoh_ or summit1g,League of Legends,Squeex,,,Spongebob Squarepants Movie,,,Pasta,
3/25/2025 1:39:50,25-32,"5'7"" to 5'11""",275-324,High school / GED,Unemployed,Less than $20k,North America,White,Male,Straight,Cisgender,Atheist / Agnostic,Liberal,Single,Utah (UT),,Cat,Always,,Yes,Yes,No,No,No,No,No,No,No,No,Yes,No,No,No,No,Never,No VR,No,No,No,No,,1,Weed Son,Prime subbed,Mobile Notifications,No,Yes,Dont care,"Desktop, Mobile",Every stream,Active chatter,No,No,No,Youtube recommended / clip compilation,5-6,2-3,A healthy mix of both,3,5,3,3,3,3,3,3,3,3,3,3,3,3,3,4,4,4,4,3,3,5,3,3,1,2020,I dont care,Keep the lawls,,"Gaming, reacts. when he actually plays horror ",horror games,more electronic music ,,voices,,Buggin,Kingdom Hearts,,,,all,
3/25/2025 1:39:54,25-32,"5'7"" to 5'11""",175-224,Some college,Self employed / 1099,$50k-$100k,North America,Hispanic / Latino,Non Binary,Bisexual / Pansexual,Transgender,Judaism,Socialist,Single,Massachusetts (MA),,Dog,Always,,Yes,No,No,Yes,No,No,No,No,No,No,Yes,No,No,No,Yes,A few times a month,"Yes, I have VR. Poke contributed",No,Yes,No,No,,3,League Daughter,Prime subbed,Mobile Notifications,No,Yes,Yes,"Desktop, Laptop, Mobile",Every stream,Seldom chatter,No,"Yes, but not active",No,Youtube recommended / clip compilation,5-6,2-3,A healthy mix of both,,,,,,,,,,,,,,,,,,,,,,,,,,2016 or earlier,No,Keep the lawls,Poke music / Pokelawls twitch,,,,,,,,,,,,,
3/25/2025 1:40:08,19-24,"6' to 6'3""",125-174,High school / GED,Unemployed,Less than $20k,Australia,White,Non Binary,Bisexual / Pansexual,,Atheist / Agnostic,Centrist,Single,,,Cat,Always,,No,No,No,No,No,No,No,No,No,No,Yes,No,No,No,Learners permit,A few times a year,"Yes, I have VR. Poke contributed",No,Yes,No,No,,1,Weed Son,Normal sub,"Twitch Sidebar / Dashboard, Discord notications",No,Yes,Yes,"Desktop, Laptop",Every stream,Seldom chatter,No,"Yes, but not active",No,Streamer collab,3-4,2-3,A healthy mix of both,4,2,4,3,3,3,3,3,4,3,3,4,4,3,3,3,2,3,4,3,3,4,3,3,3,2021,I dont care,I don't care,,Vibe,IRL,Whatever nettspend genre is,"Vinny Vinesauce, Jerma, Criken, Charborg, BedBanana",,,Gregory,,,Young Thug,,,"fuck asking for favorites i cant choose and dont want to put like 20answers, other than that good census :)"
3/25/2025 1:40:19,19-24,"5'7"" to 5'11""",325+,Associates / Trade,Part time,Less than $20k,North America,White,Male,Questioning,Cisgender,Atheist / Agnostic,Socialist,Single,Illinois (IL),,"Dog, Fish, Bird",Never tried it,,No,No,Yes,No,Yes,No,No,No,Yes,No,Yes,No,No,No,Yes,Never,"Yes, I have VR. Poke contributed",No,No,No,No,,1,Weed Son,Prime subbed,"Twitch Sidebar / Dashboard, Mobile Notifications, Email notifications",No,Yes,Yes,"Desktop, Laptop",Every stream,Active chatter,No,"Yes, but not active",No,Youtube recommended / clip compilation,5-6,2-3,A healthy mix of both,5,5,5,4,3,2,4,4,2,2,3,4,5,4,1,2,4,4,5,3,5,4,2,3,3,2019,I dont care,Keep the lawls,Poke music / Pokelawls twitch,His chat,"I loved the motor town phase, more chatter servers",,Dizzy,,,buh2,Minecraft,Speedracer,TeenageDisaster,,Egg Rolls,
3/25/2025 1:42:00,19-24,"5'7"" to 5'11""",175-224,Some college,"Student, not working",$20k-$50k,North America,Asian / Pacific Islander,Male,Straight,Cisgender,Islam,Centrist,Single,New Jersey (NJ),,No pets,A few times a year,,Yes,No,No,No,No,No,No,No,No,No,Yes,No,No,No,Yes,A few times a year,"Yes, I have VR",No,No,Balding,No,,3,Weed Son,No,Twitch Sidebar / Dashboard,Yes,Yes,Dont care,"Desktop, Laptop",A few times a week,Active chatter,No,No,No,Youtube recommended / clip compilation,3-4,2-3,"Spontaneous, unpredictable content",5,3,5,2,4,3,4,2,3,4,4,5,5,4,1,2,3,5,4,4,4,5,3,4,3,2020,No,Keep the lawls,,"Fart guy, Giig co-op games, first 1-2 hours of stream where he talks about random shit","FART content, more chill VOTV type games (and horror)",I love watching FL I'll watch any FL he does,pge4,,more myth collabs,Buggin,(old) Overwatch,Heat (1995),Radiohead,OK Computer - OKNOTOK,onion rings,
3/25/2025 1:42:04,25-32,"5'3"" to 5'6""",Under 125,High school / GED,Full time,$20k-$50k,North America,White,Female,Straight,Cisgender,Atheist / Agnostic,Liberal,Dating,Indiana (IN),,"Dog, Cat",A few times a month,,Yes,Yes,No,No,No,No,No,No,No,No,Yes,No,No,No,Yes,A few times a year,"Yes, I have VR",No,No,No,No,,1,League Daughter,No,Twitch Sidebar / Dashboard,No,Yes,Yes,"Desktop, Mobile",A few times a week,Lurker,No,No,No,Mentioned by another streamer,5-6,2-3,A healthy mix of both,5,4,1,1,2,4,4,4,3,3,2,2,2,3,3,2,1,4,5,3,3,4,1,3,3,2023,No,Change the name,Poke music / Poke twitch,"his humor, interactions with gigi, his collaborations with other streamers like the 4 horsemen",anything,i like all his music,tie between jerma and vinesauce,no preference,,,overwatch ;-;,,Hot Dad,,pepperoni pizza,
3/25/2025 1:42:37,19-24,"6' to 6'3""",175-224,Bachelor's,Part time,$50k-$100k,Australia,White,Male,Straight,Cisgender,Atheist / Agnostic,Centrist,Single,,,Dog,A few times a year,,No,No,No,No,No,No,No,No,No,No,No,No,No,No,Yes,A few times a year,"Yes, I have VR",No,No,No,No,,1,Weed Son,No,Chatterino / Offline chatting,Yes,Yes,Yes,"Desktop, Mobile, TV app",A few times a week,Seldom chatter,No,No,No,Streamer collab,3-4,2-3,A healthy mix of both,4,3,3,4,4,3,4,3,5,5,4,4,3,4,1,4,3,4,4,4,4,5,1,2,1,2020,I dont care,Keep the lawls,,"random just chatting stuff, variety gaming, interacting with his chat and cozy streams",horror games,"just keep experimenting fr, could do some electro pop idk",zoil or nymn,maybe more modded terraria always cozy,zoil,Alright,outer wildes,Amadeus ,bladee,cold visions or crest ,pizza ,
3/25/2025 1:42:53,19-24,"5'7"" to 5'11""",125-174,Bachelor's,Full time,$100k+,North America,White,Male,Straight,Cisgender,Christian,Conservative,Single,Texas (TX),,Cat,Tried and quit,,Yes,Yes,No,No,No,No,No,No,No,No,No,No,No,No,Yes,A few times a month,"Yes, I have VR. Poke contributed",No,No,No,No,,1,Weed Son,Normal sub,Twitch Sidebar / Dashboard,No,Yes,Yes,"Desktop, Mobile, TV app",Every stream,Seldom chatter,No,"Yes, but not active",No,Youtube recommended / clip compilation,7-8,2-3,A healthy mix of both,3,4,4,2,3,2,5,5,4,4,5,5,4,3,3,5,4,5,5,4,4,5,1,1,2,2019,I dont care,Keep the lawls,Poke music / Pokelawls twitch,Entertaining personality,Variety/games with friends,Keep doin what he doin,New FaZe currently,,,,Destiny,Balde Runner 2049,,,,
3/25/2025 1:42:57,19-24,"5'7"" to 5'11""",175-224,Bachelor's,"Student, not working",Less than $20k,North America,White,Male,Straight,Cisgender,Atheist / Agnostic,Apolitical,Single,Wisconsin (WI),,Cat,A few times a month,,Yes,Yes,No,No,No,No,No,No,Yes,No,Yes,No,No,Yes,Yes,A few times a year,"Yes, I have VR. Poke contributed",No,No,Balding,No,,1,Weed Son,Prime subbed,Twitch Sidebar / Dashboard,No,Yes,Yes,"Desktop, Mobile",Every stream,Lurker,No,"Yes, but not active",No,Twitch game categories,11+,2-3,A healthy mix of both,3,4,4,4,4,4,3,2,4,5,3,5,4,4,1,2,4,4,4,4,4,4,1,1,5,2018,I dont care,Keep the lawls,Poke music / Pokelawls twitch,,,,,,,,,,,,,
3/25/2025 1:43:04,25-32,"5'7"" to 5'11""",175-224,Associates / Trade,Full time,$50k-$100k,North America,Multiethnic,Male,Straight,,,,Dating,Oregon (OR),,Snake,Always,,No,No,No,No,Yes,No,No,No,No,No,No,No,Yes,No,Yes,A few times a month,No VR,No,No,No,No,,1,Weed Son,No,Discord notications,No,Yes,Yes,"Desktop, Mobile, TV app",A few times a week,Seldom chatter,No,"Yes, but not active",No,"Word of mouth, from a friend",3-4,2-3,A healthy mix of both,5,5,5,5,5,5,5,5,5,5,5,5,5,5,5,5,5,5,5,5,5,5,1,1,5,2017,No,Change the name,,i enjoy when poke is having a good time,"anything thats fun that you enjoy, im here for the personality",you taste fyre most the time but regardless experimentation is important and pigeon holing can limit creativity. i personally do not like the idea of genres on a philosophical level because of the psychological pressure it can put on artists to fit a mold,"dizzy, smoke, laxhawthorne",anything that you find fun even if chat thinks its boring. complainers dont even leave when they bithc,anyone is cool,i refuse to dox myself ,titanfall 2,,"punk Agent Orange, country Dwight Yoakam",The Long Dark Blue - Swain / Green Twins - Nick Hackim,sushi,
3/25/2025 1:43:30,19-24,"5'7"" to 5'11""",125-174,Some college,Full time,$20k-$50k,North America,White,Male,Bisexual / Pansexual,Cisgender,Atheist / Agnostic,Liberal,Single,California (CA),,No pets,Always,,No,No,Yes,Yes,Yes,Yes,No,No,Yes,No,Yes,No,No,No,Yes,A few times a week,"Yes, I have VR. Poke contributed",No,No,Balding,No,,1,Weed Son,Normal sub,"Twitch Sidebar / Dashboard, Mobile Notifications, Chatterino / Offline chatting",Yes,Yes,Yes,"Desktop, Mobile, TV app",Every stream,Seldom chatter,Yes,"Yes, but not active",No,Twitch recommended,5-6,2-3,A healthy mix of both,5,,3,3,3,3,5,2,5,5,2,5,5,2,1,5,2,4,4,1,1,1,1,1,1,2019,No,Change the name,Poke music / Poke twitch,his humor and commentary. i love the chat and all the offline frogs. i like that pokes stream is him just using his pc. nothing is serious or relying on other people. pure good vibes! pokeL,the same content he always does. chill just chatting then get stunlocked for 3 hours then game or music or whatever.,i love all his music! just stop with the gay bars cuz i wanna blast this shit in the car and not get weird looks.,faze adapt,schedule 1,faze adapt,TriHard,Fortnite,The Sandlot,"Tyler, The Creator",Chromakopia,Pizza,remove the race/ethnicity shit
3/25/2025 1:43:34,25-32,"5'7"" to 5'11""",175-224,Bachelor's,Full time,$100k+,North America,White,Male,Straight,Cisgender,Christian,Apolitical,Single,Illinois (IL),,Dog,Never tried it,,Yes,Yes,Yes,No,Yes,No,No,No,No,No,Yes,No,Yes,No,Yes,A few times a week,"Yes, I have VR",No,No,No,Veteran,,1,League Daughter,Normal sub,"Discord notications, Chatterino / Offline chatting",Yes,Yes,Yes,"Desktop, Laptop, Mobile, TV app",A few times a week,Active chatter,Yes,"Yes, but not active",No,Twitch game categories,1-2,2-3,A healthy mix of both,5,5,5,3,5,2,5,5,5,5,5,5,5,1,4,5,5,5,5,5,5,5,1,1,5,2018,I dont care,I don't care,I don't care,"Making beats, any game but deadlock or overwatch",Voices,Literally anything but the brain rot react streams ,itswill,voices,"anyone tbh, he says he needs friends",jorkin,runescape ,me earl and the dying girl,title fight,colourmeinkindness - basement,my homemade biscuits and gravy ,Bring back piss guy
3/25/2025 1:43:34,19-24,"5'7"" to 5'11""",125-174,Some college,"Student, not working",Less than $20k,North America,White,Male,Straight,,Atheist / Agnostic,Liberal,Dating,Georgia (GA),,"Dog, Cat",A few times a month,,Yes,No,Yes,Yes,Yes,No,No,No,No,No,Yes,No,No,No,Yes,A few times a month,"Yes, I have VR. Poke contributed",No,"Yes, Poke was a reason",No,No,,3,Weed Son,Prime subbed,"Twitch Sidebar / Dashboard, Discord notications",Yes,Yes,Dont care,"Desktop, Mobile",Every stream,Seldom chatter,No,"Yes, but not active",No,Mentioned by another streamer,3-4,2-3,A healthy mix of both,,,,,,,,,,,,,,,,,,,,,,,,,,2018,I dont care,Keep the lawls,,The chill aspect and comedy aspect,,"I feel like getting into some kinds of electronic music would be interesting, Producing somethign that he has never done like dubstep or somethign could be cool",cyr,"Not sure nothing comes to mind, just play things that he wants to and ill watch",Seeing  a stream where Simply and Poke make beats and rap together could be cool we always see them amking music together off stream bringing it on steam would be content to watch ,aga,Fire Emblem ,Akira,Bladee,Nurture - Porter Robinson,Eel sushi,
3/25/2025 1:43:37,19-24,"6' to 6'3""",125-174,Bachelor's,"Student, not working",Less than $20k,North America,Hispanic / Latino,Male,Bisexual / Pansexual,,Other,Liberal,Single,"US territories (Guam, Puerto Rico, etc)",,Dog,Tried and quit,,No,Yes,Yes,No,No,No,No,No,No,No,No,No,No,No,Yes,A few times a month,No VR,No,No,No,No,,2,Weed Son,No,Twitch Sidebar / Dashboard,No,Yes,Yes,"Desktop, Laptop, Mobile, Tablet",Every stream,Lurker,No,No,No,Mentioned by another streamer,9-10,4-6,A healthy mix of both,5,5,4,3,3,5,3,1,5,5,1,1,5,5,3,1,5,5,5,5,5,5,1,5,5,2017,Yes,I don't care,,"His personality, hes very funny ",Collabs with other streams/artists,House or edm type music,Xqc,Marvel rivals ,Boy max guy ,Any ome flight emote,Destiny ,Interstellar,Future,THE WZRD FUTURE ,Chicken lo mein ,No
3/25/2025 1:43:39,16-18,"6' to 6'3""",125-174,Some highschool,Unemployed,Less than $20k,North America,White,Male,Questioning,Cisgender,Atheist / Agnostic,Socialist,Single,Utah (UT),,Dog,A few times a day,,Yes,Yes,Yes,No,No,No,No,No,No,No,No,No,No,No,No,A few times a year,"Yes, I have VR. Poke contributed",No,No,No,No,,1,Weed Son,Gifted sub,Mobile Notifications,No,Yes,Yes,"Desktop, Mobile, TV app",Every stream,Lurker,No,"Yes, but not active","Yes, but not active",Streamer collab,3-4,1,A healthy mix of both,4,5,2,4,5,5,5,2,5,5,4,2,3,2,2,5,2,2,3,4,2,5,1,1,1,2018,I dont care,Change the name,,I like when Poke reacts and riffs on what is happening. ,Gta rp and more IRL content.,Indie,Plaqueboymax ,Project Zomboid ,Plaqueboymax ,aga,Batman: Arkham City,Scanners,Radiohead,In Rainbows ,Fried Rice,"Favorite genre, favorite tv show, and more random questions."
3/25/2025 1:43:47,19-24,"5'7"" to 5'11""",225-274,Some college,Full time,$20k-$50k,North America,Hispanic / Latino,Male,Straight,,Other,Centrist,Single,Illinois (IL),,"Dog, Lizard / Reptile / Dragon",A few times a month,,Yes,Yes,No,No,No,No,No,No,No,No,No,No,No,No,Learners permit,A few times a month,"Yes, I have VR",No,No,No,No,,2,Weed Son,Normal sub,,Yes,Yes,Yes,"Desktop, Mobile, TV app",Every stream,Active chatter,No,"Yes, but not active",No,Youtube recommended / clip compilation,11+,2-3,A healthy mix of both,3,5,3,3,3,3,4,4,4,5,2,4,5,5,3,1,5,5,5,3,5,5,1,3,3,2017,I dont care,Change the name,,EVERYTHING I THINK HES A JACK OF MANY TRADES ,MORE GAMING,I COOL WITH HIM EXPERIMENTING ,"XQC,TYLER1",,,GLORPS ,DARK SOULS 3,,,,TACOS,
3/25/2025 1:44:11,25-32,"6' to 6'3""",125-174,Some college,Unemployed,$20k-$50k,Europe,White,Male,Straight,,Atheist / Agnostic,Socialist,Single,,Germany,No pets,A few times a day,,Yes,Yes,No,No,No,No,No,No,No,No,No,No,No,No,No,A few times a year,"Yes, I have VR",No,No,No,No,,3,,No,"Twitch Sidebar / Dashboard, Mobile Notifications",No,Yes,Dont care,"Desktop, Mobile",A few times a week,Seldom chatter,No,No,No,Streamer collab,9-10,7+,A healthy mix of both,5,4,4,4,3,2,5,3,3,3,3,3,4,3,3,3,3,3,3,3,3,3,1,1,3,2019,I dont care,Change the name,Poke music / Poke twitch,Poke is just funny,Just do what you feel like,Just do what you feel like,roflgator,New releases and whatever he feels like doing,I dont care,"OMEGALUL, om",Runescape,iRobot,xxxtentaction,Indigoism,Pizza,
3/25/2025 1:44:18,19-24,"5'7"" to 5'11""",125-174,Bachelor's,Part time,Less than $20k,North America,White,Male,Straight,Cisgender,Christian,Apolitical,Single,Missouri (MO),,"Dog, Cat",A few times a day,,No,Yes,No,No,No,No,No,No,No,No,No,No,No,No,Yes,Never,No VR,No,No,No,No,,1,Weed Son,No,"Twitch Sidebar / Dashboard, Chatterino / Offline chatting",No,Yes,Dont care,"Laptop, Mobile",Every stream,Active chatter,No,No,No,Youtube recommended / clip compilation,5-6,2-3,A healthy mix of both,4,5,5,4,1,4,5,3,4,4,2,4,5,1,4,3,1,4,5,2,4,1,1,2,1,2024,I dont care,I don't care,,Poke,more sponsors,,Zoil,Sims 4,Dizzy,Buggin,CSGO,The Crow (1994),Title Fight,Louder Now (Duluxe Edition),Chicken and Rice,
3/25/2025 1:44:19,19-24,"5'7"" to 5'11""",175-224,Some college,"Student, not working",Less than $20k,North America,White,Male,Other,Cisgender,Atheist / Agnostic,Socialist,Single,Massachusetts (MA),,Dog,A few times a month,,No,No,No,No,No,No,No,No,No,No,No,No,No,No,Yes,A few times a year,No VR,No,No,No,No,,1,League Daughter,No,Twitch Sidebar / Dashboard,No,Yes,Dont care,"Desktop, Laptop",A few times a month,Lurker,No,No,No,Streamer collab,Less than one,2-3,A healthy mix of both,5,2,2,1,2,3,5,3,2,2,3,3,2,2,1,1,2,3,3,2,2,4,3,3,1,2024,I dont care,I don't care,I don't care,Chill vibes with occasional outbursts,,,Jerma985,Schedule 1,Joe Biden,,Disco Elysium,Possession (1981),Jane Remover,Frailty - Jane Remover,idk,
3/25/2025 1:44:29,25-32,"5'7"" to 5'11""",225-274,Some college,Unemployed,Less than $20k,North America,Hispanic / Latino,Male,Bisexual / Pansexual,Cisgender,Atheist / Agnostic,Socialist,Single,Texas (TX),,Dog,A few times a year,,Yes,Yes,No,No,No,No,No,No,No,No,Yes,No,No,No,No,Never,No VR,No,No,No,No,,1,League Daughter,Prime subbed,"Mobile Notifications, Discord notications",No,Yes,Yes,"Desktop, Mobile",Every stream,Active chatter,No,"Yes, but not active",No,Twitch game categories,11+,4-6,A healthy mix of both,4,4,5,2,4,1,5,3,5,1,3,5,5,5,1,3,3,5,5,4,5,3,3,3,2,2020,I dont care,Change the name,Poke music / Poke twitch,new game exploring,music reviews,,adapt,,,LOL,terraria,love exposure,lights,exo obsession,chicken alfredo,more personal gaming questions
3/25/2025 1:44:39,33-39,"5'7"" to 5'11""",175-224,Bachelor's,Full time,$100k+,North America,Multiethnic,Male,Bisexual / Pansexual,Cisgender,Other,Centrist,Dating,California (CA),,No pets,Always,,No,No,No,No,No,No,No,No,No,No,Yes,No,Yes,No,Yes,A few times a year,No VR,No,No,No,No,,1,Weed Son,Normal sub,"Twitch Sidebar / Dashboard, Email notifications, Chatterino / Offline chatting",Yes,Yes,Yes,"Desktop, Laptop, Mobile",A few times a week,Seldom chatter,No,"Yes, but not active",No,Streamer collab,7-8,4-6,A healthy mix of both,3,3,3,4,4,4,4,3,5,5,5,5,4,2,1,1,1,4,4,3,5,4,2,2,1,2021,I dont care,I don't care,,Gay Weed,Gay Weed,,voldemort,anything but league or ow plaese,agent00 and shroud,pokespin,ark: survival evolved,tropic thunder,pokelawls,vitalogy,peant butter,
3/25/2025 1:45:14,25-32,"5'7"" to 5'11""",225-274,Some college,Full time,$50k-$100k,North America,White,Male,Straight,Cisgender,Atheist / Agnostic,Socialist,Single,Minnesota (MN),,No pets,A few times a day,,Yes,Yes,No,No,No,No,No,No,No,No,No,No,No,No,Yes,A few times a week,"Yes, I have VR. Poke contributed",No,No,No,No,,1,League Daughter,No,"Twitch Sidebar / Dashboard, Mobile Notifications, Chatterino / Offline chatting",Yes,Yes,No,"Desktop, Mobile",A few times a week,Lurker,No,No,No,Streamer collab,11+,7+,A healthy mix of both,3,4,5,3,3,5,4,3,4,5,4,3,5,2,2,5,2,3,4,2,2,3,4,5,1,2019,No,Change the name,,"Poke is funny, variety gaming and short form content are great, IRL as well","IRL, Variety gaming",,Paymoneywubby,GTA 6,Paymoneywubby,KEKW,Runescape,,Kendrick,Man on the moon 2,Tacos,
3/25/2025 1:45:15,25-32,"6'4""+",175-224,Some college,Full time,$20k-$50k,North America,White,Male,Other,Cisgender,Atheist / Agnostic,Liberal,Divorced,Colorado (CO),,Cat,Tried and quit,,No,No,Yes,Yes,Yes,Yes,Yes,Yes,Yes,Yes,Yes,Yes,Yes,Yes,Yes,A few times a week,"Yes, I have VR",No,No,No,No,,1,Weed Son,Normal sub,"Twitch Sidebar / Dashboard, Mobile Notifications, Chatterino / Offline chatting",No,Yes,Yes,"Desktop, Laptop, Mobile, TV app",Every stream,Seldom chatter,No,No,No,Youtube recommended / clip compilation,11+,2-3,A healthy mix of both,5,4,2,2,3,2,4,3,3,4,3,4,3,3,3,4,3,5,5,4,4,5,2,3,1,2022,I dont care,I don't care,,When he goes live.,I watch Poek do anything. Love watching him play sandbox games like VoTV.,,Itswill,Can't decide.,,aga,Diablo 2 by nostalgia. Factorio by playtime,Lord of the Rings trilogy,,,Pizza,"No critiques from me. Good job, guards."
3/25/2025 1:45:33,16-18,"5'7"" to 5'11""",125-174,High school / GED,"Student, not working",Less than $20k,North America,Hispanic / Latino,Male,Bisexual / Pansexual,,Other,Conservative,Divorced,California (CA),,Spider,Never tried it,,No,No,No,Yes,Yes,No,No,No,No,No,No,No,No,No,No,A few times a year,No VR,No,No,No,No,,1,League Daughter,No,"Twitch Sidebar / Dashboard, Mobile Notifications, Chatterino / Offline chatting",Yes,Yes,Dont care,"Desktop, Laptop, Mobile, TV app",Every stream,Lurker,No,No,No,Mentioned by another streamer,5-6,1,"Spontaneous, unpredictable content",5,3,3,5,4,2,2,5,3,3,2,3,2,1,1,1,1,4,4,5,4,5,1,1,1,2018,I dont care,Change the name,,chat,buh,jungle,erob,mgs1 and silent hill 3,Teresa Larzelere,LMFAOO ,all animal crossing games,No Country For Old Men,LUCKI,Freewave 3,Mole - mexican poop plate,lo
3/25/2025 1:45:59,19-24,"6' to 6'3""",175-224,Master's,Unemployed,$20k-$50k,North America,White,Male,Straight,Cisgender,Christian,Socialist,Single,Michigan (MI),,No pets,Once a day,,Yes,No,No,No,No,No,No,No,No,No,No,No,No,No,Yes,Never,No VR,No,No,No,No,,1,Weed Son,Gifted sub,Twitch Sidebar / Dashboard,No,Yes,Yes,"Desktop, Mobile",Every stream,Lurker,No,No,No,Streamer collab,3-4,2-3,"Spontaneous, unpredictable content",5,4,3,5,5,2,5,2,3,4,2,5,5,4,1,5,2,5,5,4,3,2,4,4,2,2019,I dont care,Keep the lawls,,"The laughs, nobody makes me laugh as much as pokelawls. ","Grand Theft Auto Role Play, Purple Role Play is a good server that's focused on fun instead of making money.",Random games on steam,SpaceBoy,GTA6,More Myth,Ogre,Star Wars Pod Racing N64,The Martian,The Strokes,In Rainbows (Radio Head),Seamsame Chicken w/White Rice,
3/25/2025 1:46:48,19-24,"6' to 6'3""",125-174,Some college,Unemployed,Less than $20k,North America,White,Male,Straight,,Atheist / Agnostic,Conservative,Single,Texas (TX),,"Dog, Cat",Always,,Yes,Yes,No,No,No,No,No,No,No,No,No,Yes,No,No,Yes,Never,"Yes, I have VR",No,No,No,No,,1,Weed Son,Prime subbed,"Twitch Sidebar / Dashboard, Discord notications",Yes,Yes,Dont care,Desktop,Every stream,Active chatter,No,"Yes, but not active",No,Mentioned by another streamer,3-4,2-3,"Spontaneous, unpredictable content",4,5,4,5,3,5,4,3,5,4,1,2,4,3,1,2,2,4,5,4,3,5,2,2,1,2018,I dont care,Change the name,Poke music / Poke twitch,poek,irl,,adapt,zomboid,"pbm, peaks",owoSpin,csgo,,bones,,,aga
3/25/2025 1:47:27,19-24,"6' to 6'3""",125-174,High school / GED,Unemployed,Less than $20k,North America,White,Male,Straight,Cisgender,Other,Liberal,Single,Arizona (AZ),,Dog,Always,,Yes,Yes,No,No,No,No,No,No,No,No,No,No,No,No,Yes,Never,No VR,No,No,No,No,,1,Weed Son,Prime subbed,Twitch Sidebar / Dashboard,No,Yes,Yes,"Desktop, Mobile",Every stream,Active chatter,No,No,No,Streamer collab,11+,2-3,"Spontaneous, unpredictable content",5,5,5,5,5,5,5,5,5,5,5,5,5,5,5,5,5,5,5,5,5,5,5,5,5,2016 or earlier,I dont care,I don't care,,When he does the farts,More fart content,Yes more farts,fartguy12,7 days again,fartguy12 would be epic yuh,1G,The Division Darkzone pvp,The Darjeeling Limited,always changes but CARTI,Life Of Pierre 4 Deluxe,Carne Asada,Fiddy shit long asf yo ts pmo
3/25/2025 1:47:27,19-24,"6' to 6'3""",275-324,Bachelor's,Part time,Less than $20k,North America,White,Male,Straight,Cisgender,Atheist / Agnostic,Liberal,Single,Missouri (MO),Other,Cat,Tried and quit,,Yes,No,Yes,No,Yes,No,No,No,No,No,No,No,No,No,Yes,Never,"Yes, I have VR",No,No,No,No,,1,League Daughter,Normal sub,"Twitch Sidebar / Dashboard, Mobile Notifications",No,Yes,Yes,Desktop,Every stream,Seldom chatter,No,No,No,Youtube recommended / clip compilation,3-4,1,A healthy mix of both,5,4,5,4,3,4,4,1,4,4,1,2,4,3,1,2,3,3,5,3,3,4,1,1,4,2017,Yes,Change the name,,humor and vibes,coop and tiktok/reels ,"edm, electronic, house","dizzy, squeex",abiotic factor ,"neff, masayoshi, squeex",zazaglorp,Outer Wilds,Spiderman into the multiverse,na,na,katsu,
3/25/2025 1:47:43,19-24,"6' to 6'3""",125-174,High school / GED,Unemployed,Less than $20k,North America,Asian / Pacific Islander,Male,Bisexual / Pansexual,Cisgender,Atheist / Agnostic,Socialist,Single,Canada,,No pets,Always,,Yes,No,No,No,Yes,No,No,No,No,No,Yes,No,No,No,Yes,A few times a year,No VR,No,No,No,No,,2,Weed Son,Gifted sub,"Twitch Sidebar / Dashboard, Chatterino / Offline chatting",Yes,Yes,Yes,"Desktop, Mobile",Every stream,Active chatter,No,"Yes, but not active",No,Twitch recommended,3-4,4-6,A healthy mix of both,4,3,3,3,5,5,4,2,5,5,1,3,4,1,1,1,2,3,4,5,5,4,3,4,4,2017,I dont care,Keep the lawls,Poke music / Pokelawls twitch,Intro,IRL,Rap / Dance,Hasanabi,VRChat,Jerma,Heisenberj,Pokemon Platinum,2001 Space Odyssey,Nujabes,Modal Soul,sushi,
3/25/2025 1:48:09,16-18,"6' to 6'3""",125-174,Some highschool,Unemployed,$20k-$50k,North America,Native / Indigenous,Male,Bisexual / Pansexual,Cisgender,Atheist / Agnostic,Liberal,Single,California (CA),,Dog,A few times a month,,Yes,No,Yes,No,No,No,No,No,No,No,No,No,No,No,No,Never,No VR,"Yes, Poke was a reason","Yes, Poke was a reason",No,No,,1,Weed Son,Prime subbed,Mobile Notifications,No,Yes,Yes,"Desktop, Mobile",Every stream,Active chatter,No,No,No,Mentioned by another streamer,1-2,2-3,Planned events with set schedules,4,4,4,4,4,3,5,1,5,5,2,4,2,4,2,5,3,5,5,5,5,5,1,2,5,2022,I dont care,Keep the lawls,I don't care,fart more,more farts aga,hes good rn,jerma idk,outlast trials,elon,aga,outer wilds,pixels,jeff buck- oh! uhh... heh carti ofc! waga,because the internet ,sushi,
3/25/2025 1:49:31,19-24,"6' to 6'3""",125-174,Bachelor's,Full time,$50k-$100k,North America,Hispanic / Latino,Male,Bisexual / Pansexual,Cisgender,Atheist / Agnostic,Socialist,Single,Georgia (GA),,"Dog, Cat",A few times a month,,No,No,No,No,No,No,No,No,No,No,No,No,No,No,Yes,A few times a year,"Yes, I have VR. Poke contributed",Yes,Yes,No,No,,2,Weed Son,Prime subbed,"Mobile Notifications, Discord notications",Yes,Yes,Dont care,"Desktop, Mobile",A few times a week,Lurker,No,"Yes, but not active",No,Youtube recommended / clip compilation,1-2,None most days,A healthy mix of both,3,5,4,5,4,4,5,4,5,4,4,4,3,1,1,5,3,4,5,4,3,5,3,3,1,2018,I dont care,I don't care,,"The comedy, the funniest streamer in any situation. Poke, you are hilarious! 😂","More variety gaming in general, I personally get bored easily of the addiction streams where there's just one game for a week straight",I think it would be cool to see him go into sound design and get into self-producing.,jasontheween,My Summer Car,"The Four Horseman are always incredible - Jerma985, Vinesauce, Ster",buh,Factorio,Parasite,Mk.gee,Two Star & The Dream Police - Mk.gee,Cheddar Jalapeno Cheetos,
3/25/2025 1:49:42,25-32,"6' to 6'3""",125-174,High school / GED,Part time,Less than $20k,North America,White,Male,Bisexual / Pansexual,Cisgender,Christian,Centrist,Single,West Virginia (WV),,"Dog, Cat",Always,,Yes,Yes,Yes,No,No,No,No,No,No,No,Yes,Yes,Yes,No,Learners permit,A few times a year,"Yes, I have VR",No,No,No,No,,1,Weed Son,Prime subbed,"Mobile Notifications, Discord notications",Yes,Yes,Yes,"Desktop, Mobile",Every stream,Seldom chatter,No,"Yes, but not active",No,Twitch recommended,11+,2-3,A healthy mix of both,4,4,2,4,3,5,5,3,5,5,3,4,5,2,3,4,2,4,5,3,5,3,1,5,3,2020,Yes,Change the name,Poke music / Poke twitch,"humor, music, INNOVATION ","music, irl","keep up with that new synth stacking shit i think LMAO, and club bangers go hard",i sitll watch x ,please play metal gear,"would be sick to see old friends again but, u got a good thing going w the horsemen",waa ,metal gear ,interstellar ,uzi,brat,pizza,
3/25/2025 1:50:06,19-24,"6' to 6'3""",125-174,Bachelor's,"Student, not working",Less than $20k,Australia,White,Male,Straight,Cisgender,Atheist / Agnostic,Socialist,Single,,,Dog,A few times a year,,Yes,No,No,No,No,No,No,No,No,No,No,No,No,No,Learners permit,A few times a week,No VR,No,No,Balding,No,,1,Weed Son,No,Twitch Sidebar / Dashboard,No,Yes,Yes,Desktop,A few times a week,Seldom chatter,No,No,No,Streamer collab,3-4,2-3,"Spontaneous, unpredictable content",5,4,4,3,3,3,4,2,4,5,2,2,5,4,1,2,4,4,4,4,4,2,3,3,2,2020,No,Keep the lawls,Pokelawls music / Pokelawls twitch,The vibes,Music and sim racing,good music,Ludwig,iRacing,Obama,Cinema,Red Dead Redemption 2,Eternal Sunshine of the Spotless Mind,Young Thug,Yeezus,Pasta,
3/25/2025 1:50:51,19-24,"6'4""+",325+,High school / GED,"Student, not working",Less than $20k,North America,White,Male,Bisexual / Pansexual,Cisgender,Other,Socialist,Single,Canada,,Cat,Tried and quit,,Yes,No,No,No,No,No,No,No,No,No,No,No,No,No,Yes,A few times a week,No VR,No,No,No,No,,1,Weed Son,Normal sub,"Twitch Sidebar / Dashboard, Discord notications",Yes,Yes,Yes,"Desktop, Mobile",A few times a week,Seldom chatter,No,"Yes, but not active","Yes, but not active",Youtube recommended / clip compilation,3-4,2-3,A healthy mix of both,4,5,5,3,4,2,5,1,2,4,5,5,5,5,1,5,5,5,5,5,5,2,2,3,1,2023,I dont care,I don't care,Poke music / Pokelawls twitch,"His frankness, taste in music, and humour. Tech of course ","Reactions, Reddit, unboxings, and Vlogs on his youtube",I love it all,The channels that stream show like family guy and south park,"Minecraft, Roblox, Grand Theft Auto, FiveM, Counter Strike 2, Garry's mod",,SEXO,Skate 3,Pianist,Lucki,aphex twin selected ambient works,Pizza,
3/25/2025 1:50:58,19-24,"6' to 6'3""",175-224,Some college,Full time,$20k-$50k,North America,White,Male,Straight,Cisgender,Atheist / Agnostic,Liberal,Single,Florida (FL),,"Dog, Cat",Tried and quit,,No,No,No,No,No,No,No,No,No,No,No,No,No,No,Yes,A few times a year,No VR,"Yes, Poke was a reason","Yes, Poke was a reason",Balding,No,,1,Weed Son,Prime subbed,Mobile Notifications,No,Yes,No,"Desktop, Mobile",Every stream,Lurker,No,"Yes, but not active",No,Twitch recommended,1-2,2-3,A healthy mix of both,,,,,,,,,,,,,,,,,,,,,,,,,,2019,I dont care,Change the name,Poke music / Poke twitch,,,,,,,,,,,,,
3/25/2025 1:51:35,25-32,"5'7"" to 5'11""",125-174,High school / GED,Unemployed,Less than $20k,North America,White,Male,Straight,Cisgender,Other,Socialist,Dating,Texas (TX),,"Dog, Cat",A few times a month,,Yes,Yes,Yes,Yes,Yes,No,No,No,No,No,Yes,No,No,No,Yes,A few times a year,No VR,No,No,No,No,,1,Weed Son,No,"Twitch Sidebar / Dashboard, Discord notications",Yes,Yes,Yes,"Desktop, Laptop, Mobile, TV app",Every stream,Seldom chatter,No,No,No,Streamer collab,1-2,2-3,A healthy mix of both,5,4,4,3,2,4,4,5,4,5,1,4,3,2,3,2,2,5,5,5,4,5,2,3,3,2018,I dont care,Change the name,,poke. he is funny,him just streaming idc what,Electronic music,jerma,some type of horror game or darksouls ,lil wayne ,LOL or LO maybe catspin,thug pro,Mikey and Nicky,celtic frost or aphex twin ,Selected Ambient Works Volume II,pizza or eggs idk,
3/25/2025 1:52:23,25-32,"5'7"" to 5'11""",175-224,Associates / Trade,Unemployed,$50k-$100k,North America,White,Male,Bisexual / Pansexual,Cisgender,Atheist / Agnostic,Apolitical,Single,Ohio (OH),,"Dog, Pacman frog",Once a day,,Yes,Yes,No,No,Yes,No,No,No,No,No,No,No,No,No,Yes,A few times a month,"Yes, I have VR",No,No,No,Veteran,,2,Weed Son,Normal sub,"Twitch Sidebar / Dashboard, Mobile Notifications",No,Yes,Yes,"Desktop, Mobile",Every stream,Seldom chatter,Yes,No,No,Twitch recommended,7-8,2-3,A healthy mix of both,,,,,,,,,,,,,,,,,,,,,,,,,,,,,,,,,,,,,,,,,,
3/25/2025 1:52:57,19-24,"5'3"" to 5'6""",175-224,Some highschool,Self employed / 1099,Less than $20k,Europe,White,Male,Bisexual / Pansexual,,Atheist / Agnostic,Socialist,Engaged,,United Kingdom,No pets,A few times a month,,No,Yes,No,No,No,No,No,No,No,No,No,No,No,No,Learners permit,A few times a month,"Yes, I have VR. Poke contributed",No,No,No,No,,1,Weed Son,Prime subbed,"Twitch Sidebar / Dashboard, Mobile Notifications, Discord notications",No,Yes,Yes,"Desktop, TV app",Every stream,Seldom chatter,No,"Yes, but not active",No,Mentioned by another streamer,7-8,1,A healthy mix of both,4,3,3,4,2,3,5,4,5,4,1,5,4,4,1,2,1,5,5,3,3,5,2,2,1,2019,I dont care,Keep the lawls,I don't care,The chill vibes and find him funny ,irl,no,zoil,horror,idk,Shiza or any of the lil fellas,Last of us 1,John wick 1 ,Deftones,Around the fur,Pizza,
3/25/2025 1:53:27,25-32,"5'7"" to 5'11""",175-224,High school / GED,Unemployed,Less than $20k,North America,Native / Indigenous,Male,Straight,Cisgender,Christian,Apolitical,Single,Canada,,Cat,Tried and quit,,Yes,Yes,No,No,No,No,Yes,No,No,No,No,Yes,Yes,No,Yes,Never,No VR,No,Yes,No,No,,1,League Daughter,No,Chatterino / Offline chatting,No,Yes,Yes,Desktop,A few times a week,Active chatter,Yes,No,No,Mentioned by another streamer,1-2,1,"Spontaneous, unpredictable content",5,5,5,3,5,1,3,3,3,3,3,3,5,3,5,5,1,5,5,3,3,5,1,3,3,2021,Yes,Keep the lawls,Pokelawls music / Pokelawls twitch,his humor,more humor,digicore,none,Skyrim,none,buh2,Pokemon,none,none,none,pizza,"nana is the biggest fun police on twitch, no suggestions, just a statement"
3/25/2025 1:53:34,25-32,"5'7"" to 5'11""",225-274,Bachelor's,Unemployed,Less than $20k,South America,Hispanic / Latino,Male,Straight,Cisgender,Atheist / Agnostic,Socialist,Single,,,Cat,A few times a day,,Yes,Yes,No,No,No,No,No,No,No,No,No,No,No,No,No,A few times a month,No VR,No,No,No,No,,2,Weed Son,No,Discord notications,No,Yes,Yes,"Desktop, Mobile, TV app",A few times a week,Lurker,No,No,No,Host / Raid,1-2,2-3,A healthy mix of both,5,5,5,4,4,2,4,3,2,3,2,1,2,2,1,2,3,4,5,5,5,4,2,4,3,2016 or earlier,I dont care,Keep the lawls,Poke music / Pokelawls twitch,"Im always happy when i watch the stream, i love the community and poke´s jokes, also gigi","Variety, whatever, as long as its funny and everyone enjoys it",,IlloJuan,hunt,,,Portal 2,Climax,Sakanaction,DAMN.,shrooms risotto,
3/25/2025 1:53:50,19-24,"5'7"" to 5'11""",175-224,Bachelor's,Part time,Less than $20k,North America,Hispanic / Latino,Male,Straight,Cisgender,Atheist / Agnostic,Socialist,Single,Mexico,,No pets,A few times a year,,No,No,No,No,No,No,No,No,No,No,No,No,No,No,No,A few times a year,No VR,No,No,No,No,,2,Weed Son,No,Twitch Sidebar / Dashboard,No,Yes,Yes,"Desktop, Laptop",A few times a week,Active chatter,No,No,No,Mentioned by another streamer,7-8,4-6,A healthy mix of both,5,3,5,2,3,3,5,1,5,5,5,5,5,3,1,5,5,5,5,5,5,3,1,1,1,2021,Yes,I don't care,,Funny,Gaming,Any,Hasanabi,Variety,Anyone,ome,Minecraft,Men in black 3,WOS,Grace,Mole,pc components or console
3/25/2025 1:55:06,19-24,"5'7"" to 5'11""",125-174,Bachelor's,"Student, not working",Less than $20k,North America,White,Male,Bisexual / Pansexual,Cisgender,Islam,Liberal,Single,Arkansas (AR),,No pets,A few times a month,,Yes,No,Yes,No,Yes,No,No,No,No,No,Yes,No,No,No,Yes,A few times a month,"Yes, I have VR",No,No,No,No,,3,League Daughter,Prime subbed,"Twitch Sidebar / Dashboard, Mobile Notifications, Discord notications, Chatterino / Offline chatting",Yes,Yes,Yes,"Desktop, Laptop, Mobile",Every stream,Seldom chatter,No,"Yes, but not active",No,Youtube recommended / clip compilation,3-4,2-3,A healthy mix of both,5,3,3,4,5,4,4,2,2,2,2,4,2,2,1,5,3,3,3,4,4,3,1,1,2,2019,I dont care,Keep the lawls,Poke music / Pokelawls twitch,"The close-knit community. I love how we all have the same vibe and laugh together at the same things. My favorite streams is usually when Poke plays new, random, glitchy games, interacts with other streamers, or uses voice chat to troll kids in other games.","I'd watch any type of content, just more variety would be nice.","You know what, let's go back to hyperpop","I really don't think anyone else. I do watch some Jerma, Squeex, and maybe Mizkif","Engineering games like Kerbal Space Program, Besiege, Polybridge, Garry's mod, OpenTDD, etc.",Shroud,Pagman,Kerbal Space Program,Interstellar,Car Seat Headrest,Graduation,French Fries,<3
3/25/2025 1:55:33,25-32,"5'7"" to 5'11""",125-174,Some highschool,Unemployed,Less than $20k,Australia,White,Male,Straight,Cisgender,Atheist / Agnostic,Apolitical,Single,,,"Dog, Cat",Always,,Yes,Yes,No,No,No,No,No,No,No,No,No,No,No,No,No,Daily,No VR,No,No,No,No,,1,Weed Son,Gifted sub,"Twitch Sidebar / Dashboard, Email notifications, Chatterino / Offline chatting",No,Yes,Dont care,"Desktop, Laptop",Every stream,Lurker,No,No,No,Mentioned by another streamer,9-10,2-3,"Spontaneous, unpredictable content",5,5,5,5,3,3,3,3,3,5,5,1,4,4,2,1,3,3,3,3,3,3,3,5,5,2017,I dont care,Keep the lawls,I don't care,weed parasocialism ,whatever,.,.,gaming is dead,.,LO,guild wars 1,jackie brown,future,DS2,hard question,LO
3/25/2025 1:55:33,25-32,"6' to 6'3""",175-224,Some college,Full time,$50k-$100k,North America,White,Male,Straight,Cisgender,Christian,Centrist,Single,Colorado (CO),,Dog,Tried and quit,,Yes,Yes,No,No,Yes,No,No,No,No,No,No,No,No,No,Yes,A few times a year,No VR,No,No,No,No,,1,Weed Son,Prime subbed,"Mobile Notifications, Discord notications",No,Yes,Yes,"Desktop, Laptop, Mobile",Every stream,Seldom chatter,No,"Yes, but not active",No,Youtube recommended / clip compilation,3-4,1,A healthy mix of both,5,2,5,3,4,2,3,3,5,5,3,3,5,5,4,1,4,4,5,5,5,4,2,3,1,2018,I dont care,I don't care,Poke music / Pokelawls twitch,"Music creation, community games (bring back cum town). VR, assetto corsa, WOW phases are good yearly. Rougelikes. COD phase was too fun, old games",Waiting for the album in a stream content,All his music is fire. No specific genre I prefer over others,topanddome,"Session 1, assetto, cod, tony hawks underground","dizzy, cochise",omE,Tony Hawks Underground 1,Arrival,Future,HNDRXX,Thai food,
3/25/2025 1:55:37,19-24,"5'7"" to 5'11""",125-174,Some highschool,Unemployed,Less than $20k,Europe,White,Female,Gay / Lesbian,Transgender,Atheist / Agnostic,Liberal,Dating,,Germany,No pets,A few times a month,,Yes,No,No,No,No,No,No,No,No,No,No,No,No,No,No,A few times a year,No VR,Yes,No,No,No,,2,Weed Son,No,Twitch Sidebar / Dashboard,Yes,Yes,Yes,Desktop,A few times a month,Lurker,No,No,No,Streamer collab,3-4,2-3,A healthy mix of both,3,4,5,2,3,2,4,3,3,4,4,2,3,4,1,1,2,3,4,4,2,4,1,1,1,2020,I dont care,Keep the lawls,I don't care,,,,,,,,,,,,,
3/25/2025 1:55:59,25-32,"5'3"" to 5'6""",125-174,High school / GED,Unemployed,Less than $20k,North America,Hispanic / Latino,Male,Bisexual / Pansexual,Cisgender,Atheist / Agnostic,Centrist,Dating,California (CA),,Cat,Always,,Yes,No,No,No,No,No,No,No,No,No,No,No,No,No,No,Never,No VR,Yes,Yes,No,No,,1,Weed Son,No,Mobile Notifications,No,No,Yes,Mobile,Every stream,Lurker,No,No,No,Mentioned by another streamer,7-8,4-6,A healthy mix of both,4,5,3,4,3,4,5,5,1,5,5,5,4,5,5,4,3,5,5,3,5,5,1,1,5,2022,I dont care,I don't care,Poke music / Pokelawls twitch,Variety gaming with the gang,Grind a game doesn’t have to be a comp game just a game like wow,I like when he makes beats. ,xqc,Anything fun,Dizzy irl or faze,LOL ,Pokémon black 2,Jurassic park,CARTI,I AM MUSIC,Pizza,
3/25/2025 1:56:25,25-32,"5'3"" to 5'6""",125-174,High school / GED,Other,Less than $20k,North America,Hispanic / Latino,Male,Bisexual / Pansexual,Cisgender,Christian,Apolitical,Single,Texas (TX),Other,"Dog, Cat, Lizard / Reptile / Dragon",Always,,No,No,No,No,Yes,No,No,No,No,No,Yes,No,No,No,No,A few times a year,No VR,No,No,No,No,,2,Weed Son,No,Twitch Sidebar / Dashboard,No,Yes,Yes,"Desktop, Mobile, Tablet",Every stream,Active chatter,No,"Yes, but not active",No,Youtube recommended / clip compilation,11+,4-6,A healthy mix of both,3,4,4,3,3,4,3,3,5,5,3,3,4,4,1,4,3,4,4,3,3,3,3,3,3,2017,I dont care,I don't care,Poke music / Pokelawls twitch,Just his streaming is the funniest to watch,IRL,"i enjoy watching, i dont mind what he does ",Summit1G,Any game,Cochise,"OMEGALUL, agastoned, BANGER",Halo 3,Twister,$uicideBoy$,YIN YANG TAPES: Spring Season (1989-1990),Church's Texas Fried Chicken,aga
3/25/2025 1:56:27,25-32,"5'7"" to 5'11""",125-174,Bachelor's,Full time,$100k+,North America,Multiethnic,Male,Straight,Cisgender,Atheist / Agnostic,Liberal,Dating,California (CA),,Cat,A few times a day,,Yes,Yes,Yes,No,No,No,No,No,No,No,No,No,No,No,Yes,Never,No VR,No,No,No,No,,1,Weed Son,Prime subbed,Twitch Sidebar / Dashboard,No,Yes,Yes,Desktop,Every stream,Active chatter,No,No,No,Youtube recommended / clip compilation,3-4,2-3,A healthy mix of both,5,4,5,4,4,4,3,2,5,5,2,2,3,4,2,2,2,2,4,4,5,5,5,5,1,2016 or earlier,I dont care,Keep the lawls,I don't care,fart button shit makes me die laughing haha. Lol!,fart button,fart button,Jerma,fart button,Kitboga,aga,Warcraft 3,I AM MUSIC,fart button,fart button,el pastor burrito,more fart button
3/25/2025 1:56:41,25-32,"5'7"" to 5'11""",125-174,Some college,Unemployed,Less than $20k,North America,Hispanic / Latino,Male,Straight,Cisgender,Atheist / Agnostic,Liberal,Single,Texas (TX),,No pets,A few times a year,,Yes,No,Yes,No,Yes,No,No,No,No,No,Yes,No,Yes,No,Yes,Never,"Yes, I have VR",No,No,No,No,,1,Weed Son,No,Chatterino / Offline chatting,Yes,Yes,Yes,"Desktop, Mobile",A few times a week,Active chatter,Yes,"Yes, but not active",No,Twitch recommended,3-4,4-6,"Spontaneous, unpredictable content",3,3,4,4,5,5,3,4,5,5,2,2,3,3,1,3,2,4,5,4,5,5,2,3,1,2018,I dont care,I don't care,Poke music / Pokelawls twitch,"Funny Co-op content, or Irl streaming/collab","Funny Co-op content, or Irl streaming/collab",Cum Metal/Shoegaze,"Dizzy, Nymn",Destiny 2,Dizzy,Sludge,Destiny 2,Drive,Polyphia,Take me back to eden,Beef,Should have the option to put top 5 music artists/albums for wider stats.
3/25/2025 1:56:51,25-32,"5'7"" to 5'11""",125-174,Bachelor's,Full time,Less than $20k,Europe,White,Male,Straight,Cisgender,Atheist / Agnostic,Apolitical,Single,,Greece,Cat,Tried and quit,,Yes,,Yes,,Yes,,,Yes,Yes,,Yes,,,,Learners permit,A few times a month,"Yes, I have VR. Poke contributed",No,"Yes, Poke was a reason",Balding,Veteran,,5+,Weed Son,No,"Twitch Sidebar / Dashboard, Mobile Notifications, Email notifications, Discord notications",No,Yes,Yes,"Desktop, Mobile",Every stream,Active chatter,No,"Yes, but not active","Yes, but not active",Youtube recommended / clip compilation,7-8,2-3,A healthy mix of both,5,5,5,2,2,3,5,2,4,5,3,5,5,2,1,5,5,4,5,5,5,5,1,3,1,2016 or earlier,I dont care,Keep the lawls,Poke music / Pokelawls twitch,being hilarious and goofy,more vr and irl streams,no clue his music is fine for me,pokelawls,Dragons Dogma dark arisen ,forsen,uuhhguasdhasdhghuuuuhuubu ,Dark souls series prob or terraria,Howl's Moving Caslte or Akira,$uicideboy$,Gray/grey from $uicideboy$,"seafood, mostly sushi",Nanarama is the best mod give them a raise
3/25/2025 1:56:52,25-32,"5'7"" to 5'11""",175-224,Some college,Unemployed,Less than $20k,North America,White,Male,Straight,Cisgender,Atheist / Agnostic,Liberal,Single,California (CA),,"Dog, Cat",Always,,No,No,No,No,No,No,No,No,No,No,No,No,No,Yes,Yes,A few times a month,No VR,No,No,No,No,,1,Weed Son,Prime subbed,"Twitch Sidebar / Dashboard, Mobile Notifications, Discord notications, Chatterino / Offline chatting",Yes,Yes,Yes,"Desktop, Mobile",Every stream,Active chatter,Yes,"Yes, but not active",No,Twitch recommended,11+,7+,A healthy mix of both,5,4,5,3,3,3,4,4,4,5,3,5,3,3,3,5,5,5,5,3,3,5,1,1,1,2020,No,Change the name,,Fun games solo or co-op and actually finishing them :) ,"IRLs, solo & co-op story games","I'd love to see Poke experiment with more EDM subgenres trench, riddim, hardcore. hardstyle, ","Erobb, Nymn, Zoil",KDC2,Zoil ,catAsk,Jak and Daxter: The Precursor Legacy,The Big Lebowski,Subtronics ,FRACTALS ,Lasagna ,
3/25/2025 1:56:56,25-32,"5'7"" to 5'11""",175-224,High school / GED,Unemployed,Less than $20k,North America,White,Male,Straight,Cisgender,Atheist / Agnostic,,Single,California (CA),,No pets,Always,,Yes,Yes,No,No,No,No,No,No,No,No,No,No,No,No,Yes,Never,No VR,No,No,No,No,,1,League Daughter,No,Twitch Sidebar / Dashboard,No,Yes,Yes,"Desktop, Mobile, TV app",A few times a week,Lurker,No,No,No,Mentioned by another streamer,11+,7+,A healthy mix of both,4,3,3,3,3,3,4,4,3,4,3,3,2,3,3,3,3,3,3,3,3,3,2,3,3,2020,I dont care,Keep the lawls,I don't care,Puts a smile on my face and increases my mood if I have have a good or bad day. He’s entertaining and funny. ,I enjoy the variety a lot it’s cool to see him play with Gigi or other streamers. ,,,,,7tv,,,,,,
3/25/2025 1:57:24,33-39,"5'7"" to 5'11""",175-224,Associates / Trade,Part time,Less than $20k,North America,Hispanic / Latino,Male,Straight,Cisgender,Atheist / Agnostic,Liberal,Single,Texas (TX),,No pets,Never tried it,,Yes,Yes,No,No,No,No,No,No,No,No,Yes,No,No,No,Yes,A few times a year,"Yes, I have VR",No,No,No,No,,1,Weed Son,No,Twitch Sidebar / Dashboard,No,Yes,Dont care,"Desktop, Mobile",Every stream,Active chatter,No,"Yes, but not active",No,,11+,4-6,A healthy mix of both,3,3,2,2,3,3,5,5,3,3,2,2,3,2,3,1,3,4,4,3,4,5,1,2,1,2018,Yes,I don't care,I don't care,,Variety,,Jerma985,Horror,Sodapoppin,Buggin,,,,,Sushi,
3/25/2025 1:58:02,25-32,"5'7"" to 5'11""",175-224,Bachelor's,Full time,$50k-$100k,Australia,White,Gender Fluid,Bisexual / Pansexual,Cisgender,Atheist / Agnostic,Liberal,Single,,,Cat,A few times a week,,Yes,Yes,No,No,No,No,No,No,No,No,No,No,No,No,Revoked / Suspended,A few times a month,"Yes, I have VR",No,"Yes, Poke was a reason",No,No,,2,Weed Son,Normal sub,"Twitch Sidebar / Dashboard, Mobile Notifications, Discord notications",Yes,Yes,Yes,"Desktop, Laptop, Mobile, Tablet",Every stream,Lurker,No,"Yes, but not active",No,Streamer collab,3-4,1,A healthy mix of both,4,2,2,2,2,4,5,5,4,4,4,4,5,5,1,5,5,5,5,5,5,5,1,1,2,2023,No,Change the name,Poke music / Poke twitch,Funny person - gaming mostly,gaming/music,anything as long as streamer is having fun,Jerma985,Any Horror game (pussy),4 Horseman,LO,Resident Evil (all of them),Scott Pilgrim (dont watch movies),Yameii,Unknown Memory - Yung Lean,Curry,no suggestions - but love you poke <3
3/25/2025 1:58:10,25-32,"5'7"" to 5'11""",125-174,Associates / Trade,Part time,$20k-$50k,North America,Hispanic / Latino,Male,Bisexual / Pansexual,Cisgender,Buddhism,Liberal,Single,California (CA),,Dog,Once a day,,Yes,Yes,Yes,No,No,No,Yes,No,No,No,Yes,No,No,Yes,Yes,A few times a year,"Yes, I have VR",No,No,No,No,,1,Weed Son,No,Twitch Sidebar / Dashboard,No,Yes,Yes,"Desktop, Mobile",Every stream,Active chatter,No,No,"Yes, but not active",Twitch recommended,5-6,4-6,A healthy mix of both,4,4,3,3,4,5,5,2,3,4,3,2,4,3,1,4,3,3,3,3,4,5,2,3,1,2016 or earlier,No,I don't care,I don't care,DA VIBES,YES (idk w/e he wants as long as he's chillin),up to him my doggy i wanna see what he can cook all on his own,toss up between Lacari and Nokko tbh,more mmos (for sniping content),joe biden,aga,Mass Effect 2,Mind Game,The Weeknd,Trilogy,mushroom swiss burger,IT WAS KINDA LONG LOWKEY but not bad
3/25/2025 1:58:13,25-32,"6'4""+",325+,Bachelor's,Self employed / 1099,$100k+,Australia,Multiethnic,Male,Asexual / Demisexual,Cisgender,Atheist / Agnostic,Socialist,Engaged,,,No pets,Always,,Yes,No,No,No,No,No,No,No,Yes,No,No,No,No,No,No,A few times a year,No VR,No,No,No,No,,2,Weed Son,Normal sub,Discord notications,Yes,Yes,Dont care,Desktop,Every stream,Active chatter,Yes,"Yes, and I'm active there",No,Streamer collab,3-4,1,A healthy mix of both,3,3,3,3,3,3,3,3,3,3,3,3,3,2,1,2,3,3,4,2,3,3,5,5,1,2024,I dont care,I don't care,I don't care,He's genuine and funny. ,"Variety is good, more planned content would be cool.",,Vinesauce,There's no good games,More Four Horsemen,LO,Noit/Tetris,The Fifth Element,Ween,Pure Guava (1992),Japanese Curry,"You are emotionally intelligent, quick-witted and extremely funny when you're not being weighed down with self-doubt. You have a strong community of people who will watch you whatever you do, so just be genuine to yourself and focus on you're passionate about."
3/25/2025 1:58:18,25-32,"6' to 6'3""",125-174,Some college,Unemployed,Less than $20k,North America,Hispanic / Latino,Male,Gay / Lesbian,Cisgender,Atheist / Agnostic,Liberal,Dating,Mexico,,Dog,Tried and quit,,Yes,No,No,No,No,No,No,No,No,No,No,No,No,No,No,Never,No VR,No,No,Balding,No,,3,League Daughter,No,"Twitch Sidebar / Dashboard, Chatterino / Offline chatting",No,Yes,Dont care,"Desktop, Mobile",Every stream,Active chatter,No,No,No,Mentioned by another streamer,5-6,2-3,A healthy mix of both,4,3,2,3,4,4,5,5,5,5,2,2,4,4,1,1,4,4,5,3,3,4,2,4,1,2018,Yes,Keep the lawls,I don't care,the vibe and humor,"single player games like VOTV and such, or community games like VR chat, DayZ was fun too, also the IRL content was great too",bedroom pop or IDB,none,"Ragnarok Online, Bapbap or VOTV",caseoh,aga,Ragnarok Online or TF2,Enter the Void,Last Dinosaurs,Selected Ambient Works 85-92,Pasta in any form,:)
3/25/2025 1:58:26,19-24,"5'7"" to 5'11""",125-174,Some college,Part time,Less than $20k,North America,White,Male,Straight,Cisgender,Christian,Centrist,Single,Ohio (OH),,"Dog, Cat",Tried and quit,,No,No,No,No,No,No,No,No,No,No,No,No,No,No,Yes,A few times a year,"Yes, I have VR",No,No,No,No,,1,Weed Son,Normal sub,Twitch Sidebar / Dashboard,No,Yes,Yes,Desktop,A few times a week,Active chatter,No,No,No,Twitch recommended,1-2,2-3,"Spontaneous, unpredictable content",4,5,4,4,3,3,4,3,3,3,2,3,4,3,2,3,3,4,4,2,3,4,2,2,2,2022,I dont care,Keep the lawls,I don't care,Poke's funny,"Casual, variety, co-op",,Nymn and Erobb and Summit,VotV,Erobb,buh,Minecraft,,Good Will Hunting,"Flower Boy, Tyler the Creator",Pasta,
3/25/2025 1:58:39,25-32,"5'7"" to 5'11""",125-174,Bachelor's,Self employed / 1099,Less than $20k,North America,White,Male,Bisexual / Pansexual,Cisgender,Christian,Liberal,Single,California (CA),,Dog,Never tried it,,Yes,No,No,No,No,No,No,No,No,No,No,No,No,No,Yes,Never,No VR,No,No,No,No,,1,League Daughter,No,"Twitch Sidebar / Dashboard, Mobile Notifications, Chatterino / Offline chatting",Yes,Yes,Dont care,"Desktop, Mobile",Every stream,Seldom chatter,No,No,"Yes, but not active",Streamer collab,5-6,2-3,"Spontaneous, unpredictable content",4,3,2,2,2,1,3,1,2,1,1,1,3,1,1,1,2,3,4,5,2,3,2,2,4,2019,I dont care,I don't care,I don't care,Humor,In Real Life,,summit1G,,,catEat,Halo,,,,Spaghetti,
3/25/2025 1:59:15,33-39,"5'7"" to 5'11""",175-224,Associates / Trade,Full time,$20k-$50k,Europe,White,Male,Bisexual / Pansexual,Cisgender,Atheist / Agnostic,Apolitical,Dating,,Sweden,No pets,A few times a year,,No,Yes,No,No,Yes,No,No,No,No,No,Yes,No,Yes,No,No,A few times a week,"Yes, I have VR. Poke contributed",No,No,No,No,,3,Weed Son,Normal sub,"Mobile Notifications, Chatterino / Offline chatting",Yes,Yes,Yes,"Desktop, Mobile, TV app",Every stream,Active chatter,Yes,"Yes, but not active","Yes, but not active",Youtube recommended / clip compilation,11+,2-3,A healthy mix of both,4,5,2,2,3,3,4,3,3,4,2,2,4,2,3,4,3,4,4,2,4,4,1,1,2,2018,I dont care,Change the name,Poke music / Poke twitch,when poke finds a game he really enjoys ,more collabs ,old-school techno would be cool,sodapoppin,don't know,kitboga again,mya,The Witcher 3: Wild Hunt,The Menu,Foo Fighters,Meteora - Linkin Park,lasagne,
3/25/2025 1:59:24,25-32,"5'7"" to 5'11""",175-224,High school / GED,Self employed / 1099,Less than $20k,North America,Hispanic / Latino,Female,Bisexual / Pansexual,Transgender,Atheist / Agnostic,Apolitical,Single,Illinois (IL),,No pets,Always,,Yes,Yes,Yes,No,No,No,No,No,No,No,No,No,No,No,Yes,Never,No VR,No,"Yes, Poke was a reason",Yes,No,,1,Weed Son,No,Twitch Sidebar / Dashboard,No,Yes,Yes,"Desktop, Mobile",Every stream,Seldom chatter,No,No,No,Twitch recommended,11+,4-6,A healthy mix of both,5,4,5,5,5,5,5,4,5,5,3,5,3,1,3,5,3,4,4,3,4,5,1,1,1,2021,I dont care,Change the name,Poke music / Poke twitch,Gigi,Collabs and IRL,"stop with the fucking meme music, you could make great music if every other word wasnt ""fart""",Summit1g,GTA6,Forsen,buh,WoW,The Ballad of Buster Scruggs,anything,anything,anything that makes the hunger pains stop,fart
3/25/2025 1:59:39,16-18,"5'7"" to 5'11""",Under 125,High school / GED,"Student, not working",Less than $20k,North America,Hispanic / Latino,Male,Bisexual / Pansexual,Cisgender,Atheist / Agnostic,Apolitical,Single,Arizona (AZ),,Cat,Once a day,,No,No,No,No,Yes,No,No,No,No,No,Yes,No,No,Yes,Yes,A few times a week,No VR,No,No,No,No,,1,Weed Son,Prime subbed,Mobile Notifications,No,Yes,Yes,"Mobile, Gaming console",Every stream,Active chatter,No,"Yes, but not active",No,Youtube recommended / clip compilation,5-6,1,A healthy mix of both,3,4,4,2,3,2,4,1,4,4,1,2,4,4,1,1,1,1,4,4,3,4,1,1,1,2022,I dont care,Change the name,Poke music / Poke twitch,"The vibe and how chill it is, easy to watch or just put on backgrou d while gaming, and pretty funny",Playthroughs and Music,more chill stuff more vibey,Jerma,Votv or balatro ,Ken Carson,buh,Halo 3,Dragon Ball Z Fusion Reborn,Ken Carson or Current Joys,A Great Chaos,Dumplings,
3/25/2025 2:00:05,19-24,"5'7"" to 5'11""",125-174,High school / GED,Unemployed,Less than $20k,North America,White,Male,Straight,Cisgender,Christian,Apolitical,Single,Delaware (DE),,Dog,Always,,Yes,No,Yes,No,No,No,No,No,No,No,No,No,No,No,Yes,A few times a year,"Yes, I have VR",No,No,No,No,,1,Weed Son,No,"Twitch Sidebar / Dashboard, Mobile Notifications",No,Yes,Yes,"Desktop, Laptop, Mobile, TV app",Every stream,Active chatter,No,No,No,Streamer collab,9-10,4-6,A healthy mix of both,3,3,4,3,3,5,3,3,3,3,2,2,2,1,1,3,2,3,4,2,3,4,1,1,2,2023,No,Keep the lawls,Poke music / Pokelawls twitch,chilling,content,I love metal like stoner metal and hardcore and shit and I think his screeches like pokeO type shit would be really cool in a metal track. ,Jerma,Aneurysm IV was interesting but maybe too easy to snipe ,Jerma,widepeepoHigh,Galaga,7,Title Fight,Floral Green,Chicken Parm,
3/25/2025 2:00:06,25-32,"6'4""+",175-224,Some college,Unemployed,,North America,White,Male,Straight,Cisgender,Other,Liberal,Single,Canada,,No pets,Tried and quit,,No,No,No,No,No,No,No,No,No,No,No,No,No,No,No,A few times a week,No VR,No,No,No,No,,1,Weed Son,No,Twitch Sidebar / Dashboard,Yes,Yes,Yes,Laptop,A few times a week,Seldom chatter,No,"Yes, but not active","Yes, but not active",Streamer collab,3-4,4-6,A healthy mix of both,4,1,3,4,4,5,5,3,5,5,2,3,4,5,1,5,5,5,5,5,3,1,2,4,1,2016 or earlier,I dont care,Change the name,Poke music / Poke twitch,"Your humour, your music, your vibes, I love it all man.",I MISS POKEMOMENTS ON YOUTUBE,I like da singing,xQc,Anything :) ,Zoil could be funny duo ,SHIMMY,Spyro,Into The Wild,Rush,Moving Pictures,Sheppards Pie,Maybe ask about Youtube suggestions
3/25/2025 2:01:57,19-24,"6' to 6'3""",225-274,High school / GED,Unemployed,Less than $20k,Europe,White,Male,Straight,Cisgender,Atheist / Agnostic,Socialist,Single,,United Kingdom,Dog,Never tried it,,Yes,Yes,No,No,No,No,No,No,No,No,No,No,No,No,No,A few times a year,No VR,No,No,Balding,No,,1,Weed Son,Normal sub,"Twitch Sidebar / Dashboard, Mobile Notifications, Discord notications",No,Yes,Yes,"Desktop, Mobile",Every stream,Lurker,No,"Yes, but not active",No,Streamer collab,11+,4-6,A healthy mix of both,4,5,5,3,3,3,5,3,2,4,3,4,4,3,1,2,4,3,5,4,4,4,2,2,2,2017,I dont care,Keep the lawls,I don't care,the vibe,variety and coop games,i dont mind you do you,hasanabi ,votv,idk,aga,terraria,mullholland drive,jpegmafia,offline - jpegmafia,any seafood,
3/25/2025 2:02:04,33-39,"5'7"" to 5'11""",225-274,Associates / Trade,Full time,$100k+,North America,White,Male,Straight,Cisgender,Atheist / Agnostic,Liberal,Married,Utah (UT),,No pets,A few times a week,,Yes,Yes,No,No,No,No,No,No,No,No,No,No,No,No,Yes,A few times a month,"Yes, I have VR",No,No,Balding,No,,1,Weed Son,No,Twitch Sidebar / Dashboard,No,Yes,Dont care,"Desktop, TV app, Gaming console",A few times a month,Lurker,No,No,No,Twitch game categories,5-6,4-6,A healthy mix of both,4,4,2,2,3,4,4,3,2,2,4,3,3,3,1,3,3,4,4,3,3,4,1,1,3,2020,I dont care,I don't care,I don't care,His thoughts,More Schedule 1,Trance,Disnof,REPO,no,any lurk emotes,Dota 2,Rainbow eyes,Gunship,Thriller,Pizza,proofread it better
3/25/2025 2:02:26,25-32,"6' to 6'3""",125-174,Associates / Trade,Full time,$50k-$100k,North America,White,Male,Straight,Cisgender,Christian,Centrist,Single,Missouri (MO),,Dog,A few times a month,,No,No,No,No,No,No,No,No,No,No,Yes,No,No,No,Yes,Never,"Yes, I have VR",No,No,No,No,,1,Weed Son,Prime subbed,"Twitch Sidebar / Dashboard, Mobile Notifications, Chatterino / Offline chatting",Yes,Yes,Dont care,"Desktop, Laptop, Mobile, TV app",Every stream,Active chatter,No,"Yes, but not active",No,Streamer collab,7-8,4-6,A healthy mix of both,5,4,4,3,3,4,5,5,5,5,5,5,5,4,2,4,3,2,5,1,1,5,2,2,1,2019,No,Keep the lawls,Pokelawls music / Pokelawls twitch,sense of humor and trying new weird games,votv,"anything, its all fun",moistcr1tikal,votv,jerma and kitboga,omE,tboi,ready player one,juice wrld,Death Race for Love,pbj,what do u do for work
3/25/2025 2:02:32,19-24,"6' to 6'3""",125-174,Some college,Part time,Less than $20k,North America,White,Male,Straight,Cisgender,Other,Apolitical,Single,Canada,Other,"Dog, Cat",A few times a day,,No,No,No,No,No,No,No,No,No,No,No,No,No,No,Revoked / Suspended,A few times a month,"Yes, I have VR",No,No,No,No,,1,League Daughter,No,"Twitch Sidebar / Dashboard, Mobile Notifications, Discord notications",No,No,Yes,"Desktop, Mobile",A few times a week,Lurker,No,"Yes, but not active",No,Youtube recommended / clip compilation,3-4,4-6,Planned events with set schedules,4,3,3,1,3,4,5,5,5,1,1,2,3,2,1,3,5,3,4,2,3,5,3,4,3,2019,Yes,Change the name,I don't care,comfy,fart on stream,more hyperpop. maybe mask 2,purlypearl,Rainbow Six Siege,OP,:),Destiny,nosferatu (1922),,,,"spell competitive properly, 
"
3/25/2025 2:02:33,13-15,"4'11"" to 5'2""",125-174,Some college,"Student, not working",Less than $20k,North America,White,Male,Bisexual / Pansexual,Cisgender,Atheist / Agnostic,Apolitical,Single,Oregon (OR),,"Cat, Guinea Pig",A few times a year,,,,Yes,Yes,,,,,,,,,,,Learners permit,A few times a year,No VR,No,"Yes, Poke was a reason",No,No,,2,Weed Son,No,"Twitch Sidebar / Dashboard, Chatterino / Offline chatting",No,Yes,Yes,Desktop,Every stream,Active chatter,No,No,No,Streamer collab,3-4,7+,A healthy mix of both,5,4,5,5,4,3,4,2,2,3,1,3,5,4,1,3,4,4,3,4,4,3,3,2,1,2021,I dont care,Change the name,Poke music / Pokelawls twitch,"almost everything, i love just chilling while he yappin",vr games and maybe gta rp and more collabs ,he could make anything maybe some dnb genre umbrella,redshell,idc what he plays,idc anybody,gregory,outer wilds,interstellar,jpegmaifa (this changes like every month),we had good times together don't forget that by sewerslvt,mashed potatoes,
3/25/2025 2:02:41,25-32,"5'7"" to 5'11""",275-324,High school / GED,Unemployed,Less than $20k,North America,White,Male,Straight,Cisgender,Atheist / Agnostic,Liberal,Single,Canada,,No pets,Never tried it,,No,No,No,No,No,No,No,No,No,No,No,No,No,No,Learners permit,A few times a year,No VR,No,No,No,No,,1,League Daughter,No,"Twitch Sidebar / Dashboard, Mobile Notifications",No,Yes,Dont care,"Desktop, Mobile",Every stream,Lurker,No,No,No,,5-6,2-3,A healthy mix of both,4,5,3,3,4,3,3,2,3,3,2,4,2,2,1,1,4,2,4,3,2,2,3,3,2,2018,I dont care,I don't care,I don't care,learning/breaking game mechanics (physics/movement tech),trolling/interviewing people in games (voice chat),,Northernlion,"Modded Terraria ( Calamity Mod, etc.)",,,Titanfall 2,John Wick 1,Trivium,,,
3/25/2025 2:03:54,25-32,"5'7"" to 5'11""",175-224,Associates / Trade,Full time,$50k-$100k,North America,Hispanic / Latino,Male,Straight,Cisgender,Atheist / Agnostic,Liberal,Single,Georgia (GA),,No pets,Never tried it,,Yes,Yes,No,No,Yes,No,No,No,No,No,Yes,No,No,No,Yes,A few times a year,No VR,No,No,No,No,,2,League Daughter,Prime subbed,"Twitch Sidebar / Dashboard, Chatterino / Offline chatting",Yes,Yes,Yes,Desktop,Every stream,Lurker,No,No,No,LSF / Reddit,5-6,2-3,A healthy mix of both,4,5,2,4,3,3,4,3,4,5,2,3,4,3,1,4,3,4,4,3,3,5,2,2,4,2017,I dont care,Keep the lawls,Poke music / Pokelawls twitch,,,,,,,,,,,,,
3/25/2025 2:03:56,19-24,"6' to 6'3""",175-224,Some college,"Student, not working",Less than $20k,South America,Hispanic / Latino,Female,Bisexual / Pansexual,Transgender,Atheist / Agnostic,Socialist,Single,,,Dog,Never tried it,,Yes,No,No,No,Yes,No,No,No,Yes,No,No,No,No,No,Yes,A few times a year,No VR,Yes,No,No,No,,3,League Daughter,Gifted sub,"Twitch Sidebar / Dashboard, Chatterino / Offline chatting",Yes,Yes,Yes,"Desktop, Mobile",Every stream,Lurker,No,No,No,Mentioned by another streamer,5-6,4-6,"Spontaneous, unpredictable content",5,5,5,3,4,3,3,1,5,5,3,4,4,4,1,2,2,3,4,5,5,4,5,5,3,2022,I dont care,Change the name,Poke music / Poke twitch,,,,,,,,,,,,,
3/25/2025 2:03:57,19-24,"5'7"" to 5'11""",125-174,High school / GED,Full time,$20k-$50k,North America,White,Male,Straight,Cisgender,Atheist / Agnostic,Apolitical,Engaged,Arkansas (AR),Other,"Dog, Cat",A few times a day,,No,No,No,No,No,No,No,No,No,No,Yes,No,No,No,Yes,A few times a month,"Yes, I have VR. Poke contributed",No,No,No,No,,1,Weed Son,Prime subbed,Mobile Notifications,No,Yes,Dont care,"Desktop, Laptop",Every stream,Lurker,No,"Yes, but not active",No,Mentioned by another streamer,5-6,2-3,A healthy mix of both,5,3,5,4,2,2,5,1,3,3,1,4,1,1,1,3,4,4,5,4,1,5,1,1,1,2019,I dont care,Keep the lawls,I don't care,his style of humor ,anything but wow and league ,no,summit ,anything but wow and league ,summit ,butwhy,red dead redemption 2 ,the fifth element ,it changes often but rn johnny cash ,sgt. peppers lonely hearts club band ,pho,my cum gum 
3/25/2025 2:04:19,25-32,"5'7"" to 5'11""",125-174,Some college,Unemployed,Less than $20k,South America,White,Male,Straight,Cisgender,Other,Centrist,Single,,,Dog,A few times a month,,Yes,Yes,No,No,No,No,No,No,No,No,No,No,No,No,No,A few times a year,No VR,No,No,No,No,,3,Weed Son,Gifted sub,Twitch Sidebar / Dashboard,No,Yes,Yes,"Desktop, Mobile",A few times a week,Lurker,No,"Yes, but not active",No,Youtube recommended / clip compilation,11+,2-3,A healthy mix of both,3,4,3,4,3,2,5,5,4,4,2,5,5,4,2,4,4,5,4,4,4,5,1,3,1,2018,No,Keep the lawls,Pokelawls music / Pokelawls twitch,"I like his creativity to be funny on the fly, hes good improvising","More variety, more horror, more voices of the void, more different things",Every type of genre,"Jerma985, Mr.MoonsHouse",Voices of the void,dont care,It changes....nowadays aga,Cant pick one,Dont have it,I grew up in love with Nirvana,Dont have,Asado (Meat),Pay me next time (joke)
3/25/2025 2:04:33,33-39,"6' to 6'3""",175-224,High school / GED,Self employed / 1099,$20k-$50k,North America,White,Male,Straight,,Atheist / Agnostic,Liberal,Single,Arizona (AZ),,No pets,Tried and quit,,Yes,Yes,No,No,No,No,No,No,No,No,No,No,No,Yes,Yes,A few times a month,No VR,No,No,No,No,,1,League Daughter,No,Twitch Sidebar / Dashboard,No,Yes,Dont care,"Desktop, Laptop, Mobile",A few times a week,Seldom chatter,No,No,No,Twitch recommended,7-8,7+,"Spontaneous, unpredictable content",2,3,3,2,1,2,3,2,3,2,2,1,1,3,1,1,2,2,3,1,1,1,1,1,1,2018,I dont care,Change the name,Poke music / Poke twitch,"Funny, variety, playing with Dizzy and GiGi. ",IRL,House,"Aurateur, Dizzy",Fortnite,Erobb,Classic,Halo 2,Interstellar,Modest Mouse,Hot Fuss,Burrito,
3/25/2025 2:04:35,19-24,"5'7"" to 5'11""",175-224,High school / GED,Part time,$20k-$50k,Australia,White,Male,Bisexual / Pansexual,Cisgender,Atheist / Agnostic,Apolitical,Single,,,Cat,Never tried it,,Yes,,,,,,,,,,,,,,Learners permit,A few times a week,"Yes, I have VR",No,No,No,No,,1,Weed Son,Prime subbed,Twitch Sidebar / Dashboard,No,Yes,Yes,Desktop,A few times a week,Lurker,No,No,No,Streamer collab,3-4,2-3,"Spontaneous, unpredictable content",4,3,5,2,3,4,4,2,3,4,1,2,2,3,2,1,1,3,5,3,3,5,1,1,1,2021,I dont care,I don't care,I don't care,Nothing specific just the vibes of stream are always good and chat as well,More four horsemen content ,I don't care I like any genre,Jerma985,Nothing in particular,Jerma985,Buggin,Yakuza,Maze Runner,Bladee,The Fool Bladee,Sushi,
3/25/2025 2:04:53,25-32,"6' to 6'3""",125-174,High school / GED,Self employed / 1099,Less than $20k,North America,White,Male,Straight,Cisgender,Atheist / Agnostic,Liberal,Single,California (CA),,No pets,A few times a day,,Yes,Yes,No,No,No,No,No,No,No,No,No,No,No,No,Yes,A few times a year,"Yes, I have VR. Poke contributed",No,No,No,No,,1,League Daughter,No,Twitch Sidebar / Dashboard,No,Yes,Dont care,Desktop,Every stream,Seldom chatter,No,"Yes, but not active","Yes, but not active",Twitch game categories,5-6,2-3,A healthy mix of both,5,4,4,3,3,2,5,3,3,5,2,3,5,4,2,2,4,3,5,4,4,4,2,3,1,2016 or earlier,I dont care,Keep the lawls,Poke music / Pokelawls twitch,fart,co-op gaems,,moonmoon sometimes,graph wars,music stream w/ simply,Buggin,,,,,,TOO LONG MAN
3/25/2025 2:05:15,19-24,"5'3"" to 5'6""",125-174,Associates / Trade,Full time,$50k-$100k,North America,Asian / Pacific Islander,Male,Straight,,Christian,Liberal,Dating,Connecticut (CT),,Dog,Tried and quit,,Yes,No,No,No,No,No,No,No,No,No,No,No,No,No,Yes,Never,No VR,"Yes, Poke was a reason","Yes, Poke was a reason",No,No,,3,Weed Son,Prime subbed,"Twitch Sidebar / Dashboard, Chatterino / Offline chatting",Yes,Yes,Yes,"Desktop, Laptop, Mobile",Every stream,Active chatter,No,"Yes, but not active",No,Streamer collab,5-6,1,A healthy mix of both,5,3,5,5,5,4,5,1,5,5,2,3,5,5,1,5,5,5,5,5,5,5,1,1,1,2020,I dont care,Change the name,I don't care,ability to create something out of nothing,"gym content and self development ( despite saying idc about him smoking weed, i see potential in a person who had and still have a vision for success)",up 2 him,dzeh Qc sumit,up2him,pbm ( hop on the booth ) ,:),csgo,only the brave,daft punk,blonde,orange chicken,"there should only be 2 people whos pride matters to you, not your parents, your friends nor your mentors. It is you when you were 8 years old and you when you are 80 years old. They are looking at you. One is hopeful that you will stick to the dreams and ambitions you promised you will be, and another is hopeful that you will enjoy your youth and every detail of your life. if they are watching and both of them are smiling. im glad to say, you are in the right track. poke you are an amazing person, you might be flawed and imperfect but that is what makes us human. fix the things you can change. "
3/25/2025 2:05:17,25-32,"6' to 6'3""",175-224,Bachelor's,Unemployed,Less than $20k,Europe,White,Male,Straight,Cisgender,Atheist / Agnostic,Liberal,Dating,,Germany,Cat,Always,,Yes,Yes,Yes,No,Yes,No,No,No,No,No,Yes,No,Yes,Yes,No,A few times a month,"Yes, I have VR. Poke contributed",No,No,No,No,,2,Weed Son,Normal sub,Chatterino / Offline chatting,Yes,Yes,Dont care,"Desktop, Mobile",Every stream,Seldom chatter,Yes,"Yes, but not active","Yes, but not active","Word of mouth, from a friend",9-10,2-3,Planned events with set schedules,4,3,4,5,3,3,4,2,3,5,2,2,4,3,1,2,3,2,3,4,5,2,1,1,2,2017,I dont care,Change the name,Poke music / Poke twitch,"Music, Variety Games, Community Interaction","Music, Variety Games, Community Interaction",Anything,,Grand Theft Auto 6,Jerma985,aga,Path of Exile,Dune 2,Nujabes,,Arabic Food,
3/25/2025 2:05:26,25-32,"5'7"" to 5'11""",175-224,Some college,Unemployed,Less than $20k,North America,Hispanic / Latino,Male,Straight,Cisgender,Christian,Apolitical,Single,California (CA),,"Dog, Cat",Never tried it,,Yes,Yes,No,No,Yes,No,No,No,No,No,No,No,Yes,No,No,Never,No VR,No,No,No,No,,2,Weed Son,Prime subbed,Mobile Notifications,Yes,Yes,Dont care,"Desktop, Mobile",Every stream,Lurker,No,No,No,Mentioned by another streamer,5-6,2-3,"Spontaneous, unpredictable content",4,4,5,3,2,2,5,2,4,5,5,5,5,5,3,1,3,5,5,4,3,5,2,2,3,2017,I dont care,I don't care,I don't care,Pokes humor/music taste is very similar to mine and his stream just stuck with me. I also mostly enjoy the Far Ting content.,I'm cool with anything,"I'm sure any genre he would tap into he could make it entertaining, most of the time it's not the genre but the creativity of the artist #Glaze",summit1G,GTA VI,Peaks100,Pondering,Halo 2,Napoleon Dynamite,Drake #SadlyOVHoe,Meteora,Whatever mom whips up,
3/25/2025 2:05:28,25-32,"6'4""+",225-274,Some highschool,Unemployed,Less than $20k,Australia,White,Male,Straight,Cisgender,Atheist / Agnostic,,Single,,,Dog,Never tried it,,No,No,No,No,No,No,No,No,No,No,No,No,No,No,Learners permit,A few times a month,No VR,No,No,No,No,,1,Weed Son,Prime subbed,Twitch Sidebar / Dashboard,No,Yes,Yes,Desktop,Every stream,Lurker,No,No,No,Streamer collab,5-6,2-3,A healthy mix of both,3,5,2,4,4,4,4,2,4,5,4,3,4,5,3,5,3,4,5,4,4,5,1,4,3,2020,Yes,Keep the lawls,Pokelawls music / Pokelawls twitch,reacting and gaming,IRL streams,trap and hyperpop,SwehYT,"grand theft auto 5, more story games, horror games",,,Witcher 3,chronicle,mk.gee,,fried rice,
3/25/2025 2:05:39,19-24,"5'7"" to 5'11""",225-274,Some college,Unemployed,Less than $20k,North America,Hispanic / Latino,Non Binary,Asexual / Demisexual,Cisgender,Atheist / Agnostic,Centrist,Single,Florida (FL),,Dog,Never tried it,,No,No,No,No,Yes,No,No,No,Yes,No,No,No,No,No,No,A few times a week,No VR,No,"Yes, Poke was a reason",No,No,,2,League Daughter,No,"Twitch Sidebar / Dashboard, Mobile Notifications",No,Yes,Yes,"Desktop, Mobile",Every stream,Seldom chatter,No,No,No,Streamer collab,7-8,7+,A healthy mix of both,5,4,4,4,5,3,4,3,5,4,2,5,4,5,1,4,3,3,4,5,5,2,1,2,1,2020,I dont care,Keep the lawls,Pokelawls music / Pokelawls twitch,"Very chill, lots of good music, great vibe, funny moments inbetween",Fart Content ( Just anything really),I think breakcore and/or ambient ,I dont have a favorite streamer I usally hyperfixate on a vtuber for a few months and move on to the next.,Payday 2,PlayboiCarti,Okayeg,Halo Series ,John Wick,Sewerslvt,Porter Robins Worlds,Pizza,I like the funny personal questions should do more like them
3/25/2025 2:06:02,25-32,"6' to 6'3""",175-224,Some college,Full time,$20k-$50k,Europe,White,Male,Straight,Cisgender,Christian,Apolitical,Single,,Germany,No pets,Tried and quit,"Blunt, Joint, Spliff",Yes,Yes,No,No,No,No,No,No,No,No,Yes,No,No,No,Yes,A few times a month,No VR,No,No,No,No,,2,Weed Son,No,Twitch Sidebar / Dashboard,No,Yes,Yes,"Desktop, Mobile",A few times a week,Seldom chatter,No,"Yes, but not active",No,Streamer collab,5-6,2-3,A healthy mix of both,5,5,5,5,5,5,5,1,3,3,1,4,4,4,2,5,3,4,4,4,1,4,1,3,1,2019,I dont care,I don't care,Poke music / Pokelawls twitch,Being real with chat not putting up an act 24/7 ,Collabs with friend groups,,papaplatte,,jerrey,catJAM,Garry's Mod,,Linkin Park,meteora,Kebab,
3/25/2025 2:06:14,25-32,"5'7"" to 5'11""",175-224,High school / GED,Unemployed,Less than $20k,North America,White,Non Binary,Bisexual / Pansexual,Transgender,Islam,Socialist,Single,Arizona (AZ),,"Dog, Cat",Always,"Bong, Vape",Yes,Yes,No,No,Yes,No,No,No,No,No,No,No,No,No,No,Never,No VR,No,No,No,No,,1,Weed Son,No,Twitch Sidebar / Dashboard,No,Yes,Dont care,Desktop,A few times a month,Seldom chatter,No,No,No,Streamer collab,7-8,4-6,A healthy mix of both,1,1,1,1,1,4,4,4,4,4,1,1,1,1,1,1,1,1,1,1,1,1,1,1,1,2018,I dont care,I don't care,I don't care,it's a stream,it's a stream,it's a stream,it's a stream,doesn't matter,idc,any with massive anime boobs,,,,,,"this is kinda silly, you shouldn't have the write in answers in a weed smoking community"
3/25/2025 2:06:43,40+,"4'10"" or shorter",325+,Some highschool,Unemployed,Less than $20k,North America,White,Male,Questioning,Cisgender,Judaism,Conservative,Single,Texas (TX),,"Dog, Cat, Fish, Bird, Rabbit, Horse, Guinea Pig, Hamster / Gerbil, Rat / mouse, Ferret, Spider, Snake, Lizard / Reptile / Dragon",Always,"Bong, Blunt, Dabbing, Pipe, Joint, One Hitter, Spliff, Vape, Edible",Yes,Yes,Yes,Yes,Yes,Yes,Yes,Yes,Yes,Yes,Yes,Yes,Yes,Yes,Revoked / Suspended,Never,"Yes, I have VR","Yes, Poke was a reason","Yes, Poke was a reason",Yes,No,,1,Weed Son,No,Twitch Sidebar / Dashboard,Yes,Yes,Yes,Tablet,A few times a month,Lurker,Yes,No,No,Twitch game categories,11+,7+,A healthy mix of both,5,5,5,5,5,5,5,5,1,5,5,5,1,1,1,5,5,5,5,5,5,5,5,5,3,2016 or earlier,I dont care,Keep the lawls,I don't care,weed,weed,weedcore,eu03art,orc massage,avoidingthepuddle,weederz,weed simulator,dude wheres my car,black sabbath,the chronic,ramen,less questions
3/25/2025 2:07:11,19-24,"6' to 6'3""",175-224,High school / GED,Full time,$20k-$50k,North America,Multiethnic,Male,Straight,Cisgender,Christian,Conservative,Single,Missouri (MO),,Cat,Tried and quit,,Yes,Yes,Yes,No,No,No,No,No,No,No,Yes,No,No,No,Yes,Daily,"Yes, I have VR",No,No,Balding,No,,1,Weed Son,Prime subbed,"Twitch Sidebar / Dashboard, Mobile Notifications, Discord notications",Yes,Yes,Yes,"Desktop, Laptop, Mobile",A few times a week,Lurker,No,"Yes, but not active",No,Twitch recommended,7-8,2-3,A healthy mix of both,3,5,4,3,3,3,4,2,4,4,2,3,5,3,1,5,2,2,4,5,3,4,2,2,1,2019,I dont care,Change the name,Poke music / Poke twitch,"integration of culturally relevant memes in chat, alerts, music etc. ",VR,"all the genres he does are pretty pog, under her spell is in my top 10 songs so more like that ",forsenE ,VRchat,forsen (antisocialsen) maybe if he does rp again,glorpNotL,Super Mario Galaxy 2,Batman Dark Knight Rises,YE ,Donda ,borger ,
3/25/2025 2:07:26,25-32,"6' to 6'3""",175-224,Associates / Trade,"Student, not working",Less than $20k,North America,White,Male,Straight,Cisgender,Atheist / Agnostic,Liberal,Single,New Hampshire (NH),,"Dog, Cat",A few times a year,,Yes,Yes,No,No,No,No,No,No,No,No,No,No,Yes,No,Yes,A few times a month,No VR,No,No,Balding,Active service,,1,Weed Son,Prime subbed,Discord notications,No,Yes,Yes,"Desktop, Mobile",Every stream,Lurker,No,"Yes, but not active",No,Streamer collab,7-8,2-3,A healthy mix of both,5,3,5,2,3,3,5,3,4,4,3,5,5,5,4,3,2,3,5,4,5,4,2,2,1,2019,I dont care,I don't care,Pokelawls music / Pokelawls twitch,good mix of funny and chill sometimes laughing til i cry and sometimes vibing on second monitor,whatever makes poke happy and want to stream more ,music sessions are the best regardless if its AI slop or viewer beats its all good content ,Soda / checking out new people depending on games im interested in ,more schedule 1 with Gigi,anyone but the Observers ,Stare / yoge ,Elden Ring ,Interstellar ,Beartooth ,Stand up and Scream - Asking Alexandria ,Pizza,its long but good questions 
3/25/2025 2:07:44,25-32,"5'3"" to 5'6""",125-174,High school / GED,Unemployed,$20k-$50k,North America,Asian / Pacific Islander,Male,Straight,,Buddhism,Liberal,Single,California (CA),,Dog,A few times a day,,No,No,No,No,Yes,No,No,No,No,No,No,No,Yes,No,Yes,A few times a year,"Yes, I have VR. Poke contributed",No,No,No,No,,2,Weed Son,Gifted sub,"Twitch Sidebar / Dashboard, Discord notications",No,Yes,Yes,"Desktop, Mobile",Every stream,Lurker,No,"Yes, and I'm active there",No,Mentioned by another streamer,7-8,4-6,Planned events with set schedules,5,5,4,3,3,5,5,3,4,4,2,4,3,3,1,4,4,4,5,3,3,4,1,1,1,2016 or earlier,I dont care,I don't care,I don't care,fadedthanaglorp Chairs cokebert,More collabs,I don't care,Poke,Whatever he's into.,"I don't mind, as long as the content isnt forced.",Dentge,CoD:Zombies,Don't have one.,Don't have one.,Don't have one.,Thai,
3/25/2025 2:07:54,19-24,"5'7"" to 5'11""",125-174,Some college,Part time,Less than $20k,North America,White,Male,Straight,Cisgender,Atheist / Agnostic,Centrist,Single,Washington (WA),,No pets,Never tried it,,No,No,No,No,No,No,No,No,No,No,No,No,No,No,Learners permit,Never,No VR,No,No,No,No,,1,Weed Son,No,"Twitch Sidebar / Dashboard, Discord notications",Yes,Yes,Yes,"Desktop, Laptop",Every stream,Seldom chatter,No,No,No,Youtube recommended / clip compilation,1-2,2-3,A healthy mix of both,4,4,5,5,5,3,5,5,5,5,3,5,4,4,1,2,2,5,3,5,4,4,1,1,1,2019,I dont care,Keep the lawls,Pokelawls music / Pokelawls twitch,I love pokes humor and his ability to spontaneously make people laugh.,"I like seeing poke put on acts in games with voice chats, funny to watch and see the reactions from people he plays with. I enjoyed his participation in Jerma's house building, this is an example where he makes the chat and the person hes directly interacting with laugh.","Don't care, only bangers.",Right now it is between Cyr and Zoil,Idk ,Maybe some IRL with Cyr ,Allen,Halo 2,The Nightmare Before Christmas,Infected Mushroom,Daft Punk: Random Access Memories,Mac and Cheese,Maybe there could be a way to vote on favorite Poke clips that are linked in the survey. A list of eras to remind viewers what they found most entertaining or when they first joined the community. 
3/25/2025 2:08:18,19-24,"5'7"" to 5'11""",125-174,Some college,Full time,Less than $20k,North America,White,Male,Straight,,Atheist / Agnostic,,Single,Missouri (MO),,Cat,Never tried it,,No,No,No,No,Yes,No,No,No,No,No,No,No,No,No,Yes,A few times a month,No VR,No,No,No,No,,1,Weed Son,Normal sub,"Twitch Sidebar / Dashboard, Chatterino / Offline chatting",Yes,Yes,Dont care,"Desktop, Mobile",A few times a week,Seldom chatter,No,"Yes, but not active",No,Mentioned by another streamer,1-2,2-3,"Spontaneous, unpredictable content",5,2,3,3,3,4,4,2,2,2,4,4,5,3,1,1,3,4,4,5,3,4,1,2,1,2021,I dont care,Keep the lawls,Pokelawls music / Pokelawls twitch,"New games, random games, music streams",music streams,Anything,GunkOut,,gigi + dizzy,https://7tv.app/emotes/01F700YQAR0000MHC6ZMPVB1BM,Minecraft,,Kendrick Lamar,1999 - Joey Bada$$,,
3/25/2025 2:08:43,25-32,"5'7"" to 5'11""",125-174,Bachelor's,Full time,$50k-$100k,North America,White,Male,Straight,Cisgender,Atheist / Agnostic,Socialist,Married,Canada,,Cat,Never tried it,,Yes,Yes,No,No,Yes,No,No,No,No,No,No,No,No,No,Yes,A few times a year,No VR,No,No,No,No,,1,Weed Son,No,"Twitch Sidebar / Dashboard, Mobile Notifications",No,Yes,Yes,"Desktop, Laptop",Every stream,Seldom chatter,No,No,No,Twitch recommended,11+,2-3,"Spontaneous, unpredictable content",5,4,5,3,3,4,5,3,4,4,4,3,5,2,3,2,2,4,4,3,4,5,3,3,1,2021,I dont care,Keep the lawls,I don't care,"He's one of the funniest streamers (funniest humans, really) I've ever had the pleasure of watching. His chat interaction is stellar, and it's my favourite thing to watch whenever he does random shit like plays stupid games, makes music, watches dumb TikTok vids/YouTube Shorts/IG Reels, and whatnot. Honest to god, I probably watch you too much.






































never subbed btw GIGACHAD","To be honest, I think it's pretty much fine as it is. While some of the things you do I just cannot watch (League of Legends, Deadlock, Overwatch (sorry I was never an OW viewer)), at the end of the day you're the streamer. By and large, I love what you do.","Other than trying to go back to his roots again (Dubstep/EDM/electronic in general), I love his music content as it is.","Simply, Liam, Jerma985","OSRS, Factorio, Vintage Story, more BeamNG",No one in particular; I do like the four horsemen a lot.,"donkJam, OMEGALUL, streamer-specific versions of ""Jackass"", monkaW, PogU","I have no all-time favourite - I like many genres. If I were to invent one that doesn't exist, it would be a crazy (MMO)RPG that's a combination of OSRS, WoW, DragonNest, etc.",N/A,N/A,N/A,I have no favourite.,
3/25/2025 2:09:10,25-32,"5'7"" to 5'11""",125-174,Some college,Full time,$50k-$100k,North America,White,Male,Straight,Cisgender,Atheist / Agnostic,Liberal,Single,California (CA),,No pets,A few times a day,,Yes,,,,,,,,,,,,,,Yes,A few times a week,No VR,No,No,No,No,,1,Weed Son,No,Twitch Sidebar / Dashboard,No,Yes,Yes,"Desktop, Mobile",A few times a week,Seldom chatter,No,No,No,Youtube recommended / clip compilation,1-2,2-3,A healthy mix of both,3,2,2,1,2,3,4,5,4,5,5,5,5,4,3,5,4,3,3,3,2,4,1,2,3,2016 or earlier,No,Keep the lawls,Pokelawls music / Pokelawls twitch,"when poke is stoked on whatever it is he's doing he's providing the best content, other than that, poke is just funniest when he's freestyling shit. that bit when he had the AI start yelling random shit while he was playing (some generic fps i forget) was peak poke and i've been watching him since the genji era. ","you're at a spot where you can do whatever you want and people will come bro, as long as you enjoying it. just keep music in the mix !!",,"tyler1, sanchovies (you three are top 3 funny guys)",w/e u want,"the wow stuff was cool man, whoever you vibe with",poggers forever,super mario bros 3,spirited away,mac miller,kids,whatever honestly im starving,good motion
3/25/2025 2:09:36,19-24,"6' to 6'3""",175-224,Associates / Trade,"Student, not working",Less than $20k,North America,White,Male,Straight,Cisgender,Christian,Centrist,Single,Nevada (NV),,Dog,Never tried it,,No,No,No,No,No,No,No,No,No,No,No,No,No,No,No,Never,"Yes, I have VR. Poke contributed",No,No,No,No,,1,League Daughter,No,Mobile Notifications,No,Yes,Dont care,Mobile,Every stream,Active chatter,No,No,No,Streamer collab,5-6,2-3,"Spontaneous, unpredictable content",5,4,3,3,4,5,5,5,5,5,5,5,2,2,2,1,1,2,3,2,2,4,3,3,3,2021,I dont care,I don't care,I don't care,"Chat interaction is one of the most important, most people get annoyed but I enjoy seeing Poke hop from thing to thing","Retro content is chill, really enjoyed games like Conkers or Majoras Mask. More real horror games would also be great.",,erobb221,"Abiotic Factor, Planet Crafter, Valheim",Squeex,forsenLaughingAtYou ,Super Mario Galaxy,The Imitation Game,The Weeknd,Off the Wall,Tri Tip Steak,
3/25/2025 2:09:40,19-24,"6' to 6'3""",175-224,Some highschool,Part time,Less than $20k,Asia,Middle Eastern,Male,Straight,Cisgender,Islam,Socialist,Single,,,Cat,Never tried it,,No,No,No,No,Yes,Yes,No,No,Yes,No,Yes,No,No,No,,Never,No VR,No,No,No,Active service,,2,League Daughter,No,Twitch Sidebar / Dashboard,No,Yes,Dont care,Desktop,A few times a week,Lurker,No,No,No,Mentioned by another streamer,3-4,None most days,A healthy mix of both,5,5,5,4,4,3,5,1,5,3,1,5,5,5,1,1,2,5,5,3,2,5,4,5,1,2022,Yes,Keep the lawls,Pokelawls music / Pokelawls twitch,He is funny and seems like actually like a good guy (cringe i know) also Fuck X he mean to him,More (((planned))) IRL steams. I can see him get as big as Speed. sorry for glaze ,I don't know a lot about music. But i like something with melodies and unique sounding ,I watch only like 4 streamers so... hasanabi,Abiotic Factor (wait for full release ) with gigi,Loved when the whole squad was together ,CatTime,The Witcher 3: Wild Hunt,I don't watch movies ,Don Toliver,Metro Boomin - HEROES & VILLAINS,Well done deer meat,Remind people to drink water
3/25/2025 2:10:39,19-24,"5'7"" to 5'11""",175-224,Some college,"Student, not working",Less than $20k,North America,Hispanic / Latino,Male,Straight,Cisgender,Atheist / Agnostic,Socialist,Single,California (CA),,"Dog, Cat",Never tried it,,No,Yes,Yes,No,No,No,No,No,No,No,No,Yes,Yes,No,No,A few times a week,No VR,No,No,Balding,No,,2,Weed Son,Prime subbed,"Mobile Notifications, Email notifications, Discord notications",No,Yes,Yes,"Desktop, Mobile, Tablet",Every stream,Seldom chatter,No,"Yes, but not active",No,Streamer collab,7-8,2-3,A healthy mix of both,4,5,5,3,4,4,5,5,4,5,3,4,4,5,2,3,4,5,5,4,5,3,3,4,2,2020,I dont care,Change the name,Poke music / Pokelawls twitch,I like when poke plays with his friends and gigi. Seeing the funny moments between you guys is fun and enjoyable to watch.,I think more coop gaming would be fun to watch and more contests.,I really don't mind what genre he makes. I'll listen to any of his music.,My favorite stream is ,Grand Theft Auto 6,Maya Higa/Alveus,aga,Super Mario Sunshine,The Dark Knight,Radiohead,OK Computer,Chile relleno,
3/25/2025 2:10:58,25-32,"6'4""+",125-174,High school / GED,Unemployed,Less than $20k,North America,White,Non Binary,Questioning,,Atheist / Agnostic,Socialist,Single,California (CA),,Dog,Tried and quit,,Yes,Yes,No,No,No,No,No,No,No,No,No,Yes,No,No,Yes,Never,No VR,No,No,No,No,,1,League Daughter,No,Twitch Sidebar / Dashboard,No,Yes,Yes,"Desktop, Mobile",Every stream,Active chatter,No,No,No,Twitch recommended,5-6,4-6,A healthy mix of both,4,4,4,4,4,5,5,5,3,4,4,4,3,2,2,2,3,4,4,4,4,5,2,3,1,2022,I dont care,Change the name,Poke music / Poke twitch,"Variety gaming, and collabs with other people",New games and more collaborations with others,Electronic experimentation is fun to see,Squeex,,The Four Horsemen,WAITT,Skyrim,,,,Oatmeal,
3/25/2025 2:11:00,25-32,"6' to 6'3""",175-224,Bachelor's,Full time,$20k-$50k,North America,White,Male,Straight,Cisgender,Atheist / Agnostic,Socialist,Single,Wisconsin (WI),,No pets,Tried and quit,,No,No,No,No,No,Yes,Yes,Yes,No,No,No,No,No,No,Yes,A few times a month,"Yes, I have VR. Poke contributed",No,No,No,No,,1,Weed Son,Normal sub,"Twitch Sidebar / Dashboard, Mobile Notifications, Discord notications",No,Yes,Yes,"Desktop, Mobile, Tablet, TV app",Every stream,Seldom chatter,No,"Yes, but not active","Yes, but not active",Mentioned by another streamer,11+,7+,A healthy mix of both,5,4,4,3,4,4,5,3,5,5,4,4,5,5,1,3,4,4,5,5,3,5,1,3,1,2020,I dont care,I don't care,I don't care,"Intros/talking with chat, brainrot reacting, FL Studio, playing any game besides World of Warcraft or League of Legends, collabs/calls with other streamers,","Music, random steam games, collabs",house/techno/dancey type beats ,dizzy,random new steam games,LyleForever,LO,cyberpunk 2077,gummo,Porter Robinson,Worlds ,Pizza,buh
3/25/2025 2:11:04,19-24,"5'7"" to 5'11""",175-224,Associates / Trade,Unemployed,Less than $20k,North America,Hispanic / Latino,Male,Straight,Cisgender,Atheist / Agnostic,,Single,California (CA),,Cat,Never tried it,,No,No,No,No,No,Yes,No,No,Yes,No,Yes,No,No,No,Learners permit,A few times a month,No VR,No,No,No,No,,2,Weed Son,No,Twitch Sidebar / Dashboard,Yes,Yes,Yes,Desktop,Every stream,Seldom chatter,No,No,No,Youtube recommended / clip compilation,5-6,2-3,A healthy mix of both,5,5,4,3,4,3,4,4,3,3,3,4,3,1,1,4,3,3,4,4,4,4,1,2,1,2021,I dont care,Keep the lawls,Pokelawls music / Pokelawls twitch,"As of recently, the fart sound effect he plays now and then.","Anything is fine, however, I would not  like to see League of Legends or Deadlocke. ",No idea. I like the music genre he currently does though.,"Charborg, Jerma, or Vincesauce.",Nothing really comes to mind. I just watch the stream regardless.,Can't really think of someone.,"The Neco Arc emotes, but I don't think they're available anymore. Sadge.","Roblox, Team Fortress 2, or Halo: Reach",Can't really think of one.,Elvis Presley,Can't really think of one.,Meatball Sub or Pizza,
3/25/2025 2:11:13,25-32,"5'7"" to 5'11""",275-324,High school / GED,Full time,$20k-$50k,North America,Hispanic / Latino,Male,Straight,,Atheist / Agnostic,Conservative,Single,Texas (TX),,Dog,Tried and quit,,Yes,Yes,Yes,Yes,No,No,No,No,No,No,No,Yes,Yes,No,Yes,A few times a month,No VR,No,No,Balding,No,,2,Weed Son,No,"Twitch Sidebar / Dashboard, Mobile Notifications, Discord notications, Chatterino / Offline chatting",Yes,Yes,Yes,"Desktop, Mobile",Every stream,Seldom chatter,No,"Yes, but not active",No,Twitch recommended,5-6,2-3,A healthy mix of both,3,5,5,5,5,3,3,4,4,4,2,3,4,5,4,3,3,5,4,5,5,5,1,2,2,2016 or earlier,I dont care,I don't care,I don't care,The fact that it's chill good portion of the time and a good stream to interact with or have in the background,Definitely less ADHD and more story games but we know that ain't never happening,I definitely like the rap/hip-hop beats and the WalterVibe music ,Emiru,"Nier automata, any of the souls games, lies of p, an actual full on playthrough of borderlands 2 with giig and dizzy would be cool","Anyone really, irl stream collabs would be cool ","emiruWave, GuraWave, buh, buh2, LO, pffft",Final fantasy xiii,Spirited Away,"ERRA, Volumes, BloodStainedChild",Mozaiq by BloodStainedChild,Pizza,
3/25/2025 2:11:33,13-15,"4'11"" to 5'2""",125-174,High school / GED,"Student, not working",Less than $20k,North America,White,Male,Bisexual / Pansexual,Cisgender,Atheist / Agnostic,Apolitical,Single,Oregon (OR),,"Dog, Cat, Guinea Pig",A few times a year,"Bong, Joint",,,Yes,Yes,Yes,,,,,,,,,,Learners permit,A few times a year,No VR,No,"Yes, Poke was a reason",No,No,,2,Weed Son,No,"Twitch Sidebar / Dashboard, Chatterino / Offline chatting",No,Yes,Yes,Desktop,Every stream,Active chatter,No,No,No,Streamer collab,5-6,7+,A healthy mix of both,5,4,5,4,4,5,5,2,4,4,1,3,4,4,1,3,4,4,3,5,4,2,2,2,1,2021,I dont care,Change the name,Poke music / Poke twitch,late night chill,more vr and collabs,maybe dnb genre umbrella,redshell,anything,anybody,gregory,outer wilds,interstellar,sewerslvt,jack johnson curious george soundtrack,mashed potatoes,
3/25/2025 2:11:41,25-32,"5'3"" to 5'6""",125-174,Some college,Unemployed,$20k-$50k,Asia,Asian / Pacific Islander,Male,Straight,Cisgender,Islam,Socialist,Single,,,Cat,Tried and quit,Edible,No,No,No,No,No,No,No,No,No,No,No,No,No,No,No,A few times a year,No VR,No,No,No,No,,2,League Daughter,No,Twitch Sidebar / Dashboard,No,Yes,Yes,"Desktop, Laptop, Mobile",Every stream,Seldom chatter,No,"Yes, but not active",No,Streamer collab,5-6,4-6,A healthy mix of both,3,5,5,3,4,4,4,1,3,4,3,3,5,4,1,3,3,3,4,3,3,4,3,3,1,2019,Yes,Change the name,Poke music / Poke twitch,"Funny antics, commentary and gameplay","Anything, maybe more music",Hyperpop,"Zoil, Jerma, Vinesauce",Anything,,Pffttt,,The Shawshank Redemption,,,Burger,
3/25/2025 2:11:42,25-32,"5'7"" to 5'11""",175-224,Some college,Unemployed,Less than $20k,North America,Hispanic / Latino,Male,Gay / Lesbian,Cisgender,Atheist / Agnostic,,Single,California (CA),,No pets,Tried and quit,"Blunt, Vape, Edible",Yes,Yes,No,No,Yes,No,No,No,No,No,No,No,No,No,Yes,Never,"Yes, I have VR",No,No,No,No,,2,Weed Son,No,Mobile Notifications,No,Yes,Dont care,"Desktop, Mobile, Tablet",A few times a week,Lurker,No,No,No,Youtube recommended / clip compilation,3-4,1,A healthy mix of both,5,5,4,5,5,5,5,2,5,5,1,1,2,1,2,3,3,3,5,5,5,5,1,2,3,2019,I dont care,Keep the lawls,I don't care,Collab content or just games with viewer/rando interaction ,Horror games :),,None,,Carti,TWEAK,Pokémon Soul Silver BASEG,Interstellar,Frank Ocean,,Fresh Costco pizza,
3/25/2025 2:12:25,19-24,"5'3"" to 5'6""",175-224,High school / GED,Full time,$20k-$50k,North America,White,Female,Bisexual / Pansexual,Cisgender,Atheist / Agnostic,Centrist,Dating,Massachusetts (MA),,Cat,A few times a year,,Yes,No,,,,,,,,,,,,,Yes,A few times a month,"Yes, I have VR",No,No,No,No,,1,League Daughter,No,Twitch Sidebar / Dashboard,No,Yes,Yes,Mobile,A few times a month,Lurker,Yes,No,No,Twitch game categories,5-6,4-6,A healthy mix of both,1,3,,,2,,4,,,,,,,,,,,,5,,,,,,,2025,I dont care,Keep the lawls,I don't care,Gaming,More farts,Metal/pop ,CaseOh/Inysm,Phasmo,Ludwig,n/a,L.O.U PART 1,Hot Fuzz,"Sleeptoken, Ateez, Bigbang, G-Dragon",TMBTE,Perogis,N/a did great 
3/25/2025 2:13:01,19-24,"5'7"" to 5'11""",125-174,Some highschool,Unemployed,,North America,Hispanic / Latino,Male,Straight,Cisgender,Atheist / Agnostic,Apolitical,Single,North Carolina (NC),,No pets,A few times a year,,No,No,No,No,No,No,Yes,No,No,No,Yes,No,No,No,No,A few times a month,No VR,No,No,No,No,,2,Weed Son,Prime subbed,Chatterino / Offline chatting,Yes,Yes,Yes,Desktop,Every stream,Seldom chatter,Yes,"Yes, but not active","Yes, but not active",Youtube recommended / clip compilation,11+,2-3,A healthy mix of both,4,4,4,5,4,4,4,5,4,4,5,5,5,5,1,3,4,5,5,4,4,5,1,1,1,2017,I dont care,I don't care,I don't care,"music, the funny fart sound, The Four Horsemen, gaming, chilling, ","music, retro games, speedrunning","nothing specific, if he wanna experiment with new shit im all for it ","simply, zoil, dizzy when hes not playing dark and darker",Devil May Cry,simply,AOLpls or aga or BugginMyself,Sonic Unleashed or Sonic Generations or Mario Kart Wii,every Spider-Man movie or The Batman or Mid90s,pritty,all Adventure Time albums. good music.,wings,"i enjoyed this one, wasnt too long i get distracted easily, good questions, thanks guys"
3/25/2025 2:13:38,25-32,"5'3"" to 5'6""",125-174,Bachelor's,Full time,$100k+,North America,Other,Male,Straight,,,Liberal,,California (CA),,Cat,A few times a day,Vape,No,No,No,Yes,No,No,No,No,No,No,No,No,No,No,Yes,A few times a month,No VR,No,No,No,No,,1,Weed Son,Normal sub,Twitch Sidebar / Dashboard,No,Yes,Yes,"Desktop, Mobile, Gaming console",A few times a week,Seldom chatter,No,No,No,Mentioned by another streamer,5-6,2-3,A healthy mix of both,,,,,,,,,,,,,,,,,,,,,,,,,,2024,I dont care,Keep the lawls,I don't care,fart,fart,,xqclawls,,,forsenBlicky,,,,,,
3/25/2025 2:14:17,33-39,"5'7"" to 5'11""",175-224,Bachelor's,Full time,$100k+,North America,Hispanic / Latino,Male,Straight,Cisgender,Atheist / Agnostic,Socialist,Dating,Texas (TX),,Dog,A few times a week,,No,Yes,No,No,No,No,No,No,No,No,No,No,No,No,Yes,A few times a month,"Yes, I have VR",No,No,Balding,No,,3,Weed Son,No,Twitch Sidebar / Dashboard,No,Yes,Dont care,"Desktop, Laptop",A few times a month,Lurker,No,No,No,Mentioned by another streamer,5-6,2-3,A healthy mix of both,4,2,5,1,2,2,3,3,2,3,3,4,4,3,1,1,3,4,4,3,3,3,2,3,1,2021,No,Change the name,I don't care,"laid back attitude, humor, chill bullshitting with chat",anything that doesn't need too much attention so poke can keep bouncing off chat (ignoring chat during collabs is okay),,Vinesauce,,,loel,Tetris Attack,Blade Runner 2049,Mass of the Fermenting Dregs,Since I Left You,pizza,
3/25/2025 2:14:17,19-24,"5'7"" to 5'11""",125-174,Some college,"Student, not working",Less than $20k,Europe,White,Male,Straight,Cisgender,Atheist / Agnostic,,Single,,Norway,Dog,Never tried it,,No,No,No,No,Yes,No,No,No,No,No,Yes,No,No,No,No,Never,No VR,No,No,No,No,,2,Weed Son,No,"Twitch Sidebar / Dashboard, Mobile Notifications",No,Yes,Yes,"Desktop, Mobile",A few times a week,Seldom chatter,No,No,No,Mentioned by another streamer,5-6,2-3,A healthy mix of both,4,3,3,4,3,3,5,4,3,5,5,5,3,1,1,5,2,3,4,4,2,5,1,2,1,2018,Yes,Keep the lawls,I don't care,,,,,,,,,,,,,
3/25/2025 2:14:55,19-24,"4'11"" to 5'2""",Under 125,Some college,Other,Less than $20k,North America,White,Non Binary,Bisexual / Pansexual,Transgender,Atheist / Agnostic,Liberal,Single,Wisconsin (WI),,"Dog, Cat",A few times a day,"Bong, Blunt, Joint, Spliff, Vape",Yes,No,No,No,No,No,No,No,Yes,No,Yes,No,No,No,Yes,Never,No VR,No,"Yes, Poke was a reason",No,No,,1,League Daughter,Prime subbed,"Twitch Sidebar / Dashboard, Chatterino / Offline chatting",No,Yes,Yes,"Desktop, Mobile, Tablet, TV app",Every stream,Seldom chatter,No,"Yes, and I'm active there",No,Twitch recommended,5-6,2-3,A healthy mix of both,4,3,3,2,2,3,3,3,4,5,2,3,4,4,1,5,3,3,4,3,2,4,4,4,4,2019,Yes,Keep the lawls,I don't care,bro a straight up vibe master goober ,,brutal slamming death metal and/or deathgrind ,Jerma,,,,,,angelmaker ,mirror reaper,,
3/25/2025 2:15:22,19-24,"5'7"" to 5'11""",125-174,Associates / Trade,Full time,$20k-$50k,North America,Hispanic / Latino,Male,Straight,Cisgender,Atheist / Agnostic,Apolitical,Dating,California (CA),,No pets,A few times a day,Vape,Yes,No,No,No,No,No,No,No,No,No,No,No,No,No,Yes,A few times a year,No VR,No,No,No,No,,2,Weed Son,Prime subbed,Twitch Sidebar / Dashboard,No,Yes,Yes,"Desktop, Mobile",A few times a week,Seldom chatter,No,No,No,Youtube recommended / clip compilation,5-6,2-3,A healthy mix of both,3,4,3,4,3,5,5,5,5,5,5,5,5,5,3,4,5,5,5,3,3,5,1,4,3,2017,I dont care,Keep the lawls,Poke music / Pokelawls twitch,His style of humor brings other people with the same style and it just acts as a perfect circle jerk W,Play with dizzy and gigi more dizzy wants to play with you as much as you do with him,Jazz would lowkey be sick,Jerma,A long Drive Co-Op,"Gigi, Dizzy, XQC, Jesse, Jerma dream blunt rotation",FredFist,The Binding of Isaac,,Radiohead,Igor,Mac and Cheese,No complaints W people
3/25/2025 2:15:25,19-24,"5'7"" to 5'11""",175-224,Associates / Trade,Self employed / 1099,$20k-$50k,North America,Hispanic / Latino,Male,Straight,Cisgender,Other,Socialist,Single,Georgia (GA),,Bird,Tried and quit,,No,No,No,No,No,No,Yes,No,Yes,No,Yes,No,No,No,Yes,A few times a year,No VR,No,No,No,No,,2,Weed Son,Normal sub,"Twitch Sidebar / Dashboard, Discord notications",No,Yes,Yes,"Desktop, Mobile",Every stream,Active chatter,No,"Yes, but not active",No,Twitch recommended,3-4,2-3,A healthy mix of both,5,5,5,3,3,3,4,3,2,5,3,4,5,5,2,2,4,4,5,5,5,3,1,3,1,2019,I dont care,Change the name,Poke music / Poke twitch,"Honestly, the overall chill vibes of the stream with the frequent hilarious moments will always keep me coming back to watch.",I personally would like to see more discussions/content surrounding music; whether its making beats/songs or talks about new music/up-and-coming artists.,whatever he's feeling like making ,CDNthe3rd,,,glorp,Tony Hawk Underground 2,Nacho Libre,Tyler The Creator,,Pupusas,
3/25/2025 2:15:38,19-24,"5'7"" to 5'11""",125-174,Some college,"Student, not working",Less than $20k,North America,Hispanic / Latino,Male,Straight,Cisgender,Atheist / Agnostic,Centrist,Single,Texas (TX),,Dog,A few times a year,,No,No,No,No,No,No,No,No,No,No,No,No,No,No,Yes,A few times a year,No VR,No,No,No,No,,1,Weed Son,No,Mobile Notifications,No,Yes,Yes,"Laptop, Mobile, Gaming console",Every stream,Seldom chatter,No,No,No,Youtube recommended / clip compilation,3-4,1,A healthy mix of both,5,4,5,5,5,4,5,5,4,5,4,4,5,4,3,3,2,4,5,5,5,5,1,3,1,2022,I dont care,Change the name,Poke music / Poke twitch,Trolling ,Trolling in social games,Trying to make a song in a new language would be funny.,Erobb,"Vrchat maybe, anything socia with voice chat.",Peaks probably,Poking or LO,"Destiny 1 or Minecraft or dark souls 3, sorry idk(console gamer)",Matilda ,Playboi carti right now. Radiohead forever ,Moon shaped pool,My moms ,Didn’t ask me about the farts. Do that. 
3/25/2025 2:15:42,19-24,"5'7"" to 5'11""",125-174,High school / GED,Unemployed,Less than $20k,North America,White,Male,Bisexual / Pansexual,Cisgender,Atheist / Agnostic,Socialist,Divorced,Texas (TX),,Cat,Tried and quit,Edible,No,No,No,No,No,No,No,No,No,No,No,No,No,No,Yes,A few times a year,"Yes, I have VR",Yes,No,Balding,No,,1,Weed Son,No,"Twitch Sidebar / Dashboard, Mobile Notifications",No,Yes,Dont care,"Desktop, Mobile",A few times a week,Seldom chatter,No,No,No,Mentioned by another streamer,3-4,4-6,A healthy mix of both,5,3,3,2,4,4,4,2,4,5,3,3,4,4,1,3,3,4,5,4,3,4,2,3,1,2021,I dont care,I don't care,I don't care,"Funny, Chat Interaction, Sub Alerts",Collab Streams,MOVIE,Vinesauce,The Long Drive or other funny janky games,Jerma985,buh,Minecraft,The Fanstastic Mr. Fox,Frank Ocean,Blonde,Pizza,
3/25/2025 2:15:42,19-24,"6' to 6'3""",225-274,Master's,Part time,$50k-$100k,North America,Indian,Male,Straight,Cisgender,Other,Apolitical,Single,New Jersey (NJ),,No pets,Tried and quit,,No,No,No,No,No,No,No,No,No,No,No,No,No,No,No,A few times a month,No VR,No,No,No,No,,3,Weed Son,No,Twitch Sidebar / Dashboard,No,Yes,Yes,Desktop,A few times a week,Seldom chatter,No,"Yes, but not active",No,Streamer collab,5-6,4-6,A healthy mix of both,4,4,5,3,2,2,5,3,4,3,2,2,3,4,2,1,3,4,3,2,3,2,1,1,1,2020,No,Change the name,Poke music / Poke twitch,funi,legit anything,not really,i prefer really not to speak..,anything,don't care really,aga,witcher 3,the dark knight,"playboi carti, lil uzi vert",eternal atake deluxe,mexican,
3/25/2025 2:15:47,19-24,"5'7"" to 5'11""",175-224,Some college,Unemployed,Less than $20k,North America,White,Male,Straight,Cisgender,Christian,Centrist,Single,California (CA),,Cat,Tried and quit,"Bong, Joint",No,No,No,No,Yes,No,Yes,No,No,No,Yes,No,No,No,Yes,A few times a month,No VR,No,No,No,No,,2,League Daughter,Prime subbed,Twitch Sidebar / Dashboard,No,Yes,Yes,"Desktop, Laptop",Every stream,Seldom chatter,No,No,No,Youtube recommended / clip compilation,5-6,4-6,A healthy mix of both,5,5,5,5,5,5,5,5,5,5,5,5,5,3,1,5,1,5,5,5,5,5,1,1,1,2018,I dont care,I don't care,I don't care,fart,fart,add fart adlibs,zoil,battlefield 1 ,jerma,buh,battlefield 1,oppenheimer ,Mozart ,movie music,pizza,
3/25/2025 2:17:00,19-24,"5'7"" to 5'11""",175-224,Some college,Unemployed,Less than $20k,North America,White,Male,Straight,Cisgender,Atheist / Agnostic,Centrist,Single,Texas (TX),,"Dog, Cat",A few times a week,"Vape, Edible",No,No,No,No,No,No,No,No,No,No,No,No,No,No,Yes,A few times a year,No VR,No,"Yes, Poke was a reason",No,No,,1,League Daughter,Prime subbed,Twitch Sidebar / Dashboard,No,Yes,Yes,"Desktop, Mobile",Every stream,Active chatter,Yes,"Yes, but not active",No,Streamer collab,5-6,4-6,A healthy mix of both,4,5,5,2,2,3,5,5,5,5,2,4,4,2,1,2,5,5,5,4,4,4,2,2,1,2020,I dont care,Keep the lawls,Poke music / Pokelawls twitch,,,,,,,,,,,,,
3/25/2025 2:17:25,25-32,"6' to 6'3""",125-174,Bachelor's,Self employed / 1099,$20k-$50k,North America,Other,Gender Fluid,Straight,Cisgender,Christian,Socialist,Single,California (CA),,"Dog, Fish",A few times a day,"Bong, Blunt, Pipe, Joint, Spliff, Vape, Edible",No,No,No,No,No,No,No,No,No,No,No,No,No,No,Yes,A few times a year,"Yes, I have VR",No,No,No,No,,2,League Daughter,No,Twitch Sidebar / Dashboard,No,Yes,Yes,Laptop,A few times a week,Seldom chatter,No,No,No,Streamer collab,3-4,4-6,A healthy mix of both,5,4,4,3,4,5,5,4,4,5,3,3,4,5,1,4,3,4,4,4,4,5,3,4,1,2025,No,Keep the lawls,Poke music / Pokelawls twitch,"funny, music, games ",whatever Poke wants,,willneff ,,,,rdr2,eeaao,travis scott,Currents,hot wings ,
3/25/2025 2:17:38,19-24,"5'7"" to 5'11""",125-174,Some college,Self employed / 1099,$100k+,North America,White,Male,Straight,Cisgender,Atheist / Agnostic,Liberal,Single,Canada,,Dog,Once a day,"Dabbing, Joint",Yes,No,No,No,Yes,No,No,No,No,No,No,No,No,No,Yes,Never,"Yes, I have VR",No,No,No,No,,2,Weed Son,No,Twitch Sidebar / Dashboard,Yes,Yes,Yes,"Desktop, Laptop",A few times a week,Lurker,No,No,No,Streamer collab,1-2,2-3,"Spontaneous, unpredictable content",3,5,5,1,5,5,5,1,4,1,1,1,5,3,1,5,5,5,5,1,3,5,1,1,1,2020,I dont care,Change the name,Poke music / Poke twitch,funny has good music taste,whatever he like doing gtarp bogg dann was goated tho,"rap , whatever he feels like doin usually good stuff",xqc,rimworld,n/a,PepeLaugh,cant choose 1 impossible,equalizer,carti / yung travis / ken / lone / yachty / cochise / etc,nba youngboy - ai youngboy 2 ,steak and peaches,
3/25/2025 2:17:41,33-39,"5'7"" to 5'11""",175-224,High school / GED,Full time,$20k-$50k,North America,White,Male,Straight,Cisgender,Other,Conservative,Single,Virginia (VA),,No pets,A few times a day,Pipe,No,No,No,No,No,No,No,No,No,No,No,No,No,No,Yes,Never,No VR,No,No,No,No,,1,League Daughter,No,Mobile Notifications,No,No,Yes,"Mobile, Gaming console",A few times a week,Lurker,No,No,No,Streamer collab,7-8,4-6,A healthy mix of both,3,4,2,1,3,2,4,2,3,4,2,3,2,3,1,4,2,2,3,3,3,4,1,1,1,2021,I dont care,I don't care,Pokelawls music / Pokelawls twitch,,,,,,,,,,,,,
3/25/2025 2:17:49,25-32,"6' to 6'3""",125-174,Associates / Trade,Unemployed,$20k-$50k,North America,White,Male,Straight,Cisgender,Atheist / Agnostic,Conservative,Single,Florida (FL),,No pets,A few times a year,One Hitter,No,No,No,No,No,No,No,No,No,No,No,No,No,No,Yes,A few times a month,No VR,No,No,No,Veteran,,1,Weed Son,No,Twitch Sidebar / Dashboard,No,Yes,Yes,Laptop,A few times a week,Seldom chatter,No,No,No,Mentioned by another streamer,3-4,4-6,"Spontaneous, unpredictable content",,,,,,,,,,,,,,,,,,,,,,,,,,2021,I dont care,Keep the lawls,Pokelawls music / Pokelawls twitch,ome farming,"play game, less tiktok, VoicEs",any,wubby,voices,Jesse,ome,Dark and Darker,,zeds dead,,,
3/25/2025 2:17:56,13-15,"6'4""+",325+,Doctorate,Self employed / 1099,,Africa,Indian,Female,Gay / Lesbian,Cisgender,Christian,Socialist,Divorced,,,"Horse, Lizard / Reptile / Dragon",Always,"Bong, Blunt, Spliff",No,Yes,Yes,Yes,Yes,Yes,Yes,Yes,Yes,Yes,Yes,Yes,Yes,Yes,Revoked / Suspended,Daily,"Yes, I have VR. Poke contributed","Yes, Poke was a reason","Yes, Poke was a reason",Balding,Veteran,,3,Weed Son,No,Chatterino / Offline chatting,No,Yes,Dont care,Desktop,A few times a week,Spammer,Yes,"Yes, and I'm active there","Yes, and I'm active there",Streamer collab,11+,2-3,A healthy mix of both,1,1,1,1,1,1,1,1,1,1,1,1,1,1,1,1,1,1,1,1,1,5,1,1,1,2025,I dont care,Change the name,I don't care,stream,stream,music,pokelawls,stream,horsemen,stream,stream,stream,pokelawls,movie music,weed,
3/25/2025 2:17:58,25-32,"6' to 6'3""",325+,High school / GED,Part time,Less than $20k,North America,White,Male,Straight,Cisgender,Atheist / Agnostic,Apolitical,Dating,Illinois (IL),,"Dog, Fish, Chickens, hermit crabs, turtles",A few times a day,"Vape, Edible",Yes,Yes,No,No,No,No,No,No,No,No,No,No,No,No,No,A few times a year,"Yes, I have VR. Poke contributed",No,No,No,No,,1,League Daughter,No,Twitch Sidebar / Dashboard,No,Yes,Dont care,Desktop,A few times a week,Lurker,No,No,No,Twitch recommended,7-8,2-3,A healthy mix of both,5,4,3,2,3,2,4,1,1,1,2,5,2,1,3,3,2,4,5,1,5,5,1,1,1,2017,I dont care,I don't care,I don't care,He's hilarious and unpredictable,Anything he does is great,I don't care,VertiigoGaming,I don't care,I don't care,"Right now, the LO emote is so stupid I love it",Iunno,Iunno,,,,
3/25/2025 2:18:35,25-32,"6' to 6'3""",125-174,Bachelor's,Full time,$50k-$100k,North America,White,Male,Straight,Cisgender,Atheist / Agnostic,Socialist,Married,Canada,,Dog,Always,"Bong, Vape",Yes,No,No,No,No,No,No,No,No,No,No,No,No,No,Learners permit,Most days,"Yes, I have VR",No,No,Balding,No,,2,League Daughter,No,Twitch Sidebar / Dashboard,No,Yes,Yes,"Desktop, Mobile",Every stream,Seldom chatter,No,No,No,Streamer collab,3-4,2-3,A healthy mix of both,5,5,1,3,2,5,4,3,4,5,2,3,2,1,1,1,2,5,5,3,3,5,1,1,2,2016 or earlier,Yes,I don't care,I don't care,,,,,,,,,,,,,
3/25/2025 2:18:50,19-24,"6' to 6'3""",175-224,High school / GED,Unemployed,Less than $20k,North America,White,Non Binary,Asexual / Demisexual,Cisgender,Other,Apolitical,Single,New York (NY),,Cat,Always,,No,Yes,No,No,No,No,No,No,No,No,No,No,Yes,No,Yes,Never,"Yes, I have VR",No,Yes,No,No,,1,Weed Son,Normal sub,Chatterino / Offline chatting,Yes,Yes,Yes,"Desktop, Mobile, Gaming console",Every stream,Active chatter,Yes,"Yes, but not active",No,Mentioned by another streamer,7-8,2-3,A healthy mix of both,4,4,4,3,3,2,3,2,4,3,2,3,3,2,1,4,3,5,3,2,3,3,1,1,1,2022,I dont care,Keep the lawls,Poke music / Pokelawls twitch,poke has a gift of breaking games in the funniest ways.,random indie games and itch.io games,"whatever poke enjoys making at that moment, being open to all genres is key. movie music (dubstep remix) (hardstyle remix) (movie remix)",besides poke I watch faze adapt and rainhoe,"""Final Fantasy 16"" but poke wont play FF so ""The First Berserker"": Khazan ",irl stream with jerma PagBounce,rar !!!!!!!!!!!!!!!!!!!!!!!!!!!!!!!!!!!!!!!!!!!!!!!!!!!!!!!!!!!!!!!!!!!!!!!!!!!!!!!,cyberpunk 2077 or borderlands 1,star wars episode III revenge of the sith,"""S3RL"" i guess, a favorite is hard to choose",Astral Projection by Aaron Hibell,alfredo chicken,CatKiss
3/25/2025 2:19:15,19-24,"6' to 6'3""",125-174,High school / GED,Unemployed,Less than $20k,North America,White,Male,Straight,Cisgender,Christian,Centrist,Dating,Georgia (GA),,Cat,Never tried it,,Yes,No,No,No,No,No,No,No,No,No,No,No,No,No,No,A few times a year,No VR,No,No,No,No,,1,Weed Son,No,Mobile Notifications,Yes,Yes,Yes,"Desktop, Mobile, Gaming console",A few times a week,Seldom chatter,No,No,No,"Word of mouth, from a friend",3-4,2-3,A healthy mix of both,4,4,5,4,3,4,5,5,5,5,4,4,5,4,2,3,3,4,5,4,3,5,1,4,2,2018,I dont care,Keep the lawls,I don't care,Funny guy love watching him with my Wifey™,"just wanna see him keep being chill and doing his thing, casual but fun stuff","i fw the music he does already, but maybe try some cinema type shit for jokes one day make some attack on titan choir ass beat or something LOL",Jerma. That is the only right answer.,"anything, he finds a way to make it funny 99.999% of the time (only exception is when the games are just genuinely awful and result in the fabled ALT +F4 Uninstall combo)","him jerma vinny and ster is such a good group, always in tears watching those 4",LO,Elden Ring.. batchest i guess :(,way too many to pick one,no idea i'd say Muse just to pick one,Movie Music .,i could destroy some chinese rn thanks for making me think about food,
3/25/2025 2:20:18,25-32,"6' to 6'3""",175-224,Some college,Part time,Less than $20k,Europe,White,Male,Other,Cisgender,Atheist / Agnostic,Socialist,Single,,Ireland,Dog,Tried and quit,Pipe,Yes,No,No,No,No,No,No,No,Yes,No,Yes,No,No,No,No,A few times a week,"Yes, I have VR. Poke contributed",No,No,No,No,,1,League Daughter,No,Twitch Sidebar / Dashboard,No,Yes,Dont care,Desktop,A few times a month,Seldom chatter,No,No,No,"Word of mouth, from a friend",5-6,2-3,A healthy mix of both,4,1,3,3,3,3,4,2,1,3,1,3,3,2,1,5,2,4,5,5,4,4,1,1,1,2016 or earlier,Yes,I don't care,I don't care,"Chill, fun, comedic stuff","VOTV :), Loving the sim games when I can catch them",As long as its experimentation its always good,"Leafions, iiyko","Dumb Sims, but VOTV would be amazing again.",Anyone he works well with. Jerma is always fun too,IMAGINENOTHAVING7TVGETFUCKEDNON7TVUSERSIMAGINENOTHAVING7TVGETFUCKEDNON7TVUSERSI,Tony Hawks American Wasteland,2001: A Space Oddity,David Bowie,"Diamond Dogs, David Bowie",Burgers,
3/25/2025 2:20:29,19-24,"5'7"" to 5'11""",125-174,High school / GED,Other,Less than $20k,North America,Multiethnic,Male,Straight,Cisgender,Christian,Apolitical,Single,Pennsylvania (PA),,No pets,Always,"Bong, Blunt, Dabbing, Pipe, Joint, One Hitter, Spliff, Vape, Edible",No,Yes,Yes,Yes,No,No,No,No,No,No,Yes,No,Yes,No,No,A few times a year,"Yes, I have VR. Poke contributed",No,No,No,No,,1,Weed Son,No,"Twitch Sidebar / Dashboard, Mobile Notifications, Chatterino / Offline chatting",Yes,Yes,Yes,"Desktop, Mobile",Every stream,Active chatter,Yes,"Yes, but not active",No,Youtube recommended / clip compilation,11+,2-3,A healthy mix of both,4,4,4,4,4,4,4,4,4,4,4,4,4,4,4,4,4,4,4,4,4,4,4,4,4,2022,No,I don't care,Poke music / Poke twitch,he is funny and very relatable aga,fart,anything all his music is fire,Dizzy ,VOICES OF THE VOID,more rappers making a song on stream would be fye,aga,Guild Wars 2,no preference,too many to name one,refer to above answer,u cause your looking like a snack ,i just wanna say thank you to poke and the whole squad yall make me feel less alone KEEP DOING WHAT UR DOING ~ Crow
3/25/2025 2:20:58,19-24,"5'7"" to 5'11""",175-224,Bachelor's,Full time,Less than $20k,Asia,Asian / Pacific Islander,Male,Straight,,Christian,Liberal,Single,,,No pets,Never tried it,,Yes,No,No,No,No,No,No,No,No,No,No,No,No,No,No,A few times a week,No VR,No,No,No,No,,2,League Daughter,No,Twitch Sidebar / Dashboard,No,Yes,Yes,"Desktop, Laptop",A few times a month,Seldom chatter,No,No,No,Youtube recommended / clip compilation,Less than one,2-3,A healthy mix of both,5,3,5,2,3,2,5,5,5,5,2,5,4,1,2,5,2,5,5,5,5,5,1,2,3,2019,Yes,Change the name,Poke music / Poke twitch,"When viewers and poke makes funny shit together and poke does his signature whistling laugh, that shit i enjoy the most",IRL but japan,NA,caedrel,"basketball IRL, i want to see this hunk of a man play ball",i dunno,plink,Anything RTS game ,"Pacific Rim, that shi is awesome",Twice & New Jeans (AYAYA),Nurture by porter robinson,Fried Chicken with Boke,Add PP size if gender is male 
3/25/2025 2:21:01,16-18,"5'7"" to 5'11""",175-224,Some highschool,"Student, not working",Less than $20k,North America,White,Male,Bisexual / Pansexual,Cisgender,Christian,,Single,Illinois (IL),,"Dog, Cat",A few times a day,Vape,No,No,No,No,No,No,No,No,No,No,No,No,No,No,No,A few times a week,"Yes, I have VR",No,No,No,No,,1,Weed Son,No,Twitch Sidebar / Dashboard,Yes,Yes,Yes,"Desktop, Mobile, Tablet",A few times a month,Lurker,No,No,No,Mentioned by another streamer,3-4,2-3,"Spontaneous, unpredictable content",4,5,5,3,5,5,5,3,3,3,3,3,3,3,3,3,4,4,5,3,3,3,1,3,3,2023,I dont care,Keep the lawls,Pokelawls music / Pokelawls twitch,,,,zoil or erobb,,caseoh,lemon,uncharted 4,back to the future ,"sasoin , chiodos and pierce the veil ",translating the name ,chilis chicken crispers ,
3/25/2025 2:21:02,19-24,"4'11"" to 5'2""",125-174,High school / GED,Unemployed,Less than $20k,North America,White,Male,Gay / Lesbian,Cisgender,Other,Apolitical,Single,Minnesota (MN),,Cat,Always,,No,No,No,No,No,No,No,No,No,No,No,No,No,No,No,Never,No VR,Yes,Yes,No,No,,1,Weed Son,No,Twitch Sidebar / Dashboard,No,Yes,Yes,"Desktop, Mobile",Every stream,Seldom chatter,No,No,No,Streamer collab,7-8,2-3,A healthy mix of both,3,4,5,5,5,3,3,4,3,5,3,5,5,5,1,3,3,4,5,5,4,5,1,5,1,2018,No,Keep the lawls,Poke music / Pokelawls twitch,Hes the realest streamer out there and  shalling together makes it like a social thing not just getting stoned to forget shit or to feel better,anything that makes poke happy,"MOVIE , jk  i like anything poke makes i just wish some of it was saved, its fun to hear the shit he comes up with",after all the shit with xqc  you two are my favorite besides deme and jerma ,idk maybe try stalker if he hasnt yet,honestly anyone that  wont cause drama idc who with just it has to have good vibes ,waga,lego star wars just Cause of nostalgia ,fantastic mr.fox,i like to0 many to come up with an answer tbh,,burgers or chicken strips,
3/25/2025 2:21:08,19-24,"5'7"" to 5'11""",225-274,Some highschool,Unemployed,Less than $20k,North America,White,Male,Asexual / Demisexual,Cisgender,Atheist / Agnostic,Apolitical,Single,Canada,,Cat,Always,Bong,Yes,Yes,Yes,No,No,No,No,No,No,No,Yes,No,No,No,No,Never,"Yes, I have VR. Poke contributed",No,"Yes, Poke was a reason",No,No,,1,Weed Son,Prime subbed,Chatterino / Offline chatting,Yes,Yes,Yes,"Desktop, Laptop, Mobile",Every stream,Lurker,Yes,"Yes, but not active",No,Mentioned by another streamer,11+,2-3,A healthy mix of both,5,4,2,2,4,3,3,2,5,5,2,5,5,5,1,2,2,2,3,4,5,3,1,2,1,2017,I dont care,Keep the lawls,I don't care,,,,,,,waga,,,,,,
3/25/2025 2:21:14,25-32,"5'7"" to 5'11""",225-274,Some college,Part time,$100k+,North America,White,Male,Straight,Cisgender,Atheist / Agnostic,Apolitical,Single,Illinois (IL),,Dog,A few times a day,Vape,Yes,Yes,No,No,No,No,No,No,No,No,No,No,No,No,Yes,A few times a month,No VR,No,No,No,No,,1,Weed Son,No,Twitch Sidebar / Dashboard,No,Yes,Dont care,Desktop,Every stream,Lurker,No,No,No,Twitch recommended,11+,4-6,A healthy mix of both,,,,,,,,,,,,,,,,,,,,,,,,,,2016 or earlier,I dont care,I don't care,I don't care,"Anything, i like who he is as a person","Maybe Gigi being more involved, but that seems to be happening already",,CDNthe3rd,,,juh,warcraft 3 frozen throne,aladdin,fred again,pendulum-hold your colour,quesadilla ,
3/25/2025 2:21:17,25-32,"6' to 6'3""",125-174,Associates / Trade,Self employed / 1099,$20k-$50k,North America,White,Male,Straight,,Atheist / Agnostic,Liberal,Single,California (CA),,"Bird, tortoise",Once a day,"Joint, Vape",No,No,No,No,No,No,No,No,No,No,No,No,No,No,Yes,Never,No VR,No,No,No,No,,1,Weed Son,Prime subbed,Twitch Sidebar / Dashboard,No,Yes,Dont care,Desktop,Every stream,Seldom chatter,No,No,No,Youtube recommended / clip compilation,1-2,2-3,A healthy mix of both,5,3,2,4,3,3,5,5,5,4,3,5,5,3,1,2,4,4,5,4,4,3,1,1,1,2022,I dont care,I don't care,I don't care,"Just being himself, doesnt have to put on a crazy show, you do you and I watch.","anything but wow, im sorry its just so boring to watch.","not really, ive always been a hiphop head so anything along the lines of that im good with, but exploring new stuff is no problem.","Jerma985, Cyr","champions of norrath, its an old PS2 game. One of my favorites",summit1g,"genuinely dont care about emotes too much, but pokeSteam  makes me laugh",battlefield bad company 2,Dazed and Confused,lately been listening to a lot of Cookin Soul,In Decay by Com Truise,persian food,
3/25/2025 2:21:31,19-24,"5'7"" to 5'11""",175-224,Some college,Full time,$20k-$50k,North America,Hispanic / Latino,Male,Straight,Cisgender,Atheist / Agnostic,Socialist,Single,California (CA),,"Dog, Fish, Bird",A few times a year,Joint,Yes,Yes,No,No,No,No,No,No,No,No,No,No,No,No,Yes,A few times a year,No VR,No,No,No,No,,2,Weed Son,No,Twitch Sidebar / Dashboard,No,Yes,Yes,"Desktop, Laptop",A few times a month,Lurker,No,No,No,Mentioned by another streamer,11+,2-3,A healthy mix of both,4,5,2,2,4,4,3,1,3,3,2,2,1,2,1,3,3,2,4,3,2,4,1,2,2,2020,I dont care,Change the name,Poke music / Poke twitch,,,,,,,,,,,,,
3/25/2025 2:21:44,25-32,"6' to 6'3""",125-174,Associates / Trade,Unemployed,Less than $20k,North America,White,Male,Straight,Cisgender,Atheist / Agnostic,Socialist,Single,Kansas (KS),,"Dog, Cat",A few times a year,,Yes,No,No,No,No,No,No,No,No,No,No,No,No,No,Yes,A few times a year,"Yes, I have VR",No,No,No,No,,1,League Daughter,Prime subbed,"Twitch Sidebar / Dashboard, Mobile Notifications, Chatterino / Offline chatting",Yes,Yes,Yes,"Desktop, Mobile",Every stream,Active chatter,No,"Yes, but not active",No,LSF / Reddit,7-8,2-3,A healthy mix of both,5,4,5,4,4,3,5,3,5,4,2,3,1,1,1,1,3,4,5,4,5,3,3,3,,2018,Yes,Keep the lawls,I don't care,,IRL with Gigi,,,,,Crunch,Fallout New Vegas,The Shining,,,Burritos,
3/25/2025 2:21:49,25-32,"6' to 6'3""",175-224,Associates / Trade,Self employed / 1099,,North America,White,Male,Straight,,Atheist / Agnostic,Conservative,Single,Ohio (OH),,Dog,Always,,Yes,Yes,No,No,No,No,No,No,No,No,Yes,No,No,No,Yes,A few times a month,"Yes, I have VR",No,No,No,No,,1,Weed Son,Prime subbed,Twitch Sidebar / Dashboard,No,Yes,Dont care,Desktop,Every stream,Seldom chatter,No,No,No,Mentioned by another streamer,11+,2-3,"Spontaneous, unpredictable content",2,5,4,3,3,1,5,3,3,3,1,4,5,3,5,2,4,3,3,3,4,5,1,1,2,2018,No,Change the name,Poke music / Poke twitch,"comedy, music, shall we","Music, an actual comp grind in any game to a high level, Viewer 1v1's for small rewards, more scary games because you meltdown and that's funny.",Just do more genres in general. Can't think of anything specifically but it's never bad to broaden horizons. Fun for chat to see you experiment as well.,Summit1g,Rocket League highest skill ceiling game imo with crazy tech. I always figured you would play this since you are a car guy and tech guy it can be hard at first but once you start getting the hang of it it's really fun.,Asmongold,Fadedthanaglorp,City of Heroes/villians first mmo experience as a young lad,joe dirt life's a garden dig it,"linkin park hybrid theory/meteora, was my first physical CD set as a kid stuck with me forever",Hybrid Theory,Chicken and Rice,
3/25/2025 2:22:18,19-24,"5'7"" to 5'11""",225-274,High school / GED,Unemployed,Less than $20k,North America,Asian / Pacific Islander,Male,Straight,Cisgender,Christian,Liberal,Single,California (CA),,Dog,Never tried it,,Yes,No,No,No,Yes,No,No,No,No,No,Yes,No,No,No,Yes,A few times a year,No VR,No,No,No,No,,1,Weed Son,Prime subbed,Mobile Notifications,No,Yes,Yes,"Desktop, Mobile",A few times a week,Lurker,No,"Yes, but not active",No,Twitch recommended,5-6,2-3,A healthy mix of both,4,5,3,,4,2,3,1,3,3,1,2,4,3,1,4,3,2,3,4,4,5,1,3,1,2019,I dont care,I don't care,I don't care,his vibes ,IRL,no,stableronaldo,Vr Chat,,LOL,Grand Theft Auto V,Fast and Furious Tokyo Drift ,Ken Carson ,A Great Chaos ,Chicken Sandwiches ,
3/25/2025 2:22:19,19-24,"5'3"" to 5'6""",175-224,Some highschool,,,Australia,Multiethnic,Male,Straight,Cisgender,Atheist / Agnostic,,Single,,,Dog,Always,"Bong, Vape",Yes,Yes,Yes,Yes,Yes,No,No,No,No,No,Yes,No,Yes,No,No,A few times a year,No VR,No,No,Balding,No,,2,Weed Son,No,"Twitch Sidebar / Dashboard, Mobile Notifications",No,Yes,Yes,"Desktop, Mobile, Tablet",Every stream,Active chatter,No,"Yes, but not active",No,Youtube recommended / clip compilation,11+,2-3,A healthy mix of both,5,5,5,5,5,5,5,3,5,5,3,3,5,3,1,5,3,4,5,5,5,5,2,2,1,2017,I dont care,I don't care,I don't care,short n fat arab,irl n more jerma vinny n ster ,,jerma,horror games cause he's actually scared,jerma ,Buggin,,"Robots, and Meet the Robinsons",i dunno asap rocky or someone,Acid Rap ,plain bagel with a half pound of creamcheese,
3/25/2025 2:22:27,25-32,"5'7"" to 5'11""",175-224,Bachelor's,Self employed / 1099,$20k-$50k,North America,White,Male,Straight,Cisgender,Atheist / Agnostic,Socialist,Dating,Maine (ME),,No pets,Never tried it,,Yes,No,No,No,No,No,No,No,No,No,No,No,No,No,No,Never,No VR,No,No,No,No,,1,League Daughter,Prime subbed,"Twitch Sidebar / Dashboard, Mobile Notifications",No,Yes,Dont care,Desktop,Every stream,Active chatter,No,No,No,Streamer collab,11+,2-3,A healthy mix of both,5,5,5,5,5,5,5,5,2,4,1,5,5,5,1,1,3,5,5,5,5,5,1,1,1,2018,Yes,Change the name,Poke music / Poke twitch,Variety gaming/ funny jokes,"Variety gaming, story games like Zelda/ Red Dead Redemption 2, Music, Random games on steam",house rap, CDNthe3rd,Zelda Twilight Princess ,Caseoh,catPls,Witcher 3,,The Story So Far,What You Don't See - The Story So Far,orange chicken,
3/25/2025 2:22:27,25-32,"5'3"" to 5'6""",125-174,Some highschool,Part time,Less than $20k,North America,White,Male,Straight,,Atheist / Agnostic,Liberal,Dating,Florida (FL),,"Cat, Snake",A few times a day,"Pipe, One Hitter",No,No,No,No,Yes,No,No,No,No,No,No,No,No,No,Yes,A few times a week,No VR,No,No,No,No,,1,Weed Son,Prime subbed,"Twitch Sidebar / Dashboard, Mobile Notifications",No,Yes,Dont care,"Mobile, Gaming console",Every stream,Seldom chatter,No,No,No,"Word of mouth, from a friend",3-4,1,A healthy mix of both,5,4,4,4,4,3,5,4,4,4,3,2,5,4,1,5,3,5,3,5,4,5,1,3,1,2020,I dont care,I don't care,Poke music / Pokelawls twitch,Bros humor is unmatched. I mostly enjoy when he plays shitty games but somehow makes them entertaining ,I mean I’ll be real I miss my man bogg but I’m guessing RP is kinda dead. I think id like to see poke play more silly solo games and less TikTok I always check out when that happens,"Alt rock, and fuck it bro try some boot scoot and boogy country music. He is a Texan after all ",Poke,The long drive is always good. And Dayz for sure,XQC. Hah just kidding it’s definitely Jerma,Idk man,"I can’t choose so I’ll list 3. HALO 2, Skyrim, Minecraft ",The shining,right now it’s “Dead Poet Society” “Gideon” “AURORA” and “Badflower”,Pink Floyd’s The Wall ,Anything with rice and meat ,
3/25/2025 2:22:49,25-32,"6' to 6'3""",225-274,Associates / Trade,Full time,$50k-$100k,North America,Asian / Pacific Islander,Male,Straight,Cisgender,Atheist / Agnostic,Liberal,Dating,Canada,,Cat,A few times a day,Joint,Yes,Yes,No,No,No,No,No,No,No,No,No,No,No,No,No,A few times a week,"Yes, I have VR",No,No,Yes,No,,2,League Daughter,No,Twitch Sidebar / Dashboard,No,No,Yes,"Desktop, Mobile, Tablet, TV app",A few times a month,Lurker,,No,No,Mentioned by another streamer,3-4,2-3,A healthy mix of both,5,5,4,4,,5,5,5,5,5,5,5,5,5,5,5,5,5,5,5,5,5,1,5,5,2021,I dont care,Keep the lawls,I don't care,"zaza, laugh, content","idc, keep doing what ur doing","idc, keep ding what ur doing",kai,gta6,kai,i dont use emote,cyberpunk 2077,spiderman across the spider verse,"kendrick, bad bunny, kenzo balla, bigxthaplug, lazer dim, ye, freddie gibbs, sza, asap rocky, frank ocean, tyler,  chief keef",tbap,poutine,"im high af, long ahh survey, fun to answer tho <3"
3/25/2025 2:23:00,19-24,"5'7"" to 5'11""",175-224,Some highschool,Unemployed,Less than $20k,North America,White,Male,Straight,Cisgender,Atheist / Agnostic,Centrist,Single,Colorado (CO),,Dog,Tried and quit,,No,No,No,No,No,No,No,No,No,No,No,No,No,No,Yes,A few times a year,"Yes, I have VR",No,No,No,No,,1,Weed Son,No,Twitch Sidebar / Dashboard,No,Yes,Yes,"Desktop, Mobile",A few times a week,Lurker,No,No,No,Youtube recommended / clip compilation,7-8,4-6,A healthy mix of both,3,2,2,3,3,5,3,3,4,4,2,3,2,2,1,2,2,3,3,4,4,4,1,3,1,2022,I dont care,I don't care,Poke music / Pokelawls twitch,"Sub Alert, friends, fat",Not league,I only listen to metal,Jerma,Just not league,"Criken, Charborg, and wobo",I dont care,Bioshock 2,Shrek,"The Plot in You, Breaking Benjamin, Linkin Park, Three Days Grace",One X Three Days Grace,Wings,
3/25/2025 2:23:01,25-32,"5'7"" to 5'11""",125-174,Bachelor's,Unemployed,$50k-$100k,North America,White,Male,Straight,Cisgender,Atheist / Agnostic,Centrist,Dating,Canada,,No pets,Tried and quit,Edible,Yes,Yes,No,No,No,No,No,No,No,No,No,No,No,No,Yes,A few times a month,"Yes, I have VR. Poke contributed",No,No,Balding,No,,2,Weed Son,Prime subbed,Twitch Sidebar / Dashboard,Yes,Yes,Yes,Desktop,A few times a week,Lurker,No,"Yes, but not active",No,Twitch recommended,11+,2-3,A healthy mix of both,5,5,5,4,3,5,5,3,3,5,2,2,2,3,3,1,2,3,5,4,4,2,1,2,3,2018,I dont care,Keep the lawls,I don't care,Chill Vibes,VR Related Content,"No, I like Poke's style :)",Summit1g,Assetto Corsa,Summit1g,widePeepoHappy,Mordhau,Ready Player One,Fox Stevenson,Stan SB - Anyone Out There,Mac and Cheese,
3/25/2025 2:23:45,25-32,"6'4""+",175-224,Associates / Trade,Unemployed,Less than $20k,North America,Black,Male,Bisexual / Pansexual,Cisgender,Atheist / Agnostic,,Single,Michigan (MI),,"Dog, Cat",Never tried it,,Yes,No,No,No,No,No,No,No,No,No,No,No,Yes,No,Learners permit,A few times a month,No VR,No,No,No,No,,1,Weed Son,Prime subbed,"Mobile Notifications, Discord notications",No,Yes,Yes,"Desktop, Mobile",Every stream,Seldom chatter,No,"Yes, but not active",No,Streamer collab,9-10,1,Planned events with set schedules,4,5,5,4,3,5,5,3,3,3,2,5,5,1,4,3,3,5,5,4,3,3,1,1,1,2020,I dont care,I don't care,I don't care,"Collabs, gaming, some react content",Collabs,"Future Bass, Kawaii Hyperpop AYAYA",Jerma985,,,buh,,,"Snail's House, Elliot Hsu, PinocchioP, Waterflame",,Burger,
3/25/2025 2:24:34,25-32,"5'7"" to 5'11""",125-174,Some college,Unemployed,$50k-$100k,North America,White,Male,Straight,Cisgender,Christian,Apolitical,Married,Virginia (VA),,"Dog, Fish, Lizard / Reptile / Dragon",Always,Bong,Yes,Yes,No,No,No,No,No,No,No,,No,No,No,No,Yes,A few times a month,No VR,No,No,No,Veteran,,2,Weed Son,Prime subbed,Chatterino / Offline chatting,Yes,Yes,Yes,"Desktop, Mobile",Every stream,Seldom chatter,Yes,"Yes, but not active",No,Streamer collab,11+,2-3,"Spontaneous, unpredictable content",4,3,4,3,5,2,4,2,3,3,3,3,3,2,1,2,3,3,4,3,5,3,1,2,3,2018,No,Change the name,Poke music / Poke twitch,The community,more community games,,,,,dogArrive,Rocket league,Top gun,"skillet, juice wrld, NF",Perception- NF,pizza,ty xintho catKISS
3/25/2025 2:24:41,25-32,"6' to 6'3""",175-224,Bachelor's,"Student, not working",Less than $20k,Europe,White,Male,Straight,Cisgender,Atheist / Agnostic,Centrist,Single,,Netherlands,No pets,A few times a week,,Yes,No,No,No,No,No,No,No,No,No,No,No,No,No,Yes,A few times a month,No VR,No,No,No,No,,3,Weed Son,No,"Twitch Sidebar / Dashboard, Mobile Notifications, Discord notications, Chatterino / Offline chatting",Yes,Yes,Yes,"Desktop, Mobile, TV app",Every stream,Seldom chatter,No,"Yes, but not active",No,Streamer collab,3-4,2-3,A healthy mix of both,5,5,3,4,5,5,4,3,4,4,1,3,5,4,1,3,2,4,5,5,3,4,1,1,4,2020,I dont care,I don't care,I don't care,His sense of humour,Voices of the Void. But I do understand he's seen most of the game. Also bumper contest.,I personally love to hear Drum and Bass from Poke. Also I think the Stranogo flow still has potential.,forsen,Factorio,More four horsemen!,glorp,Factorio,Blade Runner,Pink Floyd,Wish you were here,Thai curries,
3/25/2025 2:25:29,25-32,"6' to 6'3""",125-174,Bachelor's,Self employed / 1099,$20k-$50k,North America,White,Male,Straight,Cisgender,Judaism,Centrist,Single,Illinois (IL),Other,"Dog, Cat",Once a day,Dabbing,Yes,Yes,No,No,No,No,No,No,No,No,No,No,Yes,No,Yes,A few times a year,No VR,No,"Yes, Poke was a reason",Yes,No,,1,Weed Son,Prime subbed,"Twitch Sidebar / Dashboard, Email notifications",No,Yes,Yes,Desktop,Every stream,Active chatter,No,No,No,Youtube recommended / clip compilation,3-4,2-3,A healthy mix of both,4,4,3,3,4,4,4,5,5,4,4,3,4,3,3,5,4,4,4,4,4,5,4,3,1,2020,I dont care,I don't care,I don't care,,,,,,,,,,,,,
3/25/2025 2:26:23,19-24,"5'7"" to 5'11""",125-174,Some college,Unemployed,Less than $20k,North America,White,Male,Straight,Cisgender,Atheist / Agnostic,,Single,Florida (FL),,Dog,Always,"Bong, Dabbing, Joint, Vape",No,No,Yes,Yes,Yes,No,No,No,Yes,No,Yes,No,No,No,Yes,A few times a year,No VR,No,No,No,No,,1,Weed Son,Gifted sub,"Twitch Sidebar / Dashboard, Mobile Notifications",No,Yes,Yes,"Desktop, Laptop, Mobile",Every stream,Active chatter,No,"Yes, but not active",No,Streamer collab,11+,7+,"Spontaneous, unpredictable content",5,5,5,2,4,1,3,1,3,1,2,4,5,1,1,5,1,3,3,3,4,1,1,5,1,2021,I dont care,I don't care,I don't care,React content and IRL streams,more IRL streams and more driving on the sim,JERK BEATS,Zoil,iRacing,Zoil,Glorp,Destiny 1,Pulp Fiction,"Three 6 Mafia, Mac Miller, The Smashing Pumpkins",Siamese Dream - The Smashing Pumpkins,Omelette w/ Hashbrowns ,
3/25/2025 2:26:49,33-39,"6' to 6'3""",125-174,Bachelor's,Full time,$20k-$50k,North America,White,Male,Straight,Cisgender,Atheist / Agnostic,Socialist,Single,Pennsylvania (PA),,Dog,A few times a day,"Dabbing, Vape, Edible",No,No,No,No,No,No,No,No,No,No,No,No,No,No,Yes,A few times a year,No VR,No,"Yes, Poke was a reason",No,No,,1,Weed Son,No,Chatterino / Offline chatting,Yes,Yes,Yes,"Desktop, Mobile",A few times a week,Active chatter,No,No,No,Host / Raid,5-6,4-6,A healthy mix of both,4,5,4,3,4,3,4,2,4,5,2,2,3,3,1,5,4,4,4,5,5,5,3,3,1,2020,I dont care,Change the name,Poke music / Poke twitch,the farts,community games,1970 experimental jazz ,jerma,Voices of the Void,"Jerma, Summit",aga,GTA Vice City,Jurassic Park,RadioHead,idk bruh ,Butter,more farts next time Mhm
3/25/2025 2:26:50,25-32,"5'3"" to 5'6""",Under 125,Bachelor's,Unemployed,$50k-$100k,North America,White,Non Binary,Bisexual / Pansexual,Transgender,Buddhism,Socialist,Engaged,California (CA),,Cat,Always,"Pipe, Edible",Yes,Yes,No,No,No,No,No,No,Yes,No,No,No,No,No,Yes,A few times a year,No VR,Yes,No,No,No,,1,League Daughter,Gifted sub,"Twitch Sidebar / Dashboard, Chatterino / Offline chatting",Yes,Yes,Yes,"Desktop, Laptop, Mobile",Every stream,Seldom chatter,No,No,No,Mentioned by another streamer,9-10,4-6,A healthy mix of both,5,4,5,5,5,1,5,1,2,5,1,5,5,5,3,3,5,5,5,5,5,5,2,2,3,2021,I dont care,Change the name,Poke music / Pokelawls twitch,"Chat is funny, laid-back and non-toxic; the right mix of streamer/chatter interaction; overall comfy vibes; sub alert / bumper contests","sub alert / bumper contests, maybe art channel on discord(idk if this exists)",I like all movie music,"39daph, northernlion, supertf","Valheim w/mods, ATLYSS, DoS2, horror games",,aga ,Harvest Moon AWL,Scott Pilgrim vs The World,"sewerslvt, kendrick, glass beach",Vampire Weekend,,aga
3/25/2025 2:27:02,25-32,"5'7"" to 5'11""",125-174,Some college,Full time,$20k-$50k,North America,Hispanic / Latino,Gender Fluid,Bisexual / Pansexual,Transgender,Atheist / Agnostic,Socialist,Single,Michigan (MI),,No pets,A few times a day,,Yes,No,No,No,No,No,No,No,No,No,No,No,No,No,Yes,A few times a year,"Yes, I have VR. Poke contributed",No,"Yes, Poke was a reason",No,No,,2,League Daughter,Prime subbed,"Twitch Sidebar / Dashboard, Chatterino / Offline chatting",No,Yes,Yes,"Desktop, Mobile",Every stream,Seldom chatter,No,No,No,Streamer collab,3-4,2-3,A healthy mix of both,5,4,3,3,5,4,4,4,4,5,3,3,5,4,2,5,2,4,4,4,4,5,2,2,2,2018,Yes,Change the name,Poke music / Poke twitch,chill and funny streamer/community. enjoy the music streams and the music he listens to (for the most part) ,"music streams, bogg, voices of the void, IRL, horsemen/playing with friends, spamming weird/goofy games,",,Jerma and Will Neff,voices of the void and grand theft auto 5/6,,Buggin,Pokemon Fire Red,Fight Club,Frank Ocean,Blonde,Chile Relleno,
3/25/2025 2:27:24,19-24,"5'7"" to 5'11""",125-174,Some highschool,Part time,Less than $20k,North America,White,Male,Straight,Cisgender,Atheist / Agnostic,Centrist,Single,Ohio (OH),,"Dog, Cat",Always,"Bong, Blunt, Dabbing, Pipe, Joint, Spliff, Vape",Yes,Yes,Yes,No,No,No,No,No,No,No,No,Yes,Yes,No,Yes,A few times a week,No VR,No,No,No,No,,1,Weed Son,No,Twitch Sidebar / Dashboard,Yes,Yes,Yes,"Desktop, Mobile, TV app, Gaming console",Every stream,Active chatter,No,"Yes, but not active",No,Mentioned by another streamer,7-8,7+,A healthy mix of both,5,4,5,2,3,2,5,3,3,5,3,5,5,5,3,4,2,5,5,5,5,5,1,3,1,2019,No,Keep the lawls,Poke music / Pokelawls twitch,"everyone is high and its always a good time, if it isnt he literally just ends lol","community games ( things like motortown , new world , wow )",SWAMP IZZO,erobb221,escape from tarkov,erobb221,omeFaded,escape from tarkov,the dark knight,"future (the goat), lucki, young nudy, carti, summrs",up 2 me - yeat,double bacon cheeseburger,aga
3/25/2025 2:27:39,19-24,"5'7"" to 5'11""",175-224,High school / GED,Unemployed,Less than $20k,North America,White,Male,Straight,Cisgender,Atheist / Agnostic,Socialist,Single,Louisiana (LA),,"Dog, Cat, Lizard / Reptile / Dragon",Never tried it,,No,Yes,No,No,No,No,No,No,No,No,No,No,No,No,No,A few times a week,"Yes, I have VR",No,No,No,No,,2,League Daughter,Gifted sub,Twitch Sidebar / Dashboard,No,Yes,Yes,"Desktop, Mobile",A few times a week,Lurker,No,No,No,Streamer collab,3-4,4-6,A healthy mix of both,4,3,4,2,3,3,5,1,2,4,3,2,5,3,1,4,4,3,3,3,2,1,3,4,1,2017,I dont care,Keep the lawls,I don't care,Chill,Multiplayer Games,Synth pop,Summit1g,Brotato,Summit1g,Wowee,Castle Crashers,Night Crawler,Everything Everything,Is This It By The Strokes,Pasta,
3/25/2025 2:29:21,25-32,"6' to 6'3""",175-224,Bachelor's,Unemployed,$20k-$50k,North America,White,Male,Straight,Cisgender,Atheist / Agnostic,Liberal,Single,California (CA),,Cat,A few times a day,Bong,Yes,Yes,No,No,No,No,No,No,No,No,Yes,No,No,No,Yes,Never,No VR,No,No,No,No,,1,Weed Son,Gifted sub,"Twitch Sidebar / Dashboard, Mobile Notifications",Yes,Yes,Yes,Mobile,A few times a week,Seldom chatter,Yes,"Yes, but not active",No,Streamer collab,7-8,4-6,A healthy mix of both,5,1,3,,,5,5,5,1,1,1,1,3,1,1,1,1,5,5,4,1,1,1,1,1,2018,I dont care,Change the name,Poke music / Poke twitch,I enjoy that he is really good at rolling with whatever bits are throwing his way in collabs. Also seeing him interact with vinesauce and try to find common ground even though there is a big age gap is hilarious and I love it. Ive been watching vinesauce since 2014 so seeing them collab has been a dream come true :),"I want to see more old PC games. Like point and click games like ""Harvester"" or similar ones. Just some really out there old games with a little bit of crust to them. Those are my favorite kinds of streams. I really enjoyed the signal simulator streams.","I really think he should make more beats using jazz fusion samples. Or just in general sampling more jazz for his beats. Like some nujabes style beats. Or some MadLib style ones. This isnt a knock btw, poke is very talented. just wanted to give my preference input :) ","Vinny, Jerma, Vargskelethor, Ster, Moonmoon. They are all tied for my favorite besides poke",Harvester (1996) Its an insanely surreal point and click I think he would like how weird it is,I love the Four Horseman streams. But I think Poke should collab with Vargskelethor. They were in the houseflipper contest together,atpCap. Its one of Aris's emotes. Its of Picard facepalming,Monster Hunter Tri,The Exorcist 3 ,"Steely Dan, Masayoshi Takanaka, MF DOOM, Wu Tang Clan, Weather Report, ELO, Pink Floyd, Pat Metheny Group, Charles Mingus",Royal Scam - Steely Dan,California Rolls,"I think it would be interesting to see what areas of work we work in, for instance I work in broadcast television and I would love to know what other people work in, I think it would be interesting but also people might joke and all just select doctor or something. lol. "
3/25/2025 2:30:00,16-18,"5'7"" to 5'11""",175-224,Some highschool,Part time,Less than $20k,North America,White,Male,Straight,Cisgender,Islam,Centrist,Dating,Missouri (MO),,Cat,Always,"Dabbing, Vape, Edible",No,No,Yes,No,No,No,No,No,No,No,Yes,No,No,No,Yes,A few times a year,"Yes, I have VR",No,No,No,No,,2,Weed Son,Prime subbed,Twitch Sidebar / Dashboard,Yes,Yes,Yes,"Desktop, Mobile",Every stream,Seldom chatter,No,No,No,Mentioned by another streamer,5-6,2-3,A healthy mix of both,5,3,3,3,4,2,5,2,4,4,3,4,3,3,1,5,4,4,4,3,2,4,1,2,3,2023,No,Change the name,Poke music / Poke twitch,the humor,IRL,,,"Terraria, factorio",,Allen,Terraria,The Perks of Being a Wallflower,"Aphex Twin, STRFKR, Tame Impala",Starfucker - STRFKR,Kvrguša/Klujkuša (Bosnian Chicken Pie),
3/25/2025 2:30:20,25-32,"5'7"" to 5'11""",125-174,High school / GED,Other,$20k-$50k,North America,Other,Male,Straight,Cisgender,,Centrist,Single,Canada,,"Cat, 5 cats",Always,Vape,No,No,No,No,No,No,No,No,No,No,No,No,No,No,Learners permit,Most days,No VR,No,No,No,No,,1,League Daughter,Prime subbed,"Discord notications, Chatterino / Offline chatting",Yes,Yes,Dont care,Desktop,Every stream,Active chatter,Yes,"Yes, but not active",No,Mentioned by another streamer,3-4,1,A healthy mix of both,3,4,3,5,5,5,5,5,5,2,1,3,4,1,1,5,2,4,5,5,5,5,1,1,1,2020,No,I don't care,Poke music / Poke twitch,just everything ,irl,anything,no one,red dead redemption 2,kitboga,PackTime,arma reforger,idk ,idk,idk,pizza,thanks xintho
3/25/2025 2:31:01,25-32,"6' to 6'3""",175-224,Some college,Unemployed,Less than $20k,North America,White,Male,Straight,Cisgender,Atheist / Agnostic,Centrist,Single,California (CA),,Cat,Always,Vape,Yes,Yes,No,No,No,No,Yes,No,No,No,Yes,No,No,No,No,A few times a week,No VR,No,No,No,No,,1,Weed Son,Prime subbed,"Twitch Sidebar / Dashboard, Mobile Notifications",No,Yes,Yes,"Desktop, Laptop, Mobile, TV app",Every stream,Active chatter,No,"Yes, but not active","Yes, but not active",Youtube recommended / clip compilation,3-4,2-3,A healthy mix of both,4,5,2,3,3,3,4,4,5,5,5,5,5,3,3,5,3,5,5,5,5,4,2,4,2,2019,I dont care,I don't care,Poke music / Pokelawls twitch,"funny interactions with chat, just good chill vibes ",cooking streams,Drum n Bass / breakcore (ask peter griffin),Sodapoppin,baldur's gate 3 ,more stuff with Simply (other than music),agastoned,"Kingdom Hearts 2 , Baldur's Gate 3 , Rocket League","Scott Pilgrim vs the World , The Matrix ","Sewerslvt/Cynthoni , Suicideboys",Draining Love Story - Sewerslvt,Cheeseburger,
3/25/2025 2:31:06,25-32,"6' to 6'3""",225-274,Bachelor's,Full time,$20k-$50k,North America,White,Male,Straight,Cisgender,Atheist / Agnostic,Liberal,Single,Idaho (ID),,Dog,Once a day,"Vape, Edible",Yes,Yes,No,No,No,No,No,No,No,No,No,No,No,No,Yes,A few times a year,"Yes, I have VR",No,No,No,No,,1,League Daughter,Gifted sub,"Twitch Sidebar / Dashboard, Email notifications",No,Yes,Yes,Desktop,Every stream,Seldom chatter,No,No,No,Mentioned by another streamer,5-6,2-3,"Spontaneous, unpredictable content",5,3,4,5,2,2,5,2,4,5,2,5,1,3,1,3,3,5,4,4,3,5,1,2,1,2020,No,Keep the lawls,I don't care,,,,Jerma,,,buh,Halo 3,,,,,
3/25/2025 2:31:12,19-24,"6' to 6'3""",125-174,Some college,Full time,$20k-$50k,North America,Other,Male,Questioning,Cisgender,Atheist / Agnostic,Centrist,Single,Alabama (AL),,Dog,Always,,No,No,No,No,No,No,No,No,No,No,No,No,No,No,Yes,A few times a year,"Yes, I have VR",No,No,No,No,,2,,Normal sub,Twitch Sidebar / Dashboard,Yes,No,Dont care,"Desktop, Laptop, Mobile, TV app",A few times a week,Seldom chatter,No,No,No,Mentioned by another streamer,7-8,7+,A healthy mix of both,5,4,3,1,4,5,3,2,4,4,4,4,5,3,2,4,2,3,5,4,5,3,3,3,2,2020,I dont care,I don't care,I don't care,"Smiling and laughing at stuff. Being engaged with something on stream and still managing to bring in things from outside of the engagement. The most important thing I find I watch every streamer I follow for is their tenacity in character, being very considerate and caring, slow and methodical, fast and quick witted, and whatever things let me know that the person I am watching is about good stuff for the world. Pretty much just vibes.",Whatever stuff that Poke decides he likes doing the most.,"Anything that does not destroy my ear drums is listenable to me at the very least, and I love experimenting with every sound, so yeah, just not super loud noises even though it is really funny.",The one that does the thing. Y'know em'?,"Wii Sports Bowling, Zelta TP, or Microsoft Paint.","I don't care, but I'll throw some randoms names out that might have good chemistry, SwaggerSouls, Lukabigpants, or any total curve-ball you wouldn't think like Boon or Tobs. As for the same people, I love the 4 horsemen streams and I don't remember any collabs I have not enjoyed.",LUL,computar,"My memory is bad, but I really enjoyed watching Inland Empire last week. Look Back made me cry a few months ago. So did Lain last week.. And The Book Thief yesterday... Everything Everywhere all at Once had some really fun ideas and fight scenes.",Radiohead,A Moon Shaped Pool,Sushi,"Not really sure what the point of the first page demographics are, but I guess it is just a standard in general for any census. As for additions, add some really deep and thoughtfully provoking philosophical questions and the hardest scenarios/math-problems you can think of until you have 1000 pages of questions so difficult, the questionee would have a doctorate in every college subject known to man by the time they are finished."
3/25/2025 2:31:20,19-24,"5'3"" to 5'6""",Under 125,High school / GED,Unemployed,Less than $20k,North America,White,Male,Bisexual / Pansexual,Cisgender,Atheist / Agnostic,Centrist,Single,California (CA),,"Dog, Cat",Never tried it,,No,No,No,No,No,No,No,No,No,No,No,No,No,No,Learners permit,A few times a year,No VR,No,Yes,No,No,,1,Weed Son,Prime subbed,"Twitch Sidebar / Dashboard, Mobile Notifications",No,Yes,Dont care,Desktop,Every stream,Seldom chatter,No,No,No,Streamer collab,5-6,2-3,A healthy mix of both,4,4,5,5,4,4,5,1,3,3,1,3,5,4,1,4,2,5,3,2,2,5,1,2,1,2024,I dont care,Keep the lawls,I don't care,I like when he interacts with chat and randoms in his games in funny ways and when he plays games like votv or smthn unique like that,cool single player or co-op games and other games with voip/voice chat,whatever the fight tonight song is considered ,x...,VOTV,sum,buh,terraria,baby driver,"sublime, the garden, cochise, tiacorine, tyler tc",WHY ALWAYS ME?,hot wings,
3/25/2025 2:31:49,19-24,"6' to 6'3""",225-274,Associates / Trade,"Student, not working",Less than $20k,South America,Hispanic / Latino,Male,Straight,Cisgender,Atheist / Agnostic,Centrist,Single,Florida (FL),,Dog,A few times a day,,No,No,Yes,No,No,No,No,No,No,No,No,No,No,No,Yes,A few times a year,"Yes, I have VR. Poke contributed",No,No,No,No,,2,Weed Son,Prime subbed,"Twitch Sidebar / Dashboard, Discord notications",No,Yes,Yes,"Desktop, Mobile, TV app",Every stream,Seldom chatter,No,No,"Yes, but not active","Word of mouth, from a friend",5-6,4-6,A healthy mix of both,4,5,4,4,4,5,5,4,5,3,3,5,5,4,1,3,5,5,5,4,4,5,1,3,3,2018,No,I don't care,I don't care,"when he done scrolling Tiktok/Reels/Shorts (FL Studio, games n shi)",horror games        replay outlast 1,"naw, do you",Squeex,Rocket League,Dizzy,:)),Destiny (THE FIRST ONE),2 fast 2 furious (ion b watchin mooB lye dat),Frank Kole,Drip or Drown 2,beef stir fry (dish called Lomo Saltado to be exact) nerdge,
3/25/2025 2:31:52,25-32,"5'3"" to 5'6""",175-224,Some college,"Student, not working",Less than $20k,North America,White,Male,Bisexual / Pansexual,Cisgender,Atheist / Agnostic,Liberal,Single,California (CA),,Dog,A few times a month,Vape,No,Yes,No,No,No,No,No,No,No,No,No,No,No,No,Yes,Never,"Yes, I have VR. Poke contributed",No,Yes,No,No,,1,Weed Son,No,Twitch Sidebar / Dashboard,Yes,Yes,Dont care,Desktop,A few times a month,Lurker,No,No,No,Streamer collab,3-4,2-3,A healthy mix of both,5,5,5,1,5,2,4,4,1,1,1,2,1,1,1,2,1,4,4,1,1,4,1,2,1,2020,I dont care,I don't care,I don't care,Weedfrog is great around other like minded funny people. Weedfrog has great timing and delivery on funny encounters and bit moments.,I just want weedfrog to be happy and thriving. If hes good im good.,I'm not musically inclined. No comment.,MoonMoon,N/A,Surprise us. Find some unknown funny people and bring them into the spotlight.,xdd,vrchat,The Perks of Being a Wallflower,"Kanye West (only including and before ""My Beautiful Dark Twisted Fantasy"")",The College Dropout,Carne Asada Fries (Homemade),N/A
3/25/2025 2:32:46,33-39,"5'7"" to 5'11""",125-174,Bachelor's,Part time,$20k-$50k,North America,White,Male,Straight,,Other,Conservative,Single,Utah (UT),,Cat,A few times a week,Edible,No,Yes,No,No,Yes,No,Yes,No,No,No,Yes,No,No,No,Yes,Never,No VR,No,No,No,No,,1,Weed Son,No,Discord notications,Yes,Yes,Yes,"Desktop, Laptop, Mobile, TV app",A few times a week,Lurker,Yes,"Yes, but not active","Yes, but not active",Mentioned by another streamer,11+,2-3,A healthy mix of both,5,5,4,4,5,5,5,5,3,5,3,5,4,3,2,5,5,5,5,4,5,5,4,5,1,2020,I dont care,I don't care,Poke music / Pokelawls twitch,"From a stream standpoint, Gaming with friends, anything with VOIP, GG / Poke gaming, brainrot content. As a person, relatable in a lot of ways and very real / grounded as a  human. Not a lot of dramatic hype like other streams, always on the pulse with creative ideas. Where some streamers I watch see and playout situations normally, Poke usually puts a comedic/creative twist on the same situation. Biased take, but that's what made me think ""shit, ive been on the wrong streams"" once i randomly stumbled across his.",Everything.,"I'm an EDM producer and originally found his stream when my manager told me to start streaming during covid. I love all genres and so I'm just jazzed hearing him do whatever he's feeling at the moment. I've taken and posted a few songs on the reddit (@kollaba) so it's been cool to be able to flip whatever he makes into something else.

For my own music background: EDM Producer/DJ toured for 8 years. manager intro'd me to twitch during covid so we could continue with online shows after our tour was cancelled. Explored the site and came across Poke. My old project (X&G) has now finished but had worked with skrillex, dumbfounded, anderson paak, and many other artists.",Vinesauce / Jerma / Kai (shorts & events he goes to largely),"GTA 6 when it drops more than anything, everything and anything (besides league) until then","The same 4 homies he's been gaming with recently, and somehow get Dizzy back in the mix",EZ,Halo 2 (old),more of a tv show person,too many all genres,"nirvana new york live album, timeless","everything, ramen","if it applies, maybe a ""What's Your Favorite TV Show"" question as well. "
3/25/2025 2:33:02,25-32,"5'7"" to 5'11""",125-174,High school / GED,Unemployed,Less than $20k,North America,White,Male,Straight,,Atheist / Agnostic,Centrist,Single,Canada,,Cat,A few times a day,"Bong, Joint, Vape",Yes,Yes,No,No,No,No,No,No,No,No,No,No,No,No,No,A few times a month,No VR,No,No,No,No,,1,Weed Son,No,Twitch Sidebar / Dashboard,No,Yes,Yes,Desktop,A few times a week,Lurker,No,No,No,Streamer collab,5-6,2-3,A healthy mix of both,3,3,4,4,4,4,4,2,4,4,3,4,5,3,1,4,3,4,5,3,4,5,2,3,1,2019,I dont care,Keep the lawls,I don't care,Game chat tomfoolery,Music collaborations potentially?,"Anything really, legit songs or funny songs either way are great to watch",summit1g,Old School Runescape LUL,More Jerma!,WalterVibe and OOOO,Red Dead Redemption (2010),Interstellar,The Weeknd,Luv is Rage 2,Nachos/Tacos,
3/25/2025 2:33:21,19-24,"6' to 6'3""",125-174,Associates / Trade,Unemployed,Less than $20k,North America,White,Male,Straight,Cisgender,Atheist / Agnostic,Socialist,Single,Wisconsin (WI),,Cat,Never tried it,,No,Yes,No,No,No,No,No,No,No,No,No,No,No,No,Yes,A few times a month,No VR,No,No,No,No,,1,Weed Son,No,Twitch Sidebar / Dashboard,No,Yes,Yes,Desktop,A few times a month,Lurker,No,No,No,Youtube recommended / clip compilation,Less than one,2-3,A healthy mix of both,4,5,5,2,3,5,4,3,3,3,3,3,3,3,3,3,3,3,3,3,3,3,2,2,2,2016 or earlier,I dont care,I don't care,I don't care,,,,"jerma985, zfg1, forsen",,,glorp,"Dark Souls 1, MGS2",Akira,Vangelis,Random Access Memories - Daft Punk,nakji-bokkeum,NaM
3/25/2025 2:34:37,33-39,"6' to 6'3""",175-224,Bachelor's,Full time,$50k-$100k,North America,White,Male,Straight,Cisgender,Atheist / Agnostic,Socialist,Single,Texas (TX),,Dog,Once a day,"Bong, Blunt, Vape",,Yes,No,No,No,No,No,No,No,No,,Yes,,,Yes,A few times a month,"Yes, I have VR. Poke contributed",No,No,Yes,No,,1,Weed Son,Normal sub,Twitch Sidebar / Dashboard,No,Yes,Yes,"Desktop, Mobile, Tablet, TV app",A few times a week,Seldom chatter,No,"Yes, but not active",No,Mentioned by another streamer,5-6,2-3,A healthy mix of both,4,2,1,1,2,3,3,1,2,3,2,4,4,4,3,3,4,5,3,1,3,1,5,5,1,2021,No,Change the name,Poke music / Poke twitch,,,,,,,,,,,,,
3/25/2025 2:35:43,33-39,"6' to 6'3""",275-324,Associates / Trade,Full time,$100k+,North America,White,Male,Straight,Cisgender,Other,Liberal,Married,Colorado (CO),,Cat,Tried and quit,Bong,Yes,Yes,No,No,No,No,Yes,No,No,No,No,No,Yes,No,Yes,Daily,"Yes, I have VR",No,No,Balding,No,,1,Weed Son,Normal sub,Twitch Sidebar / Dashboard,Yes,Yes,Yes,"Desktop, Laptop, Mobile, Tablet",Every stream,Seldom chatter,No,"Yes, but not active","Yes, but not active",Streamer collab,7-8,4-6,A healthy mix of both,5,5,3,3,5,5,3,2,5,5,2,5,5,3,1,2,1,3,5,5,3,3,2,3,1,2022,I dont care,Change the name,Poke music / Poke twitch,"Co-op games, comedy / fake drama, music production streams, IRL content w/ Gigi","IRL content, music production collab streams ",Enjoy all of it but really dislike the AI music streams. They give me the ick,Daph69,Anything but League,Squeex,omE or Jigglin,Valheim,28 Days Later,"Trentmoller, Boards of Canada, Lady Gaga",Chromatica by Lady Gaga (2020),Tagliatelle w/ meat sauze,Shortening will lead to much larger volume of submissions
3/25/2025 2:36:01,25-32,"6' to 6'3""",125-174,High school / GED,Unemployed,Less than $20k,North America,White,Male,Straight,Cisgender,Christian,Centrist,Single,Michigan (MI),,Dog,Always,,Yes,Yes,No,No,No,No,No,No,No,No,No,No,Yes,No,Yes,A few times a year,"Yes, I have VR. Poke contributed",No,Yes,No,No,,1,League Daughter,Prime subbed,"Mobile Notifications, Discord notications, Chatterino / Offline chatting",Yes,Yes,Dont care,"Desktop, Mobile, Gaming console",Every stream,Seldom chatter,No,"Yes, but not active",No,Streamer collab,9-10,4-6,A healthy mix of both,4,5,4,2,3,4,,3,3,4,2,2,3,3,5,1,5,5,5,3,4,5,1,4,5,2019,No,I don't care,Poke music / Pokelawls twitch,playing a game or talking to chat,"story games, horror games, coop games, competitive games",weird electronic pop/rap mix,summit,something scary,anyone,doid,bloodborne,the invisible,uchu conbini/ alex g/ playboi carti/ mac miller/ chief keef,uchu conbini - feel the dyeing note,ice cream,
3/25/2025 2:36:22,33-39,"5'7"" to 5'11""",175-224,Some college,Full time,$50k-$100k,North America,White,Male,Straight,Cisgender,Atheist / Agnostic,Liberal,Married,New Mexico (NM),,Cat,A few times a day,"Vape, Edible",Yes,Yes,Yes,No,No,No,No,No,No,No,No,Yes,Yes,No,Yes,Never,"Yes, I have VR. Poke contributed",No,No,No,No,,1,Weed Son,Prime subbed,Twitch Sidebar / Dashboard,Yes,Yes,Yes,"Desktop, Laptop, Mobile",Every stream,Seldom chatter,No,"Yes, but not active",No,Streamer collab,7-8,2-3,A healthy mix of both,4,4,3,3,4,3,5,3,3,3,4,5,2,2,3,4,4,5,5,3,4,4,1,1,2,2018,I dont care,Change the name,Poke music / Poke twitch,shitty games and reacts,TikTok/IG,,Moonmoon,Renown,,,,,,,,
3/25/2025 2:36:26,25-32,"5'7"" to 5'11""",275-324,Some college,Part time,Less than $20k,North America,Indian,Male,Straight,Cisgender,Atheist / Agnostic,Liberal,Single,California (CA),,No pets,Never tried it,,Yes,Yes,No,No,Yes,No,No,No,No,No,No,No,No,No,Yes,A few times a week,"Yes, I have VR",No,No,No,No,,2,League Daughter,Normal sub,"Discord notications, Chatterino / Offline chatting",Yes,Yes,Dont care,"Desktop, Mobile",Every stream,Active chatter,Yes,"Yes, but not active",No,Streamer collab,7-8,2-3,A healthy mix of both,5,5,5,5,5,5,5,3,5,4,2,2,4,3,2,4,2,3,5,4,4,5,1,1,3,2019,I dont care,I don't care,Poke music / Pokelawls twitch,the farts,"more IRL streams, collabs, coop games",,Cyr,,Zoil,OMEGALUL,GTA V,Dune 2,,,Pizza,
3/25/2025 2:36:28,19-24,"6' to 6'3""",125-174,High school / GED,Full time,Less than $20k,Europe,White,Male,Asexual / Demisexual,Cisgender,Atheist / Agnostic,Liberal,Single,,Latvia,Cat,A few times a week,"Bong, Pipe, Joint, Spliff",No,No,No,No,No,No,No,No,No,No,No,No,No,No,Yes,Never,No VR,Yes,No,No,No,,3,Weed Son,No,"Twitch Sidebar / Dashboard, Email notifications, Discord notications",No,Yes,Yes,"Desktop, Laptop, Mobile",A few times a week,Lurker,No,"Yes, but not active",No,,,None most days,A healthy mix of both,,,,,,,,,,,,,,,,,,,,,,,,,,2018,I dont care,Keep the lawls,I don't care,,,,,,,,,,,,,
3/25/2025 2:37:29,19-24,"5'7"" to 5'11""",125-174,Some college,Part time,Less than $20k,Australia,White,Male,Straight,Cisgender,Atheist / Agnostic,Centrist,Single,,,"Dog, Cat",A few times a year,"Joint, Vape",Yes,No,No,No,No,No,No,No,No,No,No,No,No,No,Learners permit,A few times a month,No VR,No,No,No,No,,1,Weed Son,Gifted sub,"Mobile Notifications, Chatterino / Offline chatting",Yes,Yes,Yes,"Desktop, Laptop, Mobile",Every stream,Active chatter,No,"Yes, but not active",No,Streamer collab,5-6,4-6,A healthy mix of both,3,4,3,2,2,3,5,3,3,4,2,3,3,3,1,1,2,5,5,3,2,5,1,2,1,2020,Yes,Change the name,Poke music / Poke twitch,All of it just not league or wow ,irl streams,i enjoy whatever he enjoys making ,dizzy ,skate once it releases,Liam/squeex,:) ,cs:go,One flew over the cuckoos nest,https://www.last.fm/user/shheedy/,https://www.last.fm/user/shheedy/,monster,questions about height/weight all that stuff isnt really necessary
3/25/2025 2:37:35,19-24,"5'7"" to 5'11""",175-224,High school / GED,Full time,$20k-$50k,Australia,White,Male,Straight,Cisgender,Atheist / Agnostic,,Dating,,,Cat,Once a day,"Pipe, Joint, Edible",Yes,No,No,No,Yes,No,No,No,No,No,No,No,No,No,Yes,A few times a month,No VR,No,"Yes, Poke was a reason",No,No,,2,Weed Son,Prime subbed,"Twitch Sidebar / Dashboard, Discord notications, Chatterino / Offline chatting",Yes,Yes,Yes,"Laptop, Mobile",A few times a week,Seldom chatter,No,"Yes, but not active",No,Twitch recommended,3-4,2-3,A healthy mix of both,3,3,4,5,2,2,3,3,4,5,1,2,5,4,2,1,3,3,4,3,2,2,1,1,5,2021,I dont care,Change the name,Poke music / Poke twitch,i like how funny he is without really doing anything ,new subalert stream and having like a beatbattle kinda thing could be fun,,Chitzee_,league,john cenna,https://7tv.app/emotes/01GAA6PJZ00002VNVV3MWWTB96,red dead 2,inception,asap rocky ,volcanic bird enemy and the voiced concer - lil ugly mane,pizza,"na this was fun 
"
3/25/2025 2:37:39,25-32,"5'7"" to 5'11""",275-324,Bachelor's,Full time,$100k+,North America,White,Male,Straight,Cisgender,Atheist / Agnostic,Liberal,Single,California (CA),,No pets,A few times a day,"Dabbing, Vape",Yes,Yes,No,No,Yes,No,No,No,No,No,Yes,No,No,No,Yes,Daily,"Yes, I have VR",No,No,No,No,,2,Weed Son,Prime subbed,Mobile Notifications,No,Yes,Yes,"Desktop, TV app",Every stream,Active chatter,No,"Yes, but not active",No,Streamer collab,7-8,4-6,A healthy mix of both,5,4,4,3,4,5,5,2,5,5,2,3,4,4,1,5,3,3,4,3,4,2,1,3,1,2022,No,Change the name,Poke music / Poke twitch,,,,,,,,,,,,,
3/25/2025 2:38:10,19-24,"5'7"" to 5'11""",175-224,Some college,,,North America,White,Male,Questioning,Cisgender,Atheist / Agnostic,Socialist,Single,Wisconsin (WI),,frog,Once a day,"Bong, Blunt, Dabbing, Pipe, Joint, One Hitter",Yes,Yes,No,No,No,No,No,No,No,No,Yes,Yes,No,No,Yes,Never,No VR,"Yes, Poke was a reason","Yes, Poke was a reason",No,No,,1,Weed Son,No,"Twitch Sidebar / Dashboard, Chatterino / Offline chatting",Yes,Yes,Yes,"Desktop, Mobile",Every stream,Seldom chatter,No,"Yes, but not active",No,Streamer collab,11+,4-6,A healthy mix of both,5,5,2,5,5,3,5,2,5,5,4,5,1,1,5,5,3,5,5,5,5,4,5,5,1,2017,Yes,Keep the lawls,Poke music / Pokelawls twitch,fart,fart,fart,forsen,,forsen,omE,Minecraft,,Tame Impala,Swimming,Sushi,fart
3/25/2025 2:38:20,19-24,"6' to 6'3""",175-224,High school / GED,Unemployed,Less than $20k,North America,White,Male,Bisexual / Pansexual,Cisgender,Atheist / Agnostic,Centrist,Dating,California (CA),,No pets,Always,"Bong, Vape",Yes,Yes,No,No,No,No,No,No,No,No,No,No,No,Yes,No,A few times a week,"Yes, I have VR",No,No,No,No,,1,Weed Son,Normal sub,"Mobile Notifications, Discord notications",No,Yes,Yes,"Desktop, Mobile",Every stream,Seldom chatter,No,"Yes, but not active",No,Youtube recommended / clip compilation,3-4,1,A healthy mix of both,4,3,2,2,4,3,5,4,4,4,3,2,5,4,3,3,3,4,3,3,5,3,1,4,4,2023,I dont care,Change the name,Poke music / Poke twitch,silliness ,more games with community ,all music is good music ,myth with his crazy ults,the evil within ,xqc omE,catSmile,pokemon black and white 2 ,no country for old men,"limp bizkit, benji blue balls, the wire",break stuff limp bizkit,pancakes and sausage ,IM GAAAAAAAAAAAY
3/25/2025 2:38:42,19-24,"6' to 6'3""",125-174,High school / GED,Full time,$20k-$50k,North America,White,Male,Straight,,Christian,Conservative,Single,New York (NY),,Dog,Always,"Dabbing, Joint, Spliff, Vape",No,No,No,No,No,No,No,No,No,No,No,No,No,No,Yes,A few times a month,No VR,No,No,No,No,,1,Weed Son,No,Twitch Sidebar / Dashboard,No,Yes,Yes,Desktop,A few times a week,Lurker,No,No,No,Streamer collab,7-8,4-6,A healthy mix of both,4,4,,,,,,,,,,,,,,,,,,1,1,5,1,2,1,2018,I dont care,Change the name,Poke music / Poke twitch,,,,,,,,,,,,,
3/25/2025 2:38:43,19-24,"5'3"" to 5'6""",175-224,Some college,"Student, not working",Less than $20k,Asia,Middle Eastern,Male,Straight,Cisgender,Atheist / Agnostic,Centrist,Single,,,Cat,Never tried it,,Yes,No,Yes,Yes,No,No,No,No,No,No,No,No,No,No,Yes,A few times a month,No VR,,No,No,No,,2,Weed Son,No,Twitch Sidebar / Dashboard,Yes,Yes,Dont care,"Desktop, Mobile",A few times a week,Seldom chatter,No,No,No,Streamer collab,5-6,2-3,A healthy mix of both,5,3,3,3,3,5,5,5,3,3,1,5,3,1,1,5,3,4,4,3,4,5,1,1,1,2019,I dont care,Keep the lawls,I don't care,Funny momentos,VRChat trolling,fartcore,NymN,VRChat,NymN,NaM,KCD-KCD2,Fart Club,Some rock shit,Rock shit,Meat,Fart question
3/25/2025 2:39:51,19-24,"5'3"" to 5'6""",125-174,Some college,"Student, not working",Less than $20k,Asia,Asian / Pacific Islander,Male,Straight,Cisgender,Islam,Centrist,Single,,,Cat,Never tried it,,Yes,No,No,No,Yes,No,Yes,No,No,No,Yes,No,No,No,Yes,A few times a year,No VR,No,No,No,No,,3,Weed Son,No,Twitch Sidebar / Dashboard,Yes,Yes,Yes,Desktop,Every stream,Active chatter,Yes,"Yes, but not active","Yes, but not active",Streamer collab,5-6,2-3,A healthy mix of both,3,4,4,4,4,4,4,2,3,4,1,3,3,3,1,1,3,4,5,3,3,5,3,4,3,2019,Yes,Keep the lawls,Pokelawls music / Pokelawls twitch,Fart noise,Variety,Electro Hip-Hop,Zoil,STALKER Gamma,Jesse,realtrapshit or ta,Skyrim,Fury (2014),Hans Zimmer,,Soto,Should've asked for my SSN
3/25/2025 2:40:48,19-24,"6' to 6'3""",275-324,High school / GED,Unemployed,Less than $20k,North America,White,Other,Straight,Cisgender,Atheist / Agnostic,Liberal,Single,Texas (TX),,"Dog, Cat",A few times a year,Edible,Yes,No,No,No,No,No,No,No,No,No,No,No,No,No,Yes,A few times a year,No VR,No,No,No,No,,2,League Daughter,No,Twitch Sidebar / Dashboard,Yes,Yes,No,"Desktop, Mobile",A few times a week,Lurker,No,No,No,Twitch game categories,5-6,2-3,A healthy mix of both,5,5,3,3,3,4,5,3,2,1,3,3,3,2,1,5,1,1,5,3,2,3,2,3,1,2017,Yes,Keep the lawls,I don't care,Multiplayer games ,Multiplayer games ,Idc,I don’t have a favorite; I watch whatever I’m in the mood for.,RP or any multiplayer games with friends.,Jerma,Idc,Call of duty,I don’t watch movies,"BMTH, Metallica, MGMT, Sum 41",Idk tbh,Enchiladas,:)
3/25/2025 2:43:46,19-24,"5'7"" to 5'11""",175-224,High school / GED,Full time,Less than $20k,North America,Hispanic / Latino,Male,Bisexual / Pansexual,Cisgender,Christian,Centrist,Single,Mexico,,Dog,Never tried it,,No,No,Yes,No,Yes,No,No,No,No,No,No,No,No,No,Yes,A few times a week,"Yes, I have VR",No,No,No,No,,2,Weed Son,Normal sub,"Discord notications, Chatterino / Offline chatting",Yes,Yes,Yes,"Desktop, Laptop, Mobile, Tablet, TV app, Gaming console",Every stream,Lurker,Yes,"Yes, but not active","Yes, but not active",Twitch recommended,7-8,2-3,A healthy mix of both,4,3,3,5,5,3,5,5,4,5,3,2,5,5,2,3,3,4,4,4,4,5,1,3,1,2019,I dont care,Change the name,Poke music / Poke twitch,"New stream ideas, playing with Gigi, Dizzy and 4 horsemen, doing/making music sessions, playthroughs, and community events. ","IRL streaming since japan s00n, anything else above is olrite. ","not exactly genres, but collabs with other music producers and artists like how plaqueboymax is currently doing 'in the booth', I think that would be peak content. ",dizzy,any retro game,plaqueboymax ngl,Olrite,Terraria,,osamason,Die lit,chicken teriyaki,"would be nice to add the census in the poke.gg website imo though I dont think it matters, thats all :))"
3/25/2025 2:43:56,16-18,"5'7"" to 5'11""",175-224,High school / GED,Unemployed,Less than $20k,North America,Hispanic / Latino,Male,Straight,,Atheist / Agnostic,Centrist,Single,Florida (FL),,No pets,A few times a day,"Blunt, Pipe, Joint, Vape",Yes,No,No,No,No,No,No,No,No,No,No,No,No,No,No,A few times a year,"Yes, I have VR. Poke contributed",No,No,No,No,,1,Weed Son,No,"Twitch Sidebar / Dashboard, Mobile Notifications",No,Yes,Yes,"Desktop, Mobile, TV app",A few times a week,Seldom chatter,No,No,No,Youtube recommended / clip compilation,7-8,2-3,A healthy mix of both,3,3,3,4,4,2,4,3,3,5,4,4,5,5,1,5,3,4,4,5,3,5,2,2,1,2022,I dont care,Keep the lawls,Poke music / Pokelawls twitch,"poke himself, plus the vibe",beat making and bumper/sub-alert contests,literally anything,"robcdee, caseoh",whatever,whoever,LO,Rain World,Dune 1 and 2,"wisp, cochise",,sushi,
3/25/2025 2:43:57,25-32,"5'7"" to 5'11""",175-224,Associates / Trade,Full time,$50k-$100k,North America,White,Male,Straight,Cisgender,Atheist / Agnostic,Apolitical,Single,Texas (TX),,Dog,Always,"Bong, Vape, Edible",Yes,Yes,No,No,No,No,No,No,No,No,No,No,No,No,Yes,A few times a month,No VR,No,No,No,No,,1,Weed Son,No,Twitch Sidebar / Dashboard,No,Yes,Dont care,Desktop,A few times a week,Lurker,No,No,No,Streamer collab,5-6,2-3,A healthy mix of both,4,3,3,4,4,4,4,4,4,4,3,3,3,3,3,3,3,3,4,4,4,,2,2,3,2020,I dont care,Change the name,Poke music / Poke twitch,Personality/Humor,4 Horsemen content,,AvoidingThePuddle,,4 Horsemen,,Divinity Original Sin II,,Nevermore,,Gumbo,
3/25/2025 2:44:53,19-24,"6' to 6'3""",225-274,Some college,Unemployed,Less than $20k,Europe,White,Female,Bisexual / Pansexual,Transgender,Atheist / Agnostic,Socialist,Dating,,Denmark,No pets,A few times a day,"Bong, Vape, Edible",Yes,Yes,No,No,No,No,No,No,No,No,No,No,No,No,No,A few times a month,"Yes, I have VR. Poke contributed",No,No,No,No,,2,Weed Son,No,Mobile Notifications,Yes,Yes,Yes,"Desktop, Mobile",Every stream,Lurker,No,No,No,Mentioned by another streamer,11+,4-6,A healthy mix of both,5,3,3,5,5,5,5,5,5,5,5,5,5,3,1,5,1,5,5,5,5,4,2,2,1,2016 or earlier,I dont care,Change the name,Poke music / Poke twitch,Poke and Gigi hanging out/playing games,"Don't care, you do you queen",,Jerma or MoonMoon,Abiotic Factor with Gigi (Maybe Dizzy),Zoil,Glorp,Half-Life 2,Don't watch alot of movies,Kendrick Lamar,To Pimp a Butterfly,Pasta Carbonara,
3/25/2025 2:46:15,19-24,"6' to 6'3""",125-174,Master's,Full time,$50k-$100k,Asia,Asian / Pacific Islander,Female,Bisexual / Pansexual,Cisgender,Atheist / Agnostic,Liberal,Single,,,No pets,Never tried it,,No,Yes,No,No,Yes,No,No,No,No,No,Yes,Yes,Yes,No,No,A few times a year,No VR,No,No,No,No,,3,League Daughter,Normal sub,Twitch Sidebar / Dashboard,Yes,Yes,Yes,"Desktop, Mobile",Every stream,Seldom chatter,No,"Yes, but not active",No,Youtube recommended / clip compilation,9-10,2-3,A healthy mix of both,5,5,2,2,4,2,5,3,3,5,3,1,1,1,4,5,4,5,4,5,4,5,1,1,1,2021,Yes,Keep the lawls,Poke music / Poke twitch,His humor and variety games,"Hopefully more IRL streams as well as variety gaming (such as horror, roblox)",N/A,Zoil,"Random games (horror!), vr chat trolling",Zoil,"aga, glorp and LO",Metro game series,Ocean's 11,"MF Doom, Kendrick, Denzel, Tyler, Christopher Cross",N/A,Tonkatsu,
3/25/2025 2:47:59,19-24,"5'7"" to 5'11""",125-174,Some college,Unemployed,$20k-$50k,Australia,White,Male,Straight,Cisgender,Atheist / Agnostic,Apolitical,Single,,,Cat,A few times a year,Edible,No,No,No,No,No,No,No,No,No,No,No,No,No,No,Learners permit,Most days,No VR,No,No,Balding,No,,1,Weed Son,Prime subbed,Twitch Sidebar / Dashboard,No,Yes,Yes,Desktop,A few times a week,Seldom chatter,No,"Yes, but not active",No,Youtube recommended / clip compilation,1-2,2-3,A healthy mix of both,4,4,4,3,4,3,4,3,3,3,2,3,4,4,1,2,1,4,4,4,4,4,1,1,1,2019,I dont care,Change the name,I don't care,,,,,,,,,,,,,
3/25/2025 2:48:13,19-24,"6' to 6'3""",175-224,Some college,Full time,$50k-$100k,North America,White,Male,Bisexual / Pansexual,Cisgender,Atheist / Agnostic,Liberal,Single,Oregon (OR),,Dog,Once a day,"Blunt, Edible",No,No,Yes,Yes,Yes,No,No,No,No,No,No,No,No,No,No,A few times a week,"Yes, I have VR. Poke contributed","Yes, Poke was a reason",No,No,No,,2,Weed Son,Normal sub,Twitch Sidebar / Dashboard,No,Yes,Yes,"Desktop, Laptop, Mobile",Every stream,Seldom chatter,No,"Yes, but not active","Yes, but not active",Twitch game categories,3-4,2-3,A healthy mix of both,5,4,5,5,5,5,5,5,5,5,5,5,5,5,3,3,4,5,5,5,5,5,2,2,2,2018,I dont care,Change the name,Poke music / Pokelawls twitch,"Bad haircuts, bad jokes, accidental bits that he plays into well, *mentions food item* ""ofc"" type shi",VR,He should keep doing EDM shit,Jerma985,Fallout: Tale of Two Wastelands (NV+FO3 combo mod),SimpleFlips,omE,Dying Light/Castlevania: Dawn of Sorrow,28 Days Later,"Phil Collins, Nujabes, Steely Dan, Cochise",Kid A,Bean & Cheese Burrito,
3/25/2025 2:48:51,25-32,"5'7"" to 5'11""",225-274,Some highschool,Unemployed,Less than $20k,North America,White,Male,Straight,Cisgender,Atheist / Agnostic,Conservative,Single,Canada,,No pets,Always,"Bong, Dabbing, Vape",No,No,No,No,No,No,No,No,No,No,No,No,No,No,No,A few times a month,No VR,No,No,Balding,No,,1,Weed Son,No,Twitch Sidebar / Dashboard,No,Yes,Yes,"Desktop, Mobile",A few times a week,Seldom chatter,No,No,No,Twitch recommended,7-8,4-6,A healthy mix of both,3,4,3,2,3,3,4,4,5,5,4,3,5,5,1,4,3,3,4,4,3,3,2,3,1,2016 or earlier,No,I don't care,Poke music / Pokelawls twitch,"Chill vibes, weed smoking, music creation, variety gaming.","Music creation, variety gaming, co-op gaming with Gigi.","Rap, but I am open to more genres.",witwix,PGA TOUR 2K25,witwix,floppy,Battlefield 2 (2005),Pokemon 2000,JID & Kendrick Lamar,The Forever Story - JID,Daifukumochi,address the swollen ball allegations Madge
3/25/2025 2:49:13,19-24,"6' to 6'3""",125-174,Associates / Trade,Unemployed,$20k-$50k,Europe,White,Male,Straight,Cisgender,Atheist / Agnostic,Centrist,Single,,Finland,Dog,Tried and quit,"Bong, Blunt, Joint, One Hitter, Spliff, Vape, Edible",Yes,Yes,No,No,Yes,Yes,No,No,No,No,No,No,No,No,Yes,A few times a year,No VR,No,No,No,Veteran,,2,Weed Son,Normal sub,"Mobile Notifications, Email notifications, Discord notications",Yes,Yes,Yes,"Desktop, Mobile, TV app",A few times a week,Lurker,No,"Yes, but not active",No,Twitch game categories,1-2,1,A healthy mix of both,4,2,5,2,3,5,5,5,5,3,4,5,5,4,1,5,4,5,5,5,3,5,2,3,4,2019,No,I don't care,Poke music / Pokelawls twitch,"Poke is a fun dude, social, jokester and just great with people. i love making music and he thought me half of what i know. i love games and he just plays different then i would but the same type of games and even if he plays something different i can count on him doing something cool with it. even some sponsors have legit made me laugh so hard i could not breath. poke is awesome, can't ask for a better streamer.","more scary games, chilling with Giig, and if anyone actually reads this force him to make a song where he actually tries to go as hard as possible, none of that funny shit i wanna see my boy go hard. and im a league of legends nerd so more of that but not too much.","lofi, autumn, bedroom pop type beats maybe.... i can't rly say anything tho, i dont think he likes stuff like that, but if hes up for it.",i don't have one,VR,XQC. AWARE, Fadedthanaglorp ,"""RUST"", i promise im not racist. i got 2K hours",Laputa - castle in the sky,poke,"poke - sippin, no album","Kebab with hot fries, side of mayo and spice mix",
3/25/2025 2:49:35,19-24,"5'7"" to 5'11""",175-224,High school / GED,Unemployed,Less than $20k,North America,White,Male,Bisexual / Pansexual,Cisgender,Atheist / Agnostic,Liberal,Dating,Maine (ME),,Dog,A few times a year,"Bong, Pipe, Joint, Edible",Yes,Yes,No,No,No,No,No,No,No,No,Yes,No,No,No,Yes,A few times a month,"Yes, I have VR. Poke contributed",No,No,No,No,,1,Weed Son,No,"Twitch Sidebar / Dashboard, Mobile Notifications, Email notifications, Chatterino / Offline chatting",Yes,Yes,Yes,"Desktop, Laptop, Mobile",Every stream,Lurker,No,No,No,Streamer collab,11+,2-3,A healthy mix of both,5,5,3,4,5,3,5,3,2,4,3,3,3,4,1,3,4,4,4,4,4,3,2,2,3,2018,I dont care,Keep the lawls,Pokelawls music / Pokelawls twitch,I just enjoy watching/listening to poke and the bits and funny moments that come naturally.,Literally anything Poke wants to do I will watch besides World of Warcraft fuck world of warcraft and league of legends.,I just enjoy watching/listening too Poke fuck around and make shit I don't care about genre ,"Summit1G, AquaFPS, oozie, Jerma, NorthanLion, caseoh_",Skyrim but every time I have asked poke said no,"Summit, Dizzy and Jerma",aga or waga,either Skyrim or Escape from Tarkov ,I dont have one ,"$uicide Boy$, Radiohead, Deftones, Denzel Curry, and a shit ton of bands I aint typing it all.",that is way too hard to say....,I eat a shit ton of salad and wraps so I guess those 2,I have no suggestions tbh..... love you!!
3/25/2025 2:50:17,19-24,"5'7"" to 5'11""",125-174,Some college,Full time,$20k-$50k,North America,White,Male,Straight,Cisgender,Atheist / Agnostic,,Single,California (CA),,Cat,Always,"Bong, Dabbing, Joint, Vape, Edible",Yes,No,No,No,No,No,No,No,No,No,No,No,No,No,Yes,A few times a month,"Yes, I have VR. Poke contributed",No,No,Balding,No,,1,Weed Son,Normal sub,"Twitch Sidebar / Dashboard, Mobile Notifications, Email notifications, Discord notications",No,Yes,Yes,"Desktop, Laptop, Mobile, TV app",Every stream,Active chatter,No,"Yes, but not active",No,Streamer collab,7-8,2-3,A healthy mix of both,4,3,4,2,3,3,3,2,3,1,3,3,4,3,2,4,4,4,4,3,4,5,2,3,1,2021,I dont care,Keep the lawls,Poke music / Pokelawls twitch,"the community and carefree humor, its a nice release from the day to day life.","Some collabs would be fun but thats hard i understand. IRL would be cool even if its just ""gas station"" trips. but theres risks with all that. HORROR GAMES!!! no more pussylawls. sponsor streams are also funny imo. get the bag . also CAM UP PUSSY TRUEING","music in general is awesome with poke and chat going, i understand not wanting to broadcast no progress but its fun  to just talk with autotune for a couple hours to fill the bad tiktok times. ","the american dad pirating streams, crosmauz, jerma, and summit1g","anything with ingame chat is always good content imo, dayz was good. play shitty horror before league. ","have him organize an event for jerma and them to show up too, maybe some vrchat with roflgator",UglyWhiteCatStaring,COD: Black Ops 2,Interstellar,"The Frights, The Buttertones, Yeat, Playboi Carti, Ken Carson, Hardcorde Techno and other EDM, lots of the stuff GIIG plays on her stream too",You Are Going To Hate This- The Fights,Mac & Chesse,non much hope this aint the feds :D
3/25/2025 2:50:18,16-18,"5'7"" to 5'11""",Under 125,,Full time,Less than $20k,Europe,White,Male,Straight,,Christian,,Single,,Switzerland,No pets,Never tried it,,No,No,No,No,No,No,No,No,No,No,No,No,No,No,Learners permit,A few times a year,"Yes, I have VR",No,No,No,No,,4,Weed Son,No,Twitch Sidebar / Dashboard,Yes,Yes,Yes,"Desktop, Mobile",A few times a month,Lurker,No,No,No,Streamer collab,3-4,2-3,A healthy mix of both,4,4,4,2,2,4,5,3,2,2,2,3,3,2,2,5,3,4,4,2,2,5,1,2,2,2023,Yes,I don't care,I don't care,,,,,,,,,,,,,
3/25/2025 2:51:49,33-39,"5'7"" to 5'11""",175-224,Some college,Self employed / 1099,$20k-$50k,North America,Asian / Pacific Islander,Male,Bisexual / Pansexual,Cisgender,Atheist / Agnostic,Liberal,Dating,California (CA),,Dog,A few times a year,"Bong, Blunt, Dabbing, Pipe, Joint, One Hitter, Spliff, Vape, Edible",No,Yes,No,No,No,No,No,No,No,No,Yes,No,No,No,Yes,Never,No VR,No,No,No,No,,1,League Daughter,Gifted sub,Twitch Sidebar / Dashboard,No,No,Dont care,"Desktop, Laptop, Mobile, Tablet, TV app, Gaming console",A few times a week,Seldom chatter,No,No,No,Streamer collab,7-8,7+,A healthy mix of both,3,5,1,1,4,2,3,1,2,2,1,3,4,1,1,3,4,3,4,4,4,4,1,3,1,2018,I dont care,I don't care,Poke music / Pokelawls twitch,casual play with dizzy/gigi and friends,react to tiktok/IG reels/YT shorts/that chinese shit,meme shit. blue jeans,vinesauce,idk,idk,idk,idk,Ocean's Thirteen,Snarky Puppy,we like it here,lasagna,
3/25/2025 2:51:53,19-24,"5'7"" to 5'11""",125-174,High school / GED,Unemployed,Less than $20k,Europe,White,Other,Bisexual / Pansexual,Cisgender,Atheist / Agnostic,Socialist,Single,,Germany,No pets,Never tried it,,No,No,No,No,No,No,No,No,No,No,No,No,No,No,No,A few times a year,"Yes, I have VR. Poke contributed","Yes, Poke was a reason","Yes, Poke was a reason",Balding,No,,3,League Daughter,Prime subbed,"Twitch Sidebar / Dashboard, Mobile Notifications",No,Yes,Dont care,"Desktop, Mobile",Every stream,Lurker,No,No,No,Twitch game categories,11+,7+,A healthy mix of both,5,3,2,2,2,4,3,3,4,4,2,2,3,3,1,3,2,2,2,1,1,4,3,3,2,2018,Yes,Keep the lawls,I don't care,Improvised comedy and general humor,"In Real Life content, VRChat, Deadlock",Noise,Vacu0usly,"(Indie) ""Arthouse"" games",Vtubers,OMEGALUL,Kid Icarus: Uprising,Love Letter (1995),"my little airport, KISEWA",Yeezus,N/A,N/A
3/25/2025 2:52:38,25-32,"6' to 6'3""",175-224,Associates / Trade,Other,Less than $20k,Europe,White,Male,Straight,Cisgender,Other,Apolitical,Single,,United Kingdom,Cat,Once a day,"Bong, Vape, Edible",No,No,No,No,Yes,No,No,No,No,No,No,No,No,No,Yes,A few times a year,"Yes, I have VR. Poke contributed",No,No,Yes,No,,1,League Daughter,No,Twitch Sidebar / Dashboard,No,Yes,Yes,Desktop,Every stream,Lurker,No,No,No,Youtube recommended / clip compilation,9-10,4-6,A healthy mix of both,4,2,3,2,3,3,3,2,5,4,3,3,2,2,1,2,2,2,3,3,1,3,4,4,4,2017,Yes,Keep the lawls,Poke music / Pokelawls twitch,,irl,,Zoil,pogostuck,,glorp,Outer Wilds,,,,Sushi,
3/25/2025 2:53:04,19-24,"5'7"" to 5'11""",125-174,Some college,"Student, not working",Less than $20k,North America,Hispanic / Latino,Male,Straight,Cisgender,Atheist / Agnostic,Socialist,Single,New Mexico (NM),,Dog,Tried and quit,,No,No,Yes,No,Yes,No,No,No,No,No,Yes,No,No,No,Yes,Never,No VR,No,No,No,No,,1,Weed Son,Prime subbed,"Twitch Sidebar / Dashboard, Discord notications",Yes,Yes,Yes,"Desktop, Laptop, Mobile, Tablet, TV app",A few times a week,Lurker,No,"Yes, but not active",No,Youtube recommended / clip compilation,5-6,1,A healthy mix of both,5,5,4,4,5,5,5,5,5,5,3,4,5,5,1,5,3,5,5,5,5,5,5,5,1,2019,I dont care,Keep the lawls,Poke music / Poke twitch,"His community involved segments, his TikTok/YouTube/Instagram Reel react segments, his story/co-op gameplays, and when he plays fun/funny games like R.E.P.O, Lethal Company, Roblox, etc.","I would like to see more classic story games and story games in general, as well as more funny co-op/multiplayer games. I would also like to see more community-involved segments. IRL streams would hit too. Also, possibly some movie/TV watch party segments.","I'd like to see him experiment with anything, Rock, Metal, R&B, House Music, Drum and Bass, Country, and Latin, etc.",Gigi. ekop has become mainly a channel for poke to play whatever game he is grinding at the time with the occasional funny stream.,I would like to see poke play Minecraft. There could be some funny clips of poke getting scared by some of the new things the've added since he last played. If Gigi played with him (with proxy chat) it would be a legendary playthrough. ,"Jerma985, Will Neff, or Cyr",Stare,Infamous,Brother Bear,"Denzel Curry, Jpegmafia, Lo Borges, Bobbi Humphry, Kendrick Lamar","IGOR by Tyler, The Creator",Nashville Chicken,
3/25/2025 2:53:16,19-24,"6' to 6'3""",125-174,High school / GED,Unemployed,,North America,Multiethnic,Male,Other,,Other,Apolitical,Single,Washington (WA),,No pets,Once a day,"Bong, Joint",No,No,No,No,No,No,No,No,No,No,No,No,No,No,Yes,A few times a month,No VR,No,No,No,No,,1,Weed Son,No,Twitch Sidebar / Dashboard,No,No,Yes,"Desktop, Mobile",A few times a week,Lurker,No,No,No,Twitch recommended,7-8,7+,"Spontaneous, unpredictable content",2,1,1,1,1,3,4,3,4,4,3,3,4,2,4,4,4,4,4,4,4,4,4,4,1,2022,No,Keep the lawls,Pokelawls music / Pokelawls twitch,Poke,Poke,Poke,Poke,Poke,Poke,Poke,Poke,Poke,Poke,Poke,Poke,
3/25/2025 2:54:18,25-32,"5'3"" to 5'6""",125-174,High school / GED,Full time,Less than $20k,South America,Hispanic / Latino,Male,Straight,Cisgender,Atheist / Agnostic,Apolitical,Single,,,"Dog, Cat",A few times a month,"Bong, Joint, Edible",Yes,Yes,Yes,No,Yes,No,No,No,Yes,No,Yes,Yes,Yes,No,No,A few times a year,No VR,No,No,Balding,No,,3,Weed Son,Normal sub,"Mobile Notifications, Chatterino / Offline chatting",Yes,Yes,Yes,"Desktop, Mobile",Every stream,Active chatter,Yes,"Yes, but not active",No,Youtube recommended / clip compilation,3-4,2-3,Planned events with set schedules,5,3,4,3,3,4,5,5,3,5,1,5,2,2,3,3,4,4,5,3,5,3,1,1,3,2017,No,Keep the lawls,Poke music / Pokelawls twitch,everything,squad type games,,jerma985,disco elysium,jerma,oPeepo / Pain,outer wilds,Lotr / Surfs up(animated),mfdoom/gorillaz,,causa limeña,
3/25/2025 2:54:32,19-24,"6' to 6'3""",175-224,High school / GED,Part time,$20k-$50k,North America,White,Male,Bisexual / Pansexual,Cisgender,Atheist / Agnostic,Socialist,Single,Pennsylvania (PA),,"Dog, Lizard / Reptile / Dragon",A few times a year,Edible,Yes,Yes,No,No,No,No,No,No,No,No,No,Yes,Yes,No,Learners permit,Never,"Yes, I have VR. Poke contributed",No,No,No,No,,1,League Daughter,Prime subbed,"Twitch Sidebar / Dashboard, Discord notications",Yes,Yes,Yes,"Desktop, Mobile",Every stream,Seldom chatter,No,"Yes, but not active",No,Twitch game categories,7-8,2-3,"Spontaneous, unpredictable content",4,5,3,4,4,4,4,5,5,5,4,5,5,2,1,1,5,5,5,5,4,5,5,5,5,2016 or earlier,Yes,Keep the lawls,Poke music / Pokelawls twitch,"the chill vibe, and fun aspect, and him being funny overall.","maybe some more irl content, those stream are always super funny, and maybe some horror games to spice some things up, since poke gets scared.","I think a genre that would make a interesting stream, would him trying a more pop approach, more singy, since he doesnt do that.",jasontheween,death stranding 2,hasanabi,Buggin,resident evil 4,alien,"d. savage, denzel curry, kendrick lamar, IDK, Chappell Roan.",DAMN. by kendrick lamar,cup ramen,
3/25/2025 2:56:18,19-24,"5'7"" to 5'11""",175-224,Some college,Part time,Less than $20k,Europe,White,Male,Straight,Cisgender,Atheist / Agnostic,Apolitical,Single,,United Kingdom,Cat,A few times a day,"Bong, Dabbing, Vape",No,No,No,No,No,No,No,No,No,No,Yes,No,No,No,Learners permit,A few times a month,"Yes, I have VR",No,No,Yes,No,,2,Weed Son,Prime subbed,"Twitch Sidebar / Dashboard, Mobile Notifications, Discord notications",No,Yes,Yes,"Desktop, Laptop, Mobile, Tablet",Every stream,Active chatter,No,"Yes, and I'm active there","Yes, but not active",Music,3-4,1,"Spontaneous, unpredictable content",5,3,5,3,3,3,5,3,5,5,2,4,5,3,1,3,1,4,4,3,4,4,1,2,1,2022,I dont care,Keep the lawls,Pokelawls music / Pokelawls twitch,I love just chatting and music making segments. also pokes humour and interaction with chat is very unique and laidback which i like.,more reacts and music! and some relaxed games too,"any genre is fun, i love anything poke makes ","i have none, only the homies <3","anything but league of legends, world of warcraft, overwatch, deadlock and MOBA’s ",peaks,anything glorp or jah ,sable or silent hill 2,interstellar,"pokelawls, carti, crystal castles.",minecraft ost,buldak noodles ,
3/25/2025 2:56:59,19-24,"6'4""+",125-174,Some college,"Student, not working",Less than $20k,Australia,White,Non Binary,Other,Transgender,Atheist / Agnostic,Socialist,Dating,,,turtle,Never tried it,,No,No,Yes,No,Yes,No,No,No,Yes,No,Yes,No,No,No,No,Never,"Yes, I have VR",No,No,No,No,,1,League Daughter,No,"Twitch Sidebar / Dashboard, Discord notications",Yes,Yes,Yes,"Desktop, Mobile",A few times a week,Lurker,No,"Yes, but not active",No,Mentioned by another streamer,3-4,1,A healthy mix of both,2,3,3,2,4,3,5,1,3,5,3,5,2,1,1,2,1,3,3,5,1,2,3,3,1,2021,I dont care,Change the name,Poke music / Poke twitch,poke telling a story,"i like competitions, but they have to have hype i think, they cant be casually spoken about.",i like it when he just has fun with it,caseoh_,any game in VR,ironmouse, catnotL ,Portal 2,chungking express ,"cavetown, tinyumbrellas, awfultune, porter robinson",nurture - porter robinson,pizza,
3/25/2025 2:57:31,25-32,"5'3"" to 5'6""",175-224,Some college,Unemployed,Less than $20k,North America,White,Non Binary,Bisexual / Pansexual,Transgender,Atheist / Agnostic,Socialist,Dating,Oklahoma (OK),,Cat,A few times a day,"Joint, Vape, Edible",No,No,No,No,No,No,No,No,No,No,No,No,No,No,Yes,A few times a year,"Yes, I have VR",Yes,Yes,No,No,,1,Weed Son,No,Twitch Sidebar / Dashboard,No,Yes,Yes,"Desktop, Mobile, Tablet",A few times a week,Lurker,No,No,No,"Word of mouth, from a friend",11+,2-3,A healthy mix of both,4,4,3,4,4,5,4,3,5,5,2,3,4,3,1,3,2,3,5,4,3,4,1,1,1,2022,I dont care,I don't care,I don't care,"Chilling and random gaming, also gaming with others especially Gigi",,,"MuderCrumpet, Jerma",Aboitic Factor (with Gigi),Jerma,glorp,Baldur's Gate 3,Your Name,Kendrick Lamar,Mr.Morale & The Big Steppers,Mac and Cheese,
3/25/2025 2:57:34,19-24,"6' to 6'3""",325+,High school / GED,Self employed / 1099,Less than $20k,North America,White,Male,Straight,Cisgender,Atheist / Agnostic,Liberal,Single,Oregon (OR),,"Dog, Cat",Never tried it,,Yes,No,No,No,No,No,No,No,No,No,No,No,No,No,Learners permit,A few times a month,"Yes, I have VR. Poke contributed",No,No,No,No,,1,League Daughter,No,"Twitch Sidebar / Dashboard, Chatterino / Offline chatting",Yes,Yes,Yes,Desktop,A few times a week,Lurker,No,No,No,Streamer collab,7-8,4-6,A healthy mix of both,4,4,4,4,5,3,4,3,4,3,3,2,3,4,1,4,2,3,3,4,4,5,1,1,3,2020,Yes,I don't care,I don't care,,,,apply / jefrooo,,,clappi,SW:KOTOR,Interstellar,Mac Miller / Frank Ocean / Kero Kero Bonito,Time 'n' Place,mac n cheese aga,
3/25/2025 2:57:42,19-24,"5'7"" to 5'11""",225-274,Associates / Trade,"Student, not working",Less than $20k,North America,White,Non Binary,Bisexual / Pansexual,Transgender,Other,Apolitical,Single,Washington (WA),,Dog,Always,"Bong, Dabbing, Pipe, Joint, One Hitter, Vape",No,No,No,No,Yes,Yes,No,No,Yes,No,No,No,No,No,No,A few times a year,"Yes, I have VR",No,Yes,No,No,,1,Weed Son,Gifted sub,Twitch Sidebar / Dashboard,Yes,Yes,Yes,"Desktop, Laptop, Mobile, Tablet",Every stream,Active chatter,No,No,No,Streamer collab,9-10,2-3,A healthy mix of both,5,3,5,5,5,3,4,3,4,4,3,3,4,4,1,3,4,4,5,3,5,4,1,4,1,2021,No,Keep the lawls,Poke music / Pokelawls twitch,Weed Music ,"Music, ","any genre, user submissions",Dizzy,2055 GTA 6,,aga,Counter Strike: Global Offensive fuck cs2 valve you piece of,no country for old men,"mac miller, analogfish, kanye :/",no idea,Curry,
3/25/2025 2:58:48,19-24,"5'7"" to 5'11""",125-174,Some highschool,Part time,Less than $20k,Australia,White,Female,Bisexual / Pansexual,Transgender,Atheist / Agnostic,Centrist,Dating,,,Dog,Never tried it,,Yes,Yes,No,No,No,No,No,No,No,No,No,No,Yes,No,No,A few times a month,"Yes, I have VR. Poke contributed","Yes, Poke was a reason","Yes, Poke was a reason",No,No,,1,League Daughter,Normal sub,"Twitch Sidebar / Dashboard, Mobile Notifications, Chatterino / Offline chatting",Yes,Yes,Dont care,"Desktop, Mobile",Every stream,Seldom chatter,Yes,"Yes, but not active",No,Youtube recommended / clip compilation,5-6,2-3,"Spontaneous, unpredictable content",4,5,4,2,2,4,3,1,3,3,1,1,1,2,2,5,2,3,4,1,3,5,1,2,3,2017,Yes,Change the name,Poke music / Poke twitch,"Comedy, a reason to laugh",More collabs and party games with friends,,caseoh,A modded minecraft playthrough,bbno$,Buggin,Garry's Mod,John Wick,"Post Malone, Chainsmokers, Sabrina Carpenter, Taylor Swift",beerbongs & bentleys,Chicken Nuggets,
3/25/2025 2:58:48,33-39,"5'7"" to 5'11""",175-224,Some college,Unemployed,Less than $20k,North America,Native / Indigenous,Male,Straight,Cisgender,Other,Apolitical,Single,Canada,,Cat,Always,,No,Yes,Yes,No,No,No,No,No,No,No,Yes,No,Yes,No,Revoked / Suspended,A few times a week,No VR,No,No,No,No,,1,Weed Son,Prime subbed,"Twitch Sidebar / Dashboard, Chatterino / Offline chatting",Yes,Yes,Yes,"Desktop, Mobile, TV app",Every stream,Seldom chatter,No,"Yes, but not active",No,Streamer collab,11+,4-6,A healthy mix of both,4,5,3,4,4,4,5,4,4,2,3,5,4,3,2,1,4,4,5,5,5,4,2,3,3,2016 or earlier,I dont care,Keep the lawls,I don't care,I think he's a funny silly guy and he's pretty consistent even if he's on alt so i appreciate him being there a lot. I don't mind when he peaces out too cuz it gives me time to catch up sometimes when i'm too busy to watch stream,I can't seem to imagine what else I would want. I like how natural his streams are and if he progresses or evolves then it's better that way.,I like watching him learn new production techniques and tricks. He has good taste in music so whatever he's making kind of just has that juice.,"vinny, jerma","whatever comes out, i like watching him play the newewst shit and whatever he finds",love seeing the four horsemen streams,OMEGALUL,The Legend of Zelda: A Link to the Past,Interstellar 5555,"Yeat, Playboi Carti, Ken Carson, The Acacia Strain, Damian Anton Ojeda",Doppelganger - The Fall of Troy,Burger,
3/25/2025 3:01:56,25-32,"5'7"" to 5'11""",125-174,Some highschool,Unemployed,Less than $20k,Africa,Black,Male,Straight,Cisgender,Islam,Liberal,Single,Canada,,No pets,Never tried it,,Yes,No,No,No,No,No,No,No,No,No,No,No,No,No,No,A few times a year,No VR,No,No,No,No,,3,League Daughter,No,"Twitch Sidebar / Dashboard, Mobile Notifications",No,Yes,Yes,"Laptop, Mobile",A few times a week,Active chatter,No,No,No,Twitch game categories,3-4,4-6,"Spontaneous, unpredictable content",4,2,3,1,2,1,2,1,2,2,1,1,2,1,1,1,1,4,3,3,2,3,1,1,4,2016 or earlier,I dont care,Change the name,Poke music / Poke twitch,,,,Nymn,,,,,,,,,
3/25/2025 3:04:04,19-24,"5'3"" to 5'6""",125-174,Some highschool,Unemployed,Less than $20k,Asia,Asian / Pacific Islander,Male,Straight,Cisgender,Other,Apolitical,Single,,,Cat,Never tried it,Blunt,Yes,No,,No,Yes,No,No,No,Yes,No,Yes,No,No,No,No,Never,No VR,No,No,No,No,,3,League Daughter,Gifted sub,Mobile Notifications,No,Yes,Yes,Mobile,Every stream,Lurker,No,"Yes, but not active","Yes, but not active",Youtube recommended / clip compilation,7-8,4-6,A healthy mix of both,4,5,4,3,5,4,5,5,5,5,3,2,5,3,1,1,1,5,5,5,4,5,1,4,2,2017,Yes,I don't care,Poke music / Pokelawls twitch,Playing the game and stop complaining like some hoe. Please just play a game," VR games, I love watching it and probably best content overall for viewers.

 It's probably best to be VR streamer/content creator now because barely any of VR content doing it except Rob","Hop on UK Garage, it has some similarities attached to Rap and House music",Sliggytv (Nerdy Valorant Comp Analyst) Caedrel (newest xdd) rprx (random shit) Mande (EU Juicer),ANY VR GAMES,Music with Cochise ,yoge,GTA catalog,Idk,"Skrillex, Space Laces, SVDDEN DEATH, G Jones, Porter Robinson, Nitepunk, CANOTO, grape milk","Path by G Jones, Visceral by Getter, HELLMODE by Jeff Rosenstock, Hellfire by black midi, DAMN. And GNX by Kendrick Lamar",Pizza,"Regardless question about (If you from this Region), Where my fellow Asia country question at (East/South/Southeast Asian etc) Please include on next Census and Better writing Question."
3/25/2025 3:05:11,33-39,"5'7"" to 5'11""",125-174,Some college,Part time,Less than $20k,North America,White,Male,Bisexual / Pansexual,Cisgender,Atheist / Agnostic,Centrist,Single,Indiana (IN),,No pets,A few times a day,Bong,No,Yes,No,Yes,No,No,No,No,No,No,Yes,No,No,No,No,A few times a year,"Yes, I have VR",No,"Yes, Poke was a reason",No,No,,1,League Daughter,Normal sub,"Twitch Sidebar / Dashboard, Mobile Notifications",Yes,Yes,Dont care,Desktop,Every stream,Active chatter,No,"Yes, but not active","Yes, but not active","Word of mouth, from a friend",3-4,2-3,A healthy mix of both,3,3,5,5,3,3,5,5,5,4,5,5,5,3,1,2,3,4,5,4,3,3,1,1,1,2020,No,I don't care,Poke music / Pokelawls twitch,the stalling. the settings. the riffing. the music.  just poke fucking around trolling chat or trying to make us laugh.,irl content and content with gigi,crystal castles/house type vibe that make me go :jah:,Northern Lion and dizzy<3,would like to see a speedrunning game,simply or some kind of music collab,ICANT,path of exile,next friday,"hxly xo, black balloons, lucki, armor for sleep, animals as leaders",ultraviolet by usedcvnt ,garlic naan and some savory curry.  Also a well made sandwhich and a seltzer/soady goes crazy,
3/25/2025 3:06:16,19-24,"5'7"" to 5'11""",175-224,Some highschool,Unemployed,Less than $20k,North America,White,Male,Straight,Cisgender,Christian,Centrist,Single,Texas (TX),,"Dog, Cat",Never tried it,,No,No,No,No,No,No,No,No,No,No,Yes,No,No,No,Yes,Never,No VR,No,No,No,No,,1,Weed Son,No,"Twitch Sidebar / Dashboard, Mobile Notifications",No,Yes,Yes,"Laptop, Mobile",Every stream,Lurker,No,No,No,Mentioned by another streamer,5-6,2-3,"Spontaneous, unpredictable content",2,2,1,1,3,3,3,2,2,2,1,2,3,3,1,2,1,3,3,3,2,3,1,1,1,2022,I dont care,Keep the lawls,Poke music / Pokelawls twitch,"his jokes, i laugh at most of them, he has a unique sense of humor ",idk tbh,maybe something jazzy or an old school kinda beat,probably caseoh,idk man only games i know are long story driven ones,i want to see more four horsemen,i like Gregory,the yakuza series (like a dragon),the sunset limited,"death grips, midori,sheena ringo, warpaint, or akaiko-en. these are the best",jenny death,tuna mayo and egg sandwich,
3/25/2025 3:06:32,25-32,"6'4""+",175-224,High school / GED,Unemployed,$50k-$100k,North America,White,Other,Questioning,Cisgender,Other,Socialist,Single,Missouri (MO),,Dog,Always,"Bong, Blunt, Dabbing, Edible",No,No,No,No,No,No,No,No,No,No,No,No,No,No,Yes,Daily,No VR,"Yes, Poke was a reason","Yes, Poke was a reason",No,No,,2,Weed Son,No,"Twitch Sidebar / Dashboard, Mobile Notifications",No,Yes,Yes,"Desktop, Mobile, TV app",A few times a week,Lurker,No,No,No,Mentioned by another streamer,7-8,2-3,A healthy mix of both,5,5,4,1,2,4,2,1,2,2,3,3,4,2,2,5,3,4,5,2,1,4,1,2,1,2021,No,Change the name,I don't care,His goofy high dumb ass playing games 🐸,"Stoner game content, poke fav stream to smoke watch",Hard trap shiii yeat type beats but not shit rapping plz. Or try lil peep sad rock rap no one has covered that genre fr fr,"JERMA, lirik, willneff, ludwig, ew squeex i guess ",hire me to make a game dawg 😂 (I'm actually a solo gamedev thuff2015@gmail.com),jerma!!! fav combo when they're both baked af roleplaying hahaha,idgaf,dark souls series,pulp fiction,"Lil peep, juice, mac Miller, I'm stuck in 2016. ","acid rap - chance. such good memories, I'm not really a furry femboy btw that answer is sarcasm I just remember I put that and don't wanna go back now that I did the rest serious like who asks that lmao wild ",duuuuude pizza and those chocolate lava cakes from dominos,Issa long boi
3/25/2025 3:07:13,25-32,"5'3"" to 5'6""",125-174,Some college,Unemployed,Less than $20k,Asia,Asian / Pacific Islander,Male,Straight,Cisgender,Atheist / Agnostic,Liberal,Dating,,,Cat,Never tried it,,Yes,No,No,No,No,No,No,No,No,No,No,No,No,No,Yes,A few times a month,No VR,No,No,No,No,,2,League Daughter,No,Twitch Sidebar / Dashboard,No,Yes,Yes,Laptop,A few times a week,Seldom chatter,No,No,No,Streamer collab,3-4,2-3,A healthy mix of both,4,4,3,3,3,3,4,3,4,3,3,3,3,3,1,1,3,3,3,3,3,4,2,2,1,2021,I dont care,Keep the lawls,I don't care,random funny things he does,I would like to see irl streams,I have no idea with the world of music making,just poke man,idk games are ass now,idk anybody else,uuhhguasdhasdhghuuuuhuubu ,Sonic Heroes,The Truman Show,"keshi, wave to earth, daniel caesar",GABRIEL 2022,peach mango pie,its all good
3/25/2025 3:08:01,25-32,"5'3"" to 5'6""",125-174,High school / GED,Self employed / 1099,Less than $20k,North America,Black,Male,Straight,,Christian,Liberal,Single,Texas (TX),,No pets,A few times a year,"Bong, Blunt, Pipe, Joint, Vape",No,No,No,No,No,No,No,No,No,No,No,No,No,No,Yes,A few times a week,No VR,No,No,No,No,,1,Weed Son,No,"Twitch Sidebar / Dashboard, Mobile Notifications",No,Yes,Yes,"Desktop, Mobile, Gaming console",Every stream,Seldom chatter,No,No,No,Streamer collab,3-4,7+,"Spontaneous, unpredictable content",3,5,1,2,3,2,5,5,2,4,2,1,3,5,1,1,3,5,5,3,3,3,4,4,1,2019,I dont care,I don't care,I don't care,Anything that gets him to stop complaining that there are no games to play right now,"Whatever he actually enjoys because thats when he's most entertaining aka no more voices streams please, chat overhypes that shit like hell.  ",I dont care as long as he not forcing a sound ,Imdontai or Northernlion,Anything thats not Voices of the Void,Gigi and Dizzy ,Idgaf about emotes honestly,Black Ops 1 or The Walking Dead (Telltale),A Goofy Movie,Sade,HNDRXX,My Mom's Pot Roast,
3/25/2025 3:08:49,33-39,"6' to 6'3""",175-224,High school / GED,Unemployed,,North America,White,Male,Straight,Cisgender,Atheist / Agnostic,Socialist,Divorced,Canada,,No pets,A few times a month,"Pipe, Joint, Vape, Edible",No,No,Yes,Yes,No,Yes,No,No,No,No,Yes,No,No,No,Learners permit,Daily,"Yes, I have VR. Poke contributed",No,No,No,No,,3,Weed Son,Normal sub,"Twitch Sidebar / Dashboard, Chatterino / Offline chatting",Yes,Yes,No,"Desktop, Tablet",Every stream,Lurker,No,No,No,Mentioned by another streamer,11+,2-3,"Spontaneous, unpredictable content",3,5,3,3,2,2,3,2,2,2,2,3,4,4,1,2,1,3,3,2,1,1,4,4,1,2020,I dont care,Change the name,Poke music / Poke twitch,funny and good music,funny gaming and music production. i love the schedule 1 gameplay with gigi,"anything vocals, beats, its all really great",zoil,dayz with randoms,zoil,glorp,valheim,ronin,jay rock,freddie freddie gibbs,shepherds pie,"this was good, should do it again, good job team <3"
3/25/2025 3:08:52,19-24,,,Some college,"Student, not working",Less than $20k,North America,White,Male,Questioning,Cisgender,Christian,Socialist,Dating,Florida (FL),,No pets,Tried and quit,,Yes,No,No,No,No,No,No,No,No,No,No,No,No,No,Yes,A few times a year,No VR,No,No,No,No,,1,Weed Son,No,Twitch Sidebar / Dashboard,No,Yes,Yes,"Desktop, Mobile",A few times a month,Lurker,No,No,No,Twitch recommended,1-2,2-3,A healthy mix of both,4,3,3,3,2,1,5,1,1,1,4,1,1,1,1,2,2,3,4,4,4,1,1,1,1,2021,I dont care,Keep the lawls,I don't care,chill guy,"less react, more game",no,Spoodah,none,none,none,Red Dead Redemption 2,Star Wars Prequels,BONES,,spaghetti,
3/25/2025 3:12:16,19-24,"5'7"" to 5'11""",225-274,Some college,Unemployed,Less than $20k,North America,Other,Other,Gay / Lesbian,Transgender,Atheist / Agnostic,Liberal,Dating,Washington (WA),,"Dog, Cat, Fish, Lizard / Reptile / Dragon",Tried and quit,Vape,Yes,No,No,No,No,No,No,No,No,No,No,No,No,No,Yes,A few times a month,"Yes, I have VR",Yes,No,No,No,,2,Weed Son,No,Discord notications,No,Yes,Dont care,Desktop,A few times a week,Seldom chatter,No,No,No,"Word of mouth, from a friend",Less than one,4-6,A healthy mix of both,4,3,1,4,2,1,5,5,2,3,1,5,4,2,1,5,3,3,3,3,4,3,1,1,1,2022,I dont care,I don't care,I don't care,,,,,,,,,,,,,
3/25/2025 3:12:17,19-24,"5'7"" to 5'11""",125-174,Some college,"Student, not working",Less than $20k,Europe,White,Non Binary,Other,Transgender,Atheist / Agnostic,Socialist,Single,,United Kingdom,No pets,A few times a day,"Bong, Joint, Vape, Edible",No,No,No,No,No,No,No,No,No,No,Yes,No,No,No,Learners permit,A few times a year,No VR,No,No,No,No,,1,League Daughter,No,Chatterino / Offline chatting,Yes,Yes,Yes,"Desktop, Laptop, Mobile",Every stream,Seldom chatter,Yes,No,No,Mentioned by another streamer,11+,4-6,A healthy mix of both,5,4,4,3,4,3,5,4,4,4,3,4,5,,2,3,3,4,4,4,3,3,1,2,1,2022,I dont care,I don't care,I don't care,Variety Gaming,Music Production,Techno,Zoil,Project Zomboid,Cyr,qq,Wii Sports Resort ,The Pursuit of Happiness,The Beatles,The Dark Side of The Moon ,Chicken Wings,great job!
3/25/2025 3:14:54,19-24,"5'7"" to 5'11""",125-174,Some college,Unemployed,Less than $20k,North America,Black,Male,Straight,Cisgender,Atheist / Agnostic,Socialist,Single,New York (NY),,Dog,A few times a year,Bong,No,No,No,No,No,No,No,No,No,No,No,No,No,No,Yes,Never,No VR,No,No,No,No,,1,League Daughter,No,Twitch Sidebar / Dashboard,No,Yes,Dont care,"Desktop, Laptop",A few times a week,Seldom chatter,No,No,No,Twitch recommended,3-4,2-3,A healthy mix of both,4,5,4,2,3,1,5,3,2,2,1,1,1,2,1,1,3,5,3,1,1,5,3,3,1,2023,I dont care,I don't care,I don't care,I enjoy his humor. Poke makes me laugh a lot.,"More games! AAA or indie, old or new idc and also finishing the stuff he starts (so long as it's fun ofc)","I don't really watch the music making content, but I would watch him make more electronic music, maybe ambient or atmospheric drum and bass.",caseoh_,"Armored Core VI: Fires of Rubicon, Warhammer 40,000: Space Marine 2, Cruelty Squad ",idc,oPeepo,Armored Core: For Answer,The Battle of Algiers (1966),"Just a few: MIKE, MF DOOM, Westside Gunn, Crystal Castles, TOOL, Slowdive, Radiohead, Grouper, Joy Division, King Crimson ",Favorite album AS OF NOW: Dopethrone,idk,
3/25/2025 3:16:52,25-32,"6' to 6'3""",225-274,Bachelor's,Part time,$20k-$50k,North America,White,Male,Straight,Cisgender,Atheist / Agnostic,Socialist,Single,Oregon (OR),,No pets,Tried and quit,,No,No,No,No,No,No,No,No,No,No,No,No,No,No,Yes,A few times a year,No VR,No,No,Balding,No,,1,Weed Son,Normal sub,"Twitch Sidebar / Dashboard, Mobile Notifications",Yes,Yes,Dont care,"Desktop, Laptop, Mobile",Every stream,Active chatter,No,No,No,Streamer collab,9-10,4-6,"Spontaneous, unpredictable content",3,5,4,3,3,2,3,1,3,1,2,3,3,3,1,4,3,3,2,3,5,4,3,3,1,2022,Yes,Change the name,Poke music / Poke twitch,"He feels like my brain, while simultaneously being the person I don’t want to be ","Not
League or WoW or dogshit games like that",Electronic stuff with his vocals ,"Depends what I am playing. Cutedog is good, Jynxzi, jasontheween, burntpeanut","Community server esque games, like a giant Minecraft server, etc. ",Somebody who he can be himself around ,Aware ,Path of Exile,More of a show guy myself; sopranos ,"Flume, Bas",Bas - Too High to Riot,Poke/sushi ,Thank you mods ! Take care of yourself and call your family. Go outside at least once a day
3/25/2025 3:21:42,19-24,"6' to 6'3""",175-224,High school / GED,Part time,$20k-$50k,North America,White,Male,Straight,Cisgender,Atheist / Agnostic,Conservative,Single,Canada,,Cat,Always,Bong,Yes,Yes,No,No,Yes,No,Yes,No,No,No,No,No,No,No,Yes,A few times a week,No VR,No,No,No,No,,1,League Daughter,Normal sub,Twitch Sidebar / Dashboard,Yes,Yes,Yes,"Desktop, Mobile",Every stream,Seldom chatter,No,"Yes, but not active",No,Twitch recommended,7-8,4-6,A healthy mix of both,4,5,3,4,3,4,5,5,5,5,5,5,5,5,1,3,4,5,5,3,3,5,2,4,2,2021,I dont care,Keep the lawls,Poke music / Pokelawls twitch,love chat and variety games its only good vibes with poke,more irl streams...,poke got the sauce he put me on a lot of current generation hiphop id like to see poke sample more to be honest ,summit1g,mortuary assistant chill game,LUCKI,peepoTopolo ,blackops 3 zombies ,Dragon Ball Z Fusion Reborn,"Lil Uzi Vert, OPIUM, JPEGMAFIA, Earl Sweatshirt,  XXXTENTACION",Members Only Vol. 3,Macaroni and cheese,was good :)
3/25/2025 3:21:57,25-32,"6' to 6'3""",225-274,Bachelor's,Full time,$50k-$100k,Europe,White,Male,Straight,Cisgender,Atheist / Agnostic,Liberal,Single,,United Kingdom,Dog,Never tried it,,Yes,Yes,No,No,No,No,No,No,No,No,No,No,No,Yes,Learners permit,A few times a year,"Yes, I have VR. Poke contributed",No,No,No,No,,1,League Daughter,No,"Twitch Sidebar / Dashboard, Chatterino / Offline chatting",Yes,Yes,Dont care,"Desktop, Mobile, Tablet",Every stream,Seldom chatter,No,No,No,Streamer collab,7-8,2-3,A healthy mix of both,4,4,3,2,2,2,3,1,2,3,2,4,4,3,1,2,3,3,3,2,3,4,1,1,1,2016 or earlier,I dont care,I don't care,I don't care,,,,,,,,,,,,,
3/25/2025 3:25:23,25-32,"6'4""+",225-274,Associates / Trade,Full time,$100k+,Australia,White,Male,Straight,Cisgender,Atheist / Agnostic,Apolitical,Single,,,Dog,A few times a day,Vape,Yes,No,No,No,No,No,No,No,No,No,No,No,No,No,Yes,A few times a week,No VR,No,No,No,No,,1,Weed Son,No,Twitch Sidebar / Dashboard,No,Yes,Yes,Desktop,A few times a week,Seldom chatter,No,"Yes, but not active",No,Twitch recommended,5-6,4-6,A healthy mix of both,4,5,4,4,4,4,4,3,5,5,2,3,3,3,1,4,2,4,2,4,5,4,1,1,1,2019,I dont care,I don't care,I don't care,chat interaction and his humour,vrchat,n/a,k3soju,vrchat,n/a,n/a,used to be league,american history x,fred again,i dont like any whole albums,burgers,
3/25/2025 3:25:39,33-39,"5'7"" to 5'11""",125-174,Some highschool,Unemployed,$20k-$50k,Europe,White,Male,Straight,Cisgender,Atheist / Agnostic,Socialist,Single,,Iceland,Cat,A few times a day,"Bong, Joint",No,Yes,No,No,No,No,No,No,No,Yes,Yes,No,No,No,Yes,Never,No VR,No,No,No,No,,2,Weed Son,Normal sub,"Twitch Sidebar / Dashboard, Chatterino / Offline chatting",Yes,Yes,Yes,Desktop,Every stream,Lurker,Yes,"Yes, but not active",No,Streamer collab,11+,4-6,A healthy mix of both,5,5,3,5,3,3,3,3,3,3,5,3,3,1,5,5,3,3,3,4,3,1,1,3,1,2018,No,I don't care,Poke music / Pokelawls twitch,,,,Forsen,Forsen and erobb221,Forsen and erobb221,Ogre,,The lord of the rings,,And justice for all,,
3/25/2025 3:26:04,25-32,"6' to 6'3""",175-224,Some college,Part time,$20k-$50k,North America,Native / Indigenous,Male,Straight,Cisgender,Atheist / Agnostic,Liberal,Single,Canada,,Dog,A few times a year,"Bong, Blunt, Pipe, Vape, Edible",Yes,Yes,No,No,No,No,No,No,No,No,No,No,No,No,Learners permit,A few times a week,No VR,No,No,No,No,,1,League Daughter,No,"Twitch Sidebar / Dashboard, Email notifications",No,Yes,Yes,"Desktop, Laptop, Mobile",A few times a week,Lurker,No,No,No,"Word of mouth, from a friend",3-4,2-3,"Spontaneous, unpredictable content",,,,,,,,,,,,,,,,,,,,,,,,,,2016 or earlier,No,Keep the lawls,Poke music / Pokelawls twitch,,,,,,,,,,,,,
3/25/2025 3:27:58,25-32,"5'7"" to 5'11""",125-174,Some college,Full time,Less than $20k,North America,White,Male,Straight,Cisgender,Atheist / Agnostic,Liberal,Single,Kentucky (KY),,"Dog, Cat",A few times a day,"Bong, Pipe",No,No,Yes,Yes,No,No,No,No,No,No,Yes,No,No,No,Yes,Never,"Yes, I have VR. Poke contributed",No,No,No,No,,1,Weed Son,Prime subbed,"Mobile Notifications, Discord notications",Yes,Yes,Yes,"Laptop, Mobile",Every stream,Seldom chatter,No,"Yes, but not active",No,Streamer collab,3-4,2-3,A healthy mix of both,5,5,2,3,4,5,5,3,5,5,3,4,3,1,1,5,4,4,5,5,4,4,4,4,1,2020,Yes,I don't care,I don't care,"Collab, variety, and anything he has fun doing. ","IRL streams, active/workout streams, collabs, pre-planned events","I like metal, but everything is valid",CohhCarnage=Jerma985,Anything he has fun with. ,summit1g,buh,Witcher 3,jurassic park ,berried alive,"linkin park, hybrid theory",brownie with ice cream,Excellent. 
3/25/2025 3:29:01,25-32,"5'7"" to 5'11""",325+,Associates / Trade,"Student, not working",Less than $20k,North America,Hispanic / Latino,Male,Straight,Cisgender,Christian,Centrist,Single,Texas (TX),,Dog,Tried and quit,,No,No,No,No,No,No,No,No,No,No,No,No,No,No,Yes,A few times a week,No VR,No,No,No,No,,1,League Daughter,No,Mobile Notifications,No,No,Yes,Mobile,A few times a week,Lurker,No,No,No,Streamer collab,5-6,2-3,A healthy mix of both,3,4,2,2,4,3,4,4,4,2,1,4,2,1,1,1,3,4,4,4,4,4,1,2,1,2018,Yes,I don't care,I don't care,"When he plays any other game but league, I enjoy watching.",Playing more solo horror/adventure games,I’m not sure.,Valkyrae and Caseoh,More horror indie games,I would say Miz but I feel like that would be forced so Sodapoppin and summit1g will be a healthier collab,Trihard7,REPO,The Social Network,I don’t have a favorite,No favorites,Lomein and cream corn from any local Asian restaurant/buffet,
3/25/2025 3:30:24,19-24,"5'7"" to 5'11""",Under 125,Some college,Unemployed,Less than $20k,North America,White,Male,Questioning,Cisgender,Atheist / Agnostic,Liberal,Single,Massachusetts (MA),,Cat,A few times a year,"Vape, Edible",No,No,No,No,No,No,No,No,No,No,No,No,No,No,Learners permit,A few times a year,No VR,No,No,No,No,,1,Weed Son,No,"Twitch Sidebar / Dashboard, Mobile Notifications",No,Yes,Dont care,"Desktop, Mobile",A few times a week,Lurker,No,No,No,Mentioned by another streamer,9-10,2-3,A healthy mix of both,3,5,2,2,2,2,4,2,4,5,3,2,3,4,2,3,5,4,5,4,4,5,1,1,2,2020,I dont care,Keep the lawls,I don't care,gaming and music reviewing,full completion of games,n/a,otzdarva,silent hill f,n/a,don't use emotes,Silent Hill series,Princess Mononoke,"Akira Yamaoka, Pierce the Veil, Mars Volta, Dinosaur Jr., etc",too many to decide,pizza,
3/25/2025 3:33:27,25-32,"5'7"" to 5'11""",175-224,Some college,Unemployed,Less than $20k,North America,White,Male,Straight,,Christian,Centrist,Single,North Carolina (NC),,Cat,Never tried it,,No,No,No,No,No,No,No,No,No,No,No,No,No,No,Yes,Never,No VR,No,No,No,No,,1,Weed Son,No,"Twitch Sidebar / Dashboard, Discord notications",Yes,Yes,Dont care,"Desktop, Mobile",Every stream,Active chatter,No,"Yes, but not active",No,Mentioned by another streamer,7-8,4-6,A healthy mix of both,4,4,4,4,3,2,3,3,3,4,2,4,4,2,1,4,3,4,4,3,3,3,1,1,1,2022,Yes,I don't care,I don't care,"Humor, chat interaction, and chill vibes","IRL, even if its just at home",,xQc,Voices of the Void,Jakenbakelive for an irl stream in Japan would be sick,Okay,Minecraft,Spider-Man 2002,,,Italian,
3/25/2025 3:33:31,25-32,"5'7"" to 5'11""",125-174,Some college,Full time,$50k-$100k,North America,White,Male,Straight,Cisgender,Atheist / Agnostic,Liberal,Single,Canada,,Cat,A few times a year,"Blunt, Joint",Yes,No,Yes,No,Yes,No,No,No,No,No,Yes,No,No,No,Yes,A few times a month,"Yes, I have VR",No,No,No,No,,2,League Daughter,No,Twitch Sidebar / Dashboard,No,Yes,Yes,"Desktop, Mobile",A few times a week,Active chatter,No,No,No,Youtube recommended / clip compilation,11+,7+,A healthy mix of both,5,3,3,1,2,2,5,1,3,3,1,2,3,2,1,2,2,4,5,2,3,5,1,3,3,2016 or earlier,I dont care,Keep the lawls,Poke music / Pokelawls twitch,chill vibes,Weed review,Hyper,moonmoon,valheim,xqc,glorp,red dead redemption 2,the wolf of wall street,joji,igor,cum,
3/25/2025 3:34:01,19-24,"6' to 6'3""",175-224,Bachelor's,Unemployed,Less than $20k,North America,White,Male,Straight,,Christian,,Single,Canada,,No pets,Never tried it,,Yes,Yes,No,No,No,No,No,No,No,No,No,No,No,No,Yes,A few times a month,No VR,No,No,No,No,,1,,No,Twitch Sidebar / Dashboard,No,Yes,Dont care,Desktop,A few times a month,Lurker,No,No,No,Streamer collab,1-2,1,Planned events with set schedules,,,,,,,,,,,,,,,,,,,,,,,,,,,I dont care,I don't care,I don't care,,,,,,,,,,,,,
3/25/2025 3:34:04,19-24,"5'3"" to 5'6""",125-174,High school / GED,Part time,Less than $20k,Australia,White,Male,Straight,Cisgender,Atheist / Agnostic,Socialist,Single,,,Dog,Never tried it,,Yes,Yes,Yes,No,No,No,No,No,No,No,Yes,No,Yes,No,Learners permit,A few times a year,No VR,No,No,No,No,,1,Weed Son,No,Twitch Sidebar / Dashboard,No,Yes,Dont care,"Desktop, Mobile",A few times a week,Active chatter,No,No,No,"Word of mouth, from a friend",3-4,2-3,A healthy mix of both,4,5,4,3,3,3,5,3,5,5,4,4,4,4,1,1,4,4,5,4,5,5,3,4,4,2020,I dont care,Keep the lawls,I don't care,the funny,horror games (pussylawls),idk,moonmoon,Neon White,CohhCarnage,ThatsCrazy,cs,there will be blood,the strokes / elliott smith,elliott smith self titled,burger,
3/25/2025 3:35:14,25-32,"6' to 6'3""",175-224,High school / GED,Unemployed,$20k-$50k,North America,White,Male,Straight,Cisgender,Atheist / Agnostic,Liberal,Single,Minnesota (MN),,Cat,Once a day,Vape,Yes,Yes,No,No,No,No,No,No,No,No,No,No,No,No,Yes,A few times a year,No VR,No,No,No,No,,1,League Daughter,No,Twitch Sidebar / Dashboard,Yes,Yes,Yes,Desktop,A few times a week,Seldom chatter,No,No,No,Streamer collab,7-8,4-6,A healthy mix of both,3,4,3,2,3,2,5,4,4,4,2,2,3,2,4,5,4,4,5,2,2,5,1,1,2,2019,I dont care,Change the name,I don't care,Honestly just seeing him have fun and laugh in a game,I know it's cringe but VRchat and GTA RP are hilarious. Games with multiple people are my favorite with him,I love seeing him make a juice wrld type beat,pikabooirl,A yakuza game would be cool,pikabooirl,clappi,final fantasy 14,koe no katachi,"eminem, juice wrld, iron maiden",dark side of the moon,curry,
3/25/2025 3:35:17,25-32,"6' to 6'3""",175-224,Some college,Self employed / 1099,$100k+,Europe,White,Male,Straight,Cisgender,Other,Apolitical,Single,,Denmark,No pets,Always,"Blunt, Joint",Yes,Yes,No,No,No,No,Yes,No,No,No,No,No,No,No,Yes,A few times a year,"Yes, I have VR",No,Yes,No,No,,3,Weed Son,No,Twitch Sidebar / Dashboard,No,Yes,Dont care,"Desktop, Laptop",Every stream,Lurker,No,No,"Yes, but not active",Streamer collab,9-10,None most days,A healthy mix of both,3,3,4,2,3,3,5,5,5,3,2,2,5,3,2,4,2,5,5,4,4,4,1,4,1,2016 or earlier,I dont care,Keep the lawls,I don't care,His chill ways of being,dont really care that much what he plays to be honest,"Trance, Techno, Electronic Rock, and other Electronic forms of music.",Mostly poke,"F.E.A.R games, and other chill games",Snoop Dogg,trolldespair,Battlefield 1942 ,Olsenbanden,"linkin park, Celldweller, Blue stahli, Daft Punk",Anden på Coke,"Pizza, Lasagne, Balls in Curry(Danish)",Rarely do Census's so idk
3/25/2025 3:36:14,25-32,"6' to 6'3""",175-224,Bachelor's,Part time,$20k-$50k,Europe,White,Male,Bisexual / Pansexual,Cisgender,Atheist / Agnostic,Socialist,Engaged,,United Kingdom,Cat,Never tried it,,Yes,Yes,Yes,No,Yes,No,No,No,No,No,No,No,No,No,Learners permit,A few times a month,No VR,No,No,No,No,,1,League Daughter,No,,No,Yes,Yes,Desktop,A few times a week,Lurker,No,No,No,LSF / Reddit,3-4,2-3,"Spontaneous, unpredictable content",4,4,3,1,3,3,3,3,3,3,3,1,2,1,1,5,1,3,2,4,4,3,2,2,1,2018,I dont care,I don't care,I don't care,funnie,funnie,,forsen,,,olrite,pokemon,memento,,,pizza,
3/25/2025 3:36:28,19-24,"6' to 6'3""",225-274,Some college,"Student, not working",Less than $20k,North America,White,Male,Straight,,Atheist / Agnostic,,Single,Colorado (CO),,Cat,Never tried it,,,,,,,,,,,,,,,,Yes,A few times a month,No VR,No,No,No,No,,1,Weed Son,Prime subbed,Twitch Sidebar / Dashboard,No,Yes,Dont care,"Desktop, Mobile",A few times a week,Lurker,No,No,No,Streamer collab,5-6,2-3,A healthy mix of both,3,5,1,1,3,4,5,3,3,2,1,3,3,1,1,3,4,5,5,5,1,5,1,1,1,2019,I dont care,I don't care,I don't care,Random variety games and teacting,Horror games/ variety games,,zoil,,"sodapoppin, roflgator, jerma985, ster, vinesauce",,Team Fortress 2,,"Xxxtentation, joji, ski mask the slump god, Tyler the creator",Ballads 1,Lasagna,
3/25/2025 3:36:59,25-32,"5'7"" to 5'11""",225-274,Some college,Part time,Less than $20k,North America,White,Male,Bisexual / Pansexual,Cisgender,Atheist / Agnostic,Apolitical,Single,Ohio (OH),Other,"Dog, Cat",Always,"Bong, Pipe, Joint, Vape",Yes,Yes,No,No,No,No,No,No,No,No,No,No,No,No,No,Never,"Yes, I have VR",No,No,Balding,No,,1,League Daughter,No,Twitch Sidebar / Dashboard,No,Yes,Yes,"Desktop, Mobile",A few times a week,Lurker,No,No,No,Twitch recommended,3-4,2-3,Planned events with set schedules,5,5,2,3,5,5,5,3,5,4,2,2,4,3,2,5,2,3,5,3,5,5,2,2,1,2023,I dont care,Change the name,Poke music / Pokelawls twitch,"I enjoy his humor, as well as variety of indie games sometimes shown",Id like to see more community interactions,Trap metal would be an interesting genre,Tomato. Not the fortnite one,,,,,,"Ic3peak, Pouya, and Scoochie Boochie",,,
3/25/2025 3:37:20,25-32,"5'3"" to 5'6""",125-174,High school / GED,Full time,Less than $20k,Asia,Asian / Pacific Islander,Male,Straight,,Islam,Liberal,Dating,,,Cat,Never tried it,,No,No,No,No,No,No,No,No,No,No,Yes,No,No,No,Yes,A few times a month,No VR,No,No,No,No,,3,League Daughter,No,Mobile Notifications,No,Yes,Yes,"Desktop, Mobile",Every stream,Lurker,No,No,No,Mentioned by another streamer,9-10,2-3,A healthy mix of both,3,5,5,3,3,5,5,2,5,5,1,2,5,3,1,5,2,2,3,5,5,5,1,3,3,2019,Yes,Keep the lawls,Pokelawls music / Pokelawls twitch,"Music, playing wtih friends, and irl. and when streaming on good south east asian time",Music. IRL,"Country, Daft punk like, fred again like. maybe less about dicks or sex lyrics. and more about focus on good lyrics like life or somestuff","Nymn, Lirik, Dizzy (when he plays variety), gorgc",idk,,,Dota 2,Forrest gump,"Daft punk, gorrilaz",Random Access Memory,Chicken,
3/25/2025 3:37:26,25-32,"6' to 6'3""",175-224,Associates / Trade,Full time,$20k-$50k,Europe,White,Male,Straight,Cisgender,Atheist / Agnostic,Liberal,Single,,Sweden,"Cat, Lizard / Reptile / Dragon",Tried and quit,,Yes,Yes,No,No,No,No,No,No,No,No,No,No,No,No,No,Never,No VR,No,No,Balding,No,,2,League Daughter,No,Twitch Sidebar / Dashboard,No,Yes,Yes,"Desktop, Mobile",A few times a week,Lurker,No,No,No,Twitch game categories,5-6,7+,"Spontaneous, unpredictable content",4,2,4,2,1,3,3,2,3,3,1,1,3,3,2,4,3,3,3,4,2,2,1,3,3,2017,I dont care,I don't care,I don't care,Chilling with chat,,,Forsen,,,Schizocat,Dota2,Love exposure,Toe,,,
3/25/2025 3:37:33,19-24,"6' to 6'3""",125-174,Some college,Unemployed,Less than $20k,North America,White,Male,Bisexual / Pansexual,Cisgender,Atheist / Agnostic,Socialist,Single,Washington (WA),,Cat,A few times a day,Bong,Yes,Yes,Yes,No,Yes,No,No,No,No,No,Yes,No,Yes,No,Yes,Most days,"Yes, I have VR. Poke contributed",No,No,No,No,,1,League Daughter,Prime subbed,Chatterino / Offline chatting,Yes,Yes,Dont care,"Desktop, Laptop, Mobile, TV app",Every stream,Active chatter,Yes,"Yes, but not active",No,Youtube recommended / clip compilation,9-10,4-6,A healthy mix of both,4,3,4,3,2,4,3,2,5,5,3,5,4,2,2,4,3,4,4,3,5,4,4,4,4,2020,I dont care,I don't care,I don't care,he's naturally funny and I enjoy how he interacts with the community he has fostered. I appreciate his empathetic personality.,"IRL content like gas station streams are very cozy, also IRL collaboration streams like the cyr pizza Friday stream. But honestly whatever poke is having fun with is when he is best on stream. ","EDM stuff would be cool, his old soundcloud makes me laugh very hard every time. the funny music where you cant tell its serious :)","sneakylol, willneff, cyr,",league of legends cuz it makes chat so mad,HasanAbi ,Catsmile and all of the cat emotes,rollercoaster tycoon/league of legends,everything everywhere all at once,"Periphery, Vildjarta, JPEGMAFIA",Clairvoyant - The Contortionist  ,ramen or burger,<3
3/25/2025 3:37:52,25-32,"5'7"" to 5'11""",125-174,Bachelor's,Full time,$100k+,North America,Indian,Male,Straight,Cisgender,Atheist / Agnostic,Centrist,Single,Washington (WA),,Dog,A few times a year,Edible,Yes,No,No,No,No,No,No,No,No,No,No,No,No,No,Yes,Never,"Yes, I have VR. Poke contributed",No,No,No,No,,1,Weed Son,No,Twitch Sidebar / Dashboard,Yes,Yes,Yes,"Laptop, Mobile, TV app, Gaming console",A few times a month,Seldom chatter,No,No,No,Streamer collab,1-2,4-6,A healthy mix of both,5,4,5,5,4,4,5,4,4,4,2,2,3,3,1,1,2,4,4,4,2,4,1,2,2,2016 or earlier,Yes,Change the name,Poke music / Poke twitch,,,,,,,,,,,,,
3/25/2025 3:38:27,25-32,"5'7"" to 5'11""",175-224,High school / GED,Full time,$20k-$50k,North America,White,Male,Straight,Cisgender,Atheist / Agnostic,Apolitical,Single,Arizona (AZ),,Dog,A few times a week,"Bong, Joint, Edible",Yes,Yes,No,No,Yes,No,No,No,No,No,Yes,Yes,No,Yes,Yes,A few times a month,"Yes, I have VR",No,No,No,No,,1,Weed Son,Normal sub,Mobile Notifications,No,Yes,Yes,Desktop,A few times a month,Lurker,No,No,No,Youtube recommended / clip compilation,Less than one,None most days,A healthy mix of both,4,4,3,4,3,3,5,3,3,3,1,2,4,4,1,2,2,4,4,3,4,5,1,1,1,2019,No,I don't care,Poke music / Pokelawls twitch,"Funny weed guy, recent music is super fire, he's fun to watch when playing horror games, trolling people in games","spoopy games, maybe some irl/collab stuff cause he has an aura when he hangs out with people","I'm super not into Playboi Carti and anyone similar so it's not my thing but the like ""club"" vibes of 'Had Enough' and 'Glorpin V1' that are more EDM-like get me groovin. I'm terrible with genres cause there are so many these days.",Bruce Greene,"No real preference, but if I had to pick something then Elite: Dangerous fug it lmao",COCHISE. Esp on a track/album,pokE,Metal Gear Solid 3,50/50,"Sleep Token, TOOL, System of a Down, Mumford and Sons, but my music taste is all over the place. ",Alive 2007 - Daft Punk,Chicken Wings,Ask for people's social security numbers LO
3/25/2025 3:39:12,25-32,"6' to 6'3""",125-174,Doctorate,Self employed / 1099,$100k+,North America,Hispanic / Latino,Non Binary,Bisexual / Pansexual,Transgender,Other,Socialist,Engaged,Mexico,,"Dog, Cat",A few times a month,"Bong, Blunt, Joint, One Hitter, Vape, Edible",Yes,Yes,No,No,No,No,No,No,No,No,No,No,No,No,Yes,A few times a month,"Yes, I have VR. Poke contributed",No,No,No,No,,3,League Daughter,Prime subbed,Twitch Sidebar / Dashboard,No,Yes,Yes,"Desktop, TV app",Every stream,Seldom chatter,No,No,No,Streamer collab,3-4,2-3,A healthy mix of both,5,5,3,3,3,2,4,4,4,3,2,2,4,,3,3,2,3,4,3,3,5,3,3,3,2021,Yes,I don't care,Poke music / Pokelawls twitch,weed,weed,cumbia,igiG ,i want to see poke go to guadalajara mexico,i want to see poke go to guadalajara mexico,i want to see poke go to guadalajara mexico,i want to see poke go to guadalajara mexico,i want to see poke go to guadalajara mexico,i want to see poke go to guadalajara mexico,i want to see poke go to guadalajara mexico,i want to see poke go to guadalajara mexico,i want to see poke go to guadalajara mexico
3/25/2025 3:39:36,25-32,"5'7"" to 5'11""",125-174,Bachelor's,Unemployed,,Australia,Other,Male,Straight,Cisgender,Atheist / Agnostic,Liberal,Single,,,No pets,Tried and quit,,Yes,No,No,No,No,No,No,No,No,No,No,No,No,No,Yes,A few times a week,No VR,No,No,Balding,No,,1,League Daughter,No,Twitch Sidebar / Dashboard,No,Yes,Dont care,Desktop,Every stream,Lurker,No,No,No,Twitch game categories,9-10,7+,A healthy mix of both,5,5,5,5,3,4,4,1,5,5,1,1,4,4,3,4,4,4,4,4,3,3,2,2,1,2016 or earlier,I dont care,Change the name,Poke music / Poke twitch,I guess when he is actually having fun tbh,"VRChat, Four Horsemen","I would like to see poke fully make and complete songs, similar to the past using audacity, even if they aren't good. Trying several beats then shutting FL lacks a climax and is not as interesting.",Moonmoon,VRChat,Cyr,,,,The Strokes,,Chicken Katsu,
3/25/2025 3:40:38,19-24,"5'7"" to 5'11""",175-224,Some college,Full time,$50k-$100k,North America,White,Male,Bisexual / Pansexual,Cisgender,Atheist / Agnostic,Socialist,Single,Texas (TX),,Cat,Once a day,"Bong, Pipe, Joint, Vape, Edible",Yes,No,No,No,No,No,No,No,No,No,No,No,No,No,Yes,A few times a week,No VR,No,No,No,No,,1,League Daughter,Normal sub,Twitch Sidebar / Dashboard,No,Yes,Yes,"Desktop, TV app",A few times a week,Seldom chatter,No,No,No,"Word of mouth, from a friend",3-4,2-3,A healthy mix of both,5,5,3,3,4,3,3,3,3,3,3,3,3,3,1,4,2,5,5,5,4,5,3,3,2,2020,I dont care,I don't care,I don't care,The closeness of the community,"Voices of The Void, although if you finished that already, my bad then.",N/A,NorthernLion/Jerma985,N/A,Surprise me.,Probably any variation of Cinema,Damn. Maybe like Minecraft or Team Fortress 2,Damn. Silence of The Lambs,"Beck, Tyler The Creator, The Strokes",Beck - Odelay,Peach Cobbler with Vanilla Ice Cream,Great questions!
3/25/2025 3:43:09,19-24,"5'7"" to 5'11""",125-174,Bachelor's,Part time,Less than $20k,North America,White,Male,Bisexual / Pansexual,Cisgender,Atheist / Agnostic,Liberal,Dating,Rhode Island (RI),,"Bird, Chinchilla",Always,Bong,Yes,Yes,No,No,No,No,No,No,No,No,No,No,No,No,Yes,Never,"Yes, I have VR",Yes,No,No,No,,1,Weed Son,No,"Twitch Sidebar / Dashboard, Mobile Notifications, Chatterino / Offline chatting",Yes,No,No,"Desktop, Mobile, Tablet",Every stream,Seldom chatter,No,No,No,Streamer collab,11+,4-6,A healthy mix of both,5,2,1,,1,4,5,2,5,5,1,1,3,1,1,1,2,5,3,1,1,5,1,1,5,2017,No,Keep the lawls,Pokelawls music / Pokelawls twitch,gaming/react/music,Food reviews and solo games,Classical,YMSPlays,Silent hill 2,Destiny's podcast ,AngelThump,League of Legends,Apocalypse Now,Pat the Bunny,The Volatile Utopian Real Estate Market,Fried Chicken,you could not group bi and pansexual together 
3/25/2025 3:44:33,25-32,"5'3"" to 5'6""",325+,High school / GED,Unemployed,Less than $20k,North America,White,Female,Straight,Cisgender,Atheist / Agnostic,Conservative,Single,New York (NY),,"Dog, Cat, Rabbit",Tried and quit,"Blunt, Dabbing, Joint, Vape, Edible",No,Yes,No,No,No,No,No,No,No,No,No,No,No,No,No,Never,No VR,No,No,No,No,,1,Weed Son,No,"Twitch Sidebar / Dashboard, Mobile Notifications",No,Yes,Yes,Desktop,A few times a week,Lurker,No,No,No,Streamer collab,7-8,2-3,A healthy mix of both,5,5,3,3,2,2,5,5,1,1,1,1,1,1,1,2,1,3,3,2,3,5,1,1,1,2018,I dont care,Keep the lawls,Poke music / Pokelawls twitch,the funnies,whatever he wants,no,dizzy,dont care,dont care,xdd,"dishonored series, alien isolation, kingdom come deliverance series, astroneer, grounded, red dead redemtion series","mad max fury road, how to train your dragon series, the secret life of walter mitty, dinosaur, spirit: stallion of the cimarron, cars, secretariat, sandlot, harry potter, zathura, homeward bound, night at the museum, signs, the village, spiderwick, indiana jones series, world war z, stand by me, edward scissorhands, life of pi, water horse","lil peep, jake hill, blink-182, yumi",cant choose,all seafood except caviar,
3/25/2025 3:45:43,19-24,"6' to 6'3""",175-224,Bachelor's,Other,$50k-$100k,North America,Asian / Pacific Islander,Male,Bisexual / Pansexual,Cisgender,Atheist / Agnostic,Centrist,Married,Canada,,Dog,A few times a day,Bong,Yes,Yes,Yes,Yes,No,No,No,No,No,No,No,No,Yes,No,Revoked / Suspended,A few times a month,No VR,No,No,No,No,,2,Weed Son,Normal sub,"Twitch Sidebar / Dashboard, Mobile Notifications, Chatterino / Offline chatting",Yes,Yes,Yes,"Desktop, Laptop, Mobile, TV app",Every stream,Lurker,No,"Yes, but not active",No,Mentioned by another streamer,11+,2-3,A healthy mix of both,4,4,4,3,4,5,5,4,5,4,5,5,5,5,3,4,4,4,5,5,5,5,3,4,3,2018,I dont care,Keep the lawls,Poke music / Pokelawls twitch,"Poke's personality is very outgoing and chill. I don't feel the need to have to constantly be paying attention to stream but can still enjoy stream to the fullest. I love the community as well, one of the first weed streamers I knew of and immediately thought was dope.","I would love to see more of a mix between variety and co-op games. Some off the solo stuff like voices is amazing but I feel like chat looks for games exactly like voices in the sense of exploration and such, but some of the deeper story driven games poke plays are amazing. I love the 24 hour streams but they are unhealthy.","Would love to see poke dive a bit into indie and shoe gaze, pokes lyricalism would blend perfectly with some of the melancholy beats.",I really enjoy Zoil and his content.,I have no exact game I would like poke to play I just enjoy stream. How csn you have fun if the streamer doesn't.,"Poke, Gigi, Zoil, Cyr, Deme",kek,Garry's Mod,"Lord of the Rings, The Two Towers","Elvis Crespo, Steely Dan, Fiji, Mac Demarco, The Buttertones",Exodus - Bob Marley,Pad Thai ,First time doing it. 
3/25/2025 3:46:23,19-24,"5'7"" to 5'11""",125-174,Bachelor's,"Student, not working",Less than $20k,Asia,Middle Eastern,Male,Straight,Cisgender,Islam,Apolitical,Single,,,Cat,Tried and quit,"Bong, Blunt, Dabbing, Pipe, Joint, One Hitter, Spliff, Vape, Edible",No,No,Yes,No,No,No,No,No,No,No,No,No,No,No,Yes,A few times a week,"Yes, I have VR",No,No,No,No,,3,Weed Son,No,Twitch Sidebar / Dashboard,Yes,Yes,Yes,"Desktop, Mobile",A few times a month,Seldom chatter,No,No,No,Twitch game categories,5-6,7+,A healthy mix of both,4,4,3,1,3,4,5,1,4,4,2,5,3,3,1,2,5,3,5,3,3,3,1,3,1,2016 or earlier,I dont care,I don't care,I don't care,Funny,Comp games (hero shooter/fps),Idc,summit1g,Sea of Thieves,summit1g,Cinema,Team Fortress 2,Good Will Hunting,"Mac Miller, Wiz Khalifa, LUCKI",Don't have one tbh,Tacos,
3/25/2025 3:46:45,25-32,"5'7"" to 5'11""",125-174,Bachelor's,Unemployed,$20k-$50k,Europe,Middle Eastern,Male,Straight,Cisgender,Islam,Liberal,Dating,,United Kingdom,Cat,Never tried it,,No,No,No,No,No,No,No,No,No,No,No,No,No,Yes,Yes,A few times a month,"Yes, I have VR. Poke contributed",No,No,Balding,No,,4,League Daughter,Prime subbed,"Twitch Sidebar / Dashboard, Mobile Notifications, Discord notications, Chatterino / Offline chatting",Yes,Yes,Yes,"Desktop, Laptop, Mobile, Tablet",Every stream,Lurker,No,"Yes, but not active",No,Twitch game categories,5-6,2-3,A healthy mix of both,5,5,4,4,4,3,3,2,5,5,3,3,2,2,1,5,4,5,5,5,4,5,2,4,1,2016 or earlier,I dont care,Keep the lawls,Pokelawls music / Pokelawls twitch,"Community engagement, VR interactive/VRChat streams, RP streams(GTARP/VRChat)",Random interactions like in VRChat and GTARP,Shrug,NMPLOL,Horror games,NMPLOL,Cat emotes,Overwatch/Destiny,Avatar/White Chicks,Bladee/Oaf1,Tickets to my downfall,Rice,
3/25/2025 3:46:58,25-32,"6' to 6'3""",175-224,High school / GED,Unemployed,Less than $20k,North America,Hispanic / Latino,Male,Straight,Cisgender,Other,Liberal,Single,Pennsylvania (PA),,No pets,A few times a day,"Bong, Pipe, Joint, Vape",No,Yes,No,No,No,No,No,No,No,No,No,No,No,No,No,A few times a year,No VR,No,No,Balding,No,,1,Weed Son,No,Mobile Notifications,No,No,Yes,"Mobile, TV app, Gaming console",A few times a week,Seldom chatter,No,No,No,Youtube recommended / clip compilation,7-8,4-6,A healthy mix of both,3,3,3,3,3,3,4,4,3,3,3,4,4,3,3,3,2,3,3,3,4,4,2,3,2,2017,I dont care,I don't care,Poke music / Pokelawls twitch,His shall we and the tts being funny,Perfect as is,Adventure,Jerma,"Repo, pokemon, bad retro movie games like shrek or something ",More WILLNEFF,7tv,Halo 3/ODST,Kiki’s Delivery Service ,"$uicideBoy$, Freddy Dread, Cochise, BONES",Now the Moon’s Rising,Empanadas ,Dizzy
3/25/2025 3:52:21,19-24,"5'3"" to 5'6""",125-174,Bachelor's,"Student, not working",Less than $20k,North America,Asian / Pacific Islander,Male,Straight,Cisgender,Atheist / Agnostic,Liberal,Dating,Florida (FL),,Cat,Tried and quit,"Bong, Vape, Edible",Yes,Yes,Yes,No,No,No,No,No,No,No,No,No,No,No,Yes,A few times a year,"Yes, I have VR. Poke contributed",No,No,No,No,,1,Weed Son,No,"Twitch Sidebar / Dashboard, Discord notications",No,Yes,Yes,Desktop,A few times a week,Lurker,No,No,"Yes, but not active",LSF / Reddit,5-6,2-3,A healthy mix of both,5,5,5,2,3,4,5,2,3,4,5,4,4,1,2,5,2,5,5,4,2,5,1,1,1,2018,I dont care,Change the name,Poke music / Poke twitch,"When he plays games. When he uses VOIP in even obscure games, he's very funny.","More variety games, less social media time",,Simply,,Simply,,,,,,Sushi,
3/25/2025 3:53:21,19-24,"5'3"" to 5'6""",175-224,Bachelor's,Self employed / 1099,$100k+,Europe,White,Male,Straight,Cisgender,Atheist / Agnostic,Socialist,Single,,United Kingdom,No pets,A few times a year,"Blunt, Joint, Spliff",Yes,No,No,No,Yes,No,No,No,No,No,No,No,No,No,Learners permit,A few times a week,"Yes, I have VR. Poke contributed",No,No,No,No,,1,Weed Son,Normal sub,Twitch Sidebar / Dashboard,Yes,Yes,Yes,"Desktop, Laptop, Mobile",A few times a week,Lurker,No,"Yes, but not active",No,Mentioned by another streamer,3-4,2-3,A healthy mix of both,5,4,4,2,4,4,5,1,1,2,2,2,3,3,1,2,1,5,5,4,5,5,1,1,1,2018,Yes,Change the name,Poke music / Poke twitch,His humour & his communities humour ,"I'd like to see more variety games, or co-op of variety games.",Psychelic Rock ,Jerma985,Atomfall,,aga,Binding Of Isaac,12 Angry Men,"fakemink, YT, feng, fimigurrero, playboi carti",die lit,burger,
3/25/2025 3:55:38,25-32,"5'7"" to 5'11""",125-174,Some highschool,Unemployed,Less than $20k,North America,White,Male,Straight,Cisgender,Atheist / Agnostic,Centrist,Single,Wisconsin (WI),,Cat,Always,"Bong, Blunt, Vape",No,Yes,No,No,Yes,No,No,No,No,No,No,Yes,Yes,No,Revoked / Suspended,A few times a week,No VR,No,No,No,No,,1,Weed Son,Prime subbed,Chatterino / Offline chatting,Yes,Yes,Yes,"Desktop, Laptop, Mobile",Every stream,Active chatter,Yes,"Yes, but not active",No,Youtube recommended / clip compilation,3-4,2-3,A healthy mix of both,4,4,4,5,5,3,4,5,5,5,4,5,4,4,2,2,5,4,4,5,5,5,1,3,1,2019,I dont care,I don't care,I don't care,community,a,a,AvoidingThePuddle,a,a,LO,Ocarina of Time or Resident Evil 4 ,a,a,a,taquitos,
3/25/2025 3:56:15,25-32,"6'4""+",175-224,High school / GED,Other,Less than $20k,North America,White,Male,Bisexual / Pansexual,Cisgender,Other,Centrist,Dating,Canada,,Cat,Always,Bong,No,No,Yes,Yes,Yes,Yes,No,No,Yes,No,Yes,No,No,No,No,A few times a year,"Yes, I have VR. Poke contributed","Yes, Poke was a reason","Yes, Poke was a reason",No,No,,1,Weed Son,Prime subbed,"Twitch Sidebar / Dashboard, Chatterino / Offline chatting",Yes,Yes,Yes,"Desktop, Laptop, Mobile",Every stream,Active chatter,Yes,"Yes, and I'm active there","Yes, but not active",Twitch game categories,11+,4-6,A healthy mix of both,5,5,5,3,5,5,5,5,5,4,1,1,2,1,1,5,3,4,5,5,5,5,1,2,1,2016 or earlier,No,Keep the lawls,I don't care,"just watching poke been watching forever, chill community, good friends, good offline chat -m4ngo",scary games monkaS,DUBSTEP ,cyr,osrs,future,as a bttv employee i cant comment,osrs,clerks2,"xxx, juice, peep",legends never die,taco,yurt 
3/25/2025 3:57:05,33-39,"6' to 6'3""",175-224,Associates / Trade,Unemployed,Less than $20k,North America,Native / Indigenous,Male,Straight,Cisgender,Other,Centrist,Single,Canada,,Dog,Once a day,Vape,Yes,No,No,No,No,No,No,No,No,No,No,No,No,No,Yes,A few times a year,No VR,No,No,No,No,,2,Weed Son,No,"Twitch Sidebar / Dashboard, Mobile Notifications",No,No,Yes,Mobile,A few times a week,Lurker,No,No,No,Streamer collab,5-6,2-3,A healthy mix of both,3,4,5,3,2,3,3,4,3,4,3,4,4,2,1,4,3,4,4,3,2,4,1,2,1,2019,I dont care,Change the name,Poke music / Poke twitch,Poke's comedy and chill vibes ,"Play old ""classic"" games for music samples, Collab streaming is cool, games music etc. Some sort of Poke hosted event/competition. Can never have enough of those Pokelawls scene transitions too. ",Be it samples or inspiration there are some amazing hidden gems in old games(SNES etc.)that would be fun to experiment with.  ,"Jerma985, WillNeff, BruceGreene, Edybot, SirLarr, Limmy, Im_Dontai, Grym","All games, toss bad/not good for stream ones. ","TPAIN, Jerma985, Im_Dontai, ","WhySoSerious, PotFriend, HolidaySanta ",Chrono Trigger ,this is impossible.,"Blink-182, System of a down, Denzel Curry, Childish Gambino, Slipknot, Tyler the Creator, Highly Suspect, etc",Songs for the deaf - Queens of the Stone Age,warm,Chair
3/25/2025 4:01:21,19-24,"5'7"" to 5'11""",125-174,High school / GED,Full time,$20k-$50k,Australia,White,Male,Straight,Cisgender,Atheist / Agnostic,Apolitical,Single,,,No pets,Tried and quit,Bong,No,No,No,No,No,No,No,No,No,No,Yes,No,No,No,Yes,Never,No VR,No,No,No,No,,1,Weed Son,No,Discord notications,No,Yes,Yes,"Desktop, TV app",A few times a week,Lurker,No,"Yes, but not active",No,"Word of mouth, from a friend",5-6,2-3,Planned events with set schedules,2,4,4,1,2,4,5,4,3,5,3,3,4,2,1,2,2,4,4,5,3,4,1,1,1,2020,I dont care,Keep the lawls,Poke music / Pokelawls twitch,playing new games/making music,Making music,no,Northenlion ,anything that isnt LOL or WOW,dont care ,buh,sekiro,The Grand Budapest Hotel,kanye/denzel curry/cochise/mike/westside gunn,The Anthology,lasagna,
3/25/2025 4:01:49,25-32,"4'11"" to 5'2""",125-174,Some college,Unemployed,Less than $20k,North America,Black,Male,Straight,Cisgender,Christian,Apolitical,Single,Maryland (MD),,No pets,Never tried it,,Yes,Yes,No,No,Yes,Yes,Yes,No,No,No,No,Yes,Yes,No,No,A few times a month,No VR,No,No,No,Veteran,,3,League Daughter,Prime subbed,Discord notications,No,Yes,Yes,"Desktop, Mobile",Every stream,Active chatter,Yes,"Yes, and I'm active there",No,Mentioned by another streamer,11+,2-3,Planned events with set schedules,5,5,5,5,5,5,4,3,1,5,1,3,3,2,5,4,5,5,5,4,5,2,1,2,5,2016 or earlier,I dont care,Keep the lawls,Pokelawls music / Pokelawls twitch,He makes great music and he collabs with a lot of other streamers.,"I like him for his content. No matter what he plays, I'll be sure to watch no matter what.",,Thijihiguri,A game where he can actually stream with Thijihiguri ,Thijihiguri. ,,Dynasty Warriors. ,Treasure Planet.,N/A,N/A,Sushi.,
3/25/2025 4:02:09,25-32,"5'7"" to 5'11""",125-174,Some college,Full time,$20k-$50k,North America,White,Male,Straight,Cisgender,Christian,Apolitical,Single,Tennessee (TN),,Dog,A few times a day,"Bong, Blunt, Pipe, Joint, Vape",No,Yes,No,No,No,No,No,No,No,No,No,No,No,No,Yes,Never,"Yes, I have VR. Poke contributed",No,No,No,No,,1,Weed Son,Normal sub,Discord notications,Yes,Yes,Yes,"Desktop, Mobile",Every stream,Seldom chatter,No,"Yes, but not active",No,Youtube recommended / clip compilation,7-8,1,A healthy mix of both,3,4,3,3,4,4,5,4,2,3,3,4,3,3,2,3,4,3,4,3,3,3,1,1,1,2018,I dont care,I don't care,I don't care,The variety and his comedy,No opinion. do what you like.,No Opinion. i like the beats.,I seriously ONLY watch Poke ,GIVE BALDURS GATE 3 ANOTHER CHANCE,No opinion ,Buggin or Caught,Baldurs Gate 3 ¯\_(ツ)_/¯,TRON: Legacy or Scott Pilgrim,it changes often. but lately Yeat,Not a huge music guy. but lately Afterlyfe,Chicken,Nah
3/25/2025 4:05:41,19-24,"5'7"" to 5'11""",125-174,Some college,Part time,Less than $20k,North America,White,Male,Straight,Cisgender,Christian,Liberal,Single,Canada,,Dog,Tried and quit,,Yes,Yes,No,No,No,No,No,No,No,No,No,No,No,No,Yes,Never,"Yes, I have VR",No,No,No,No,,2,League Daughter,Prime subbed,"Twitch Sidebar / Dashboard, Mobile Notifications",No,Yes,Yes,"Desktop, Laptop, Mobile",Every stream,Lurker,No,No,No,Streamer collab,,2-3,A healthy mix of both,5,5,5,5,5,4,5,5,5,5,2,2,4,4,1,,1,5,5,5,5,5,1,1,1,2019,I dont care,I don't care,,,,,,,,,,,,,,
3/25/2025 4:06:18,19-24,"6' to 6'3""",125-174,Bachelor's,Full time,$100k+,North America,Multiethnic,Male,Straight,Cisgender,Atheist / Agnostic,Centrist,Single,California (CA),,No pets,Never tried it,,Yes,No,Yes,No,No,No,No,No,No,No,No,No,No,No,Yes,A few times a month,"Yes, I have VR",No,No,Balding,No,Yes,2,League Daughter,Prime subbed,"Twitch Sidebar / Dashboard, Mobile Notifications",No,Yes,Dont care,"Desktop, Laptop, Mobile",Every stream,Seldom chatter,No,No,No,Mentioned by another streamer,5-6,2-3,A healthy mix of both,5,3,4,1,2,2,4,1,3,1,3,3,4,4,1,1,4,5,5,1,1,3,1,2,1,2020,I dont care,I don't care,I don't care,stream with erobb,erobb,breakcore,erobb,Minecraft,erobb,buh,Minecraft,Sound of Metal,Elliot Smith,Kid Cudi Man on The Moon 1,Chipotle Bowl,
3/25/2025 4:06:53,19-24,"6' to 6'3""",225-274,Some college,Unemployed,Less than $20k,North America,Native / Indigenous,Male,Straight,Cisgender,Other,Centrist,Single,Arizona (AZ),,Dog,A few times a year,Bong,No,No,No,No,No,No,No,No,No,No,No,No,No,No,No,Never,No VR,No,No,No,No,,2,Weed Son,No,Twitch Sidebar / Dashboard,No,Yes,Dont care,"Desktop, Mobile",A few times a week,Seldom chatter,No,No,No,Streamer collab,5-6,4-6,A healthy mix of both,3,4,2,3,4,5,5,4,5,5,2,1,4,3,1,5,3,5,5,3,3,4,1,1,1,2022,I dont care,Keep the lawls,I don't care,"Music, Co-op gaming, sometimes react and talking about random shit","IRL, more music, gaming with friends, react, and chill time with chat","edm, breakcore, and drum and bass",Jerma or Vinny Vinesauce,Helldivers 2 with the 4 horsemen pls ,"Jerma, Vinesauce, Erobb ,Zoil, deme, cochise, Bucklington, Bedbanana, summit1g, CohhCarnage, cyr, and caseoh_",Leanin,Elden RIng,Iron Man (2008),"MF DOOM, Kendrick Lamar, Schoolboy Q, NWA, Wu-Tang Clan, 2pac, The Notorious B.I.G, Mick Gordon, Machinegirl, sewerslvt, system ST91, Deftones, pokelawls, and too many I can't list",To Pimp a Buterfly,Pizza,you're good G
3/25/2025 4:07:29,25-32,"5'7"" to 5'11""",125-174,Some college,"Student, not working",Less than $20k,North America,Multiethnic,Male,Bisexual / Pansexual,Cisgender,Atheist / Agnostic,Centrist,Single,Pennsylvania (PA),,No pets,Tried and quit,Joint,Yes,No,No,No,No,No,No,No,No,No,No,No,No,No,No,A few times a year,No VR,No,No,Balding,No,,1,League Daughter,No,Twitch Sidebar / Dashboard,No,Yes,Yes,"Desktop, Mobile",A few times a week,Seldom chatter,No,"Yes, but not active",No,Youtube recommended / clip compilation,5-6,2-3,A healthy mix of both,5,5,5,5,3,5,3,2,2,3,2,2,5,5,1,2,2,5,5,5,1,5,1,1,4,2017,Yes,Keep the lawls,Poke music / Pokelawls twitch,"whole stream just has a comforting vibe, love the emphasis on making the viewers laugh from both Poke and the Chat",Voices of The Void Glorp,idc ,"quin69 maybe, depends on what game im into at the time",Voices of The Void Glorp,plaqueboymax,LO has been fun af to type,ELDEN RING ~!!!!!!!!,Spirited Away ,Kanye West,Donda or MUSIC,Tamales ,yea im actually a census expert and what you need to do is 
3/25/2025 4:12:19,25-32,"5'7"" to 5'11""",175-224,Some college,Full time,$50k-$100k,North America,Hispanic / Latino,Male,Straight,,Other,Apolitical,Dating,Texas (TX),,"Cat, Snake",Never tried it,,Yes,Yes,No,No,Yes,No,No,No,No,No,Yes,No,No,No,Yes,A few times a year,No VR,"Yes, Poke was a reason","Yes, Poke was a reason",No,No,,2,League Daughter,Normal sub,"Twitch Sidebar / Dashboard, Mobile Notifications, Discord notications",No,Yes,Yes,"Mobile, TV app, Gaming console",Every stream,Lurker,No,"Yes, but not active","Yes, but not active",Music,11+,2-3,A healthy mix of both,4,4,4,4,4,2,4,4,4,4,1,4,4,4,2,3,3,3,4,4,4,4,1,2,4,2019,I dont care,Keep the lawls,Pokelawls music / Pokelawls twitch,Listening to music while playing games ,Making more music and playing with Gigi & Dizzy,Trap music or House music ,TimTheTatman,Voices of the Void,Jerma or Summit1G,,Red Dead Redemption 2,Jurassic Park ,Eminem,Nevermind- Nirvana,Fried chicken ,
3/25/2025 4:12:51,33-39,"5'7"" to 5'11""",125-174,Some college,Part time,$20k-$50k,North America,Hispanic / Latino,Male,Straight,,Other,Centrist,Single,Illinois (IL),,Cat,A few times a day,"Bong, Dabbing, Pipe, Joint, Vape",Yes,No,No,No,No,No,No,No,No,No,No,No,No,No,Yes,A few times a year,"Yes, I have VR. Poke contributed",No,No,No,No,,2,Weed Son,Normal sub,"Twitch Sidebar / Dashboard, Mobile Notifications, Discord notications",No,Yes,Yes,"Desktop, Mobile, TV app",Every stream,Active chatter,No,"Yes, but not active",No,Twitch recommended,11+,4-6,A healthy mix of both,4,4,3,3,4,5,5,5,4,4,3,3,4,3,2,3,5,4,4,3,5,4,1,1,1,2020,No,I don't care,I don't care,Humor and chill vibes,More farts ,Whatever he's doing is fine ,Lirik,More comp games ,Anyone that'll get along with him as long as it isnt forced.,Waga,Ecco the dolphin defender of the future ,Star wars episode 3 revenge of the sith,"Nas, oasis, bone thugs n harmony, j dilla.",Illmatic,"Pizza, italian beef, gorditas, tacos.",Uhhhh idk 
3/25/2025 4:13:20,19-24,"5'7"" to 5'11""",175-224,High school / GED,Full time,$100k+,North America,White,Male,Straight,,Christian,Conservative,Single,Canada,,"Dog, Cat",Always,Bong,Yes,No,No,No,No,No,No,No,No,No,,No,No,No,Yes,A few times a month,No VR,No,No,No,No,No,1,Weed Son,No,,No,No,Yes,"Desktop, Mobile",A few times a month,Lurker,No,No,No,Streamer collab,5-6,7+,A healthy mix of both,4,4,2,1,,3,3,1,3,1,1,1,1,1,1,4,3,2,2,2,2,1,1,1,1,2019,I dont care,I don't care,I don't care,,,,,,,,,,,,,
3/25/2025 4:14:48,25-32,"6'4""+",175-224,Some college,"Student, not working",$20k-$50k,North America,White,Male,Asexual / Demisexual,Cisgender,Atheist / Agnostic,Socialist,Single,Canada,,No pets,A few times a week,"Joint, Edible",Yes,Yes,No,No,No,No,No,No,No,No,No,No,No,No,Learners permit,A few times a year,No VR,No,No,No,No,,2,Weed Son,Prime subbed,Twitch Sidebar / Dashboard,No,Yes,Yes,Desktop,A few times a week,Active chatter,Yes,"Yes, but not active",No,Mentioned by another streamer,5-6,2-3,A healthy mix of both,5,5,3,4,5,4,5,1,4,5,1,1,1,1,1,1,3,3,3,4,5,5,1,3,1,2019,I dont care,Change the name,Poke music / Poke twitch,"Poke moments compilations, funny community games and events, coop horror games, collabs with other streamers. big events","Poke moments compilations, funny community games and events, coop horror games, collabs with other streamers. big events",I like his EDM styles and rapping over more EDM type beats,I like a DBD streamer called Skermz but fav variety is probably Jerma or NorthernLion,"VR Chat and more VR games, peak content",Caseoh ,CokeShakey,Baldur's Gate 3,Pearl,"Tyler the Creator, Yeat, Daft Punk",Flower Boy (2017),Unagi Sushi BUSSIN,Answer THISS  jk pokeL love you guys
3/25/2025 4:17:09,25-32,"5'3"" to 5'6""",125-174,Bachelor's,Full time,$100k+,North America,White,Female,Straight,Cisgender,Atheist / Agnostic,Socialist,Dating,Arizona (AZ),,Cat,Always,"Bong, Dabbing, Joint",No,Yes,No,No,No,No,No,No,No,No,Yes,No,No,No,Yes,Never,No VR,No,No,No,No,Yes,1,League Daughter,Normal sub,Mobile Notifications,No,Yes,Yes,"Desktop, Mobile, Tablet, TV app",A few times a week,Lurker,No,No,No,"Word of mouth, from a friend",5-6,4-6,A healthy mix of both,4,4,2,3,4,1,4,3,1,2,2,4,5,3,5,5,4,4,3,5,3,3,2,2,2,2021,No,I don't care,I don't care,FL Studio,FL Studio,"rap, drum & bass",Jerma985,"Valheim, Cruelty Squad",,,Dark Souls 3,,,,Pasta,
3/25/2025 4:19:27,19-24,"6' to 6'3""",125-174,High school / GED,Part time,Less than $20k,North America,White,Gender Fluid,Bisexual / Pansexual,Cisgender,Atheist / Agnostic,Apolitical,Single,Oregon (OR),,"Dog, Cat",Always,"Bong, Dabbing, Joint, Vape",No,No,No,No,Yes,No,No,No,No,No,Yes,No,No,No,Learners permit,A few times a week,"Yes, I have VR. Poke contributed",No,Yes,No,No,,1,Weed Son,No,Chatterino / Offline chatting,Yes,Yes,Yes,"Desktop, Mobile",A few times a week,Spammer,Yes,No,No,Streamer collab,9-10,4-6,"Spontaneous, unpredictable content",2,4,4,3,3,3,5,5,3,3,5,5,4,4,5,5,5,5,5,4,5,5,1,1,5,2020,I dont care,Change the name,Poke music / Poke twitch,poke is funny ❤️ ,gaming,,crisheroes,subnautica,dareon,woomyDoggy,terraria/skyrim,fantastic mr fox,xxxtentacion,a love letter to you,candy,❤️ ❤️ ❤️ 
3/25/2025 4:21:55,25-32,"5'3"" to 5'6""",Under 125,Some college,Self employed / 1099,Less than $20k,North America,White,Female,Straight,Cisgender,Atheist / Agnostic,Apolitical,Single,California (CA),,"Cat, Fish, Lizard / Reptile / Dragon",Never tried it,,No,No,No,No,No,No,No,No,No,No,No,No,Yes,No,No,A few times a year,No VR,No,No,No,No,,1,Weed Son,Prime subbed,Twitch Sidebar / Dashboard,No,Yes,Dont care,"Laptop, Mobile, Gaming console",Every stream,Seldom chatter,No,No,No,Streamer collab,11+,2-3,A healthy mix of both,4,4,3,2,2,4,5,3,5,4,4,4,3,2,1,2,3,4,4,4,2,5,2,2,1,2017,I dont care,Keep the lawls,Pokelawls music / Pokelawls twitch,"chill vibes, funny, willing to go off of the twitch meta, finding cozy/fun niche games",,,,"voices of the void, overwatch, elden ring, im on observation duty (series)","the four horsemen, gigi",poroPls,,"avatar (james cameron), jurassic park 1, interstellar","daft punk, muse, og halo soundtracks",,chocolate lava cake,
3/25/2025 4:23:33,33-39,"6' to 6'3""",125-174,Associates / Trade,Part time,Less than $20k,North America,White,Male,Straight,Cisgender,Atheist / Agnostic,Socialist,Single,Oregon (OR),,"Dog, Cat",A few times a year,One Hitter,No,Yes,No,No,No,No,No,No,No,No,No,No,No,No,Yes,A few times a year,No VR,No,No,No,No,,1,League Daughter,No,Twitch Sidebar / Dashboard,No,Yes,Yes,Laptop,A few times a month,Seldom chatter,No,No,No,Streamer collab,11+,4-6,A healthy mix of both,4,4,5,2,3,2,5,2,2,4,1,3,2,1,4,2,2,3,3,3,2,3,3,1,1,2019,I dont care,I don't care,I don't care,"His humor, chill, funny",Whatever puts him in a good mood,,Hasanabi,,,,Legend of Zelda: Ocarina of Time,,,,artichoke,
3/25/2025 4:23:54,19-24,"5'7"" to 5'11""",125-174,High school / GED,Unemployed,Less than $20k,North America,White,Male,Bisexual / Pansexual,Cisgender,Atheist / Agnostic,Liberal,Engaged,Texas (TX),,"Dog, Cat",Always,"Bong, Blunt, Joint, Vape",Yes,No,No,No,Yes,No,No,No,No,No,No,No,No,No,Yes,A few times a month,No VR,No,"Yes, Poke was a reason",No,No,Yes,1,Weed Son,Prime subbed,"Twitch Sidebar / Dashboard, Mobile Notifications, Chatterino / Offline chatting",No,Yes,Yes,"Desktop, Mobile",Every stream,Seldom chatter,No,"Yes, but not active",No,"Word of mouth, from a friend",5-6,2-3,A healthy mix of both,4,5,5,4,3,3,5,2,3,4,3,4,2,3,1,4,1,3,3,2,2,5,1,1,1,2016 or earlier,I dont care,Keep the lawls,Poke music / Pokelawls twitch,"Intro chilling and talking to chat, random games, sometimes vr content, and the Four Horseman streams are usually fire",cozy games and tiktok,i like the electronic and dance/house stuff alot. i also think making some playboi carti type shit would be cool,dizzy,project zomboid. stop stalling o.o,Nymn,waga,"Counter-Strike Global Offensive, or, Uncharted 4",The Dark Knight Rises,"playboi carti, rio da yung og, corbin, kendrick lamar, baby smoove, mike sherm, lucki",Corbin - Mourn,spaghetti and meatballs,
3/25/2025 4:25:57,19-24,"6' to 6'3""",175-224,Some college,Other,,North America,Multiethnic,Male,Straight,,Christian,Conservative,Single,Massachusetts (MA),,Cat,A few times a year,"Blunt, Edible",No,No,No,No,No,No,Yes,Yes,Yes,,Yes,,,Yes,,A few times a year,No VR,No,No,No,No,Yes,1,League Daughter,No,Twitch Sidebar / Dashboard,No,No,Yes,"Mobile, TV app, Gaming console",A few times a week,Active chatter,No,No,No,Mentioned by another streamer,5-6,1,A healthy mix of both,3,2,1,1,2,4,4,1,4,4,4,4,4,3,1,4,4,2,3,3,3,2,1,1,1,2020,I dont care,Change the name,Poke music / Pokelawls twitch,"Consistent gigachad tech finder and being himself , opening up to stream about his life (no weird shit)","Just keep doing what ur doing. You don’t have to put on a show for us we enjoy you no matter what. Also, if you have an IRL idea you should really force yourself to do it. You’re creative, the treadmill idea was fun. ",I’ve always wanted to collaborate on a song with poke as a viewer peasant to get a chance to show my talent for once. There was a period where I only listened to my music and movie music and even put it on songs with girls in the car lmfao. I even made a small remix to Shoez and put it on the Reddit. ,I don’t play favorites,I like the indie games and this Schedule 1 game is hitting hard. Voices of the void was good. ,"Me, in music. But realistically I think you and simply IRL would be fun.",Aware,"Call of duty multiplayer from COD4 to BO2. Cliche, I know. Or castle crashers. ",“This is the end” with James Franco and all the others.,"Myself, old kid cudi, kanye west, ugly god, Comethazine, blue face (underrated) ","Kanye, graduation lol","right now a chipotle bowl with white and brown rice, pinto beans,sour cream, corn salsa, salsa verde",nah this was cool all love.
3/25/2025 4:30:16,19-24,"5'7"" to 5'11""",125-174,High school / GED,Part time,$20k-$50k,North America,White,Male,Straight,,Atheist / Agnostic,Centrist,Single,Missouri (MO),,Dog,A few times a week,"Pipe, Joint, Vape",Yes,Yes,No,No,Yes,No,No,No,No,No,No,No,No,No,Yes,A few times a year,"Yes, I have VR",No,No,No,No,No,1,Weed Son,Prime subbed,"Mobile Notifications, Email notifications",No,Yes,Yes,"Desktop, Laptop",A few times a week,Seldom chatter,No,"Yes, but not active",No,Mentioned by another streamer,5-6,1,A healthy mix of both,4,1,4,5,3,3,3,3,5,5,1,2,5,5,5,4,1,4,2,3,3,5,1,1,1,2018,Yes,Keep the lawls,I don't care,funny guy,music/beats prod,edm is always good i love his beats tho,i dont really watch anyone else anymore,votv and wow,xqc,Gregory ,wow,lotr,"bladee, osamason, theivery corp, bonobo",ice dancer,korean bbq,no
3/25/2025 4:31:49,19-24,"5'3"" to 5'6""",125-174,Bachelor's,"Student, not working",Less than $20k,South America,Hispanic / Latino,Female,Gay / Lesbian,Transgender,Atheist / Agnostic,Socialist,Married,,,No pets,Never tried it,,No,No,No,No,No,No,No,No,No,No,Yes,No,No,No,No,A few times a month,"Yes, I have VR",Yes,No,No,No,Yes,2,Weed Son,Prime subbed,"Twitch Sidebar / Dashboard, Mobile Notifications, Discord notications",No,Yes,Yes,Desktop,Every stream,Seldom chatter,No,"Yes, but not active",No,Twitch recommended,3-4,2-3,A healthy mix of both,4,2,5,3,4,4,5,1,5,1,2,3,3,4,1,3,5,5,5,5,5,3,3,3,3,2020,I dont care,Change the name,Poke music / Poke twitch,"He is the funniest streamer on the website, always makes me smile :)",more irl content ,,Summit1g,deadlock/tarkov,more stuff with jerma and summit,MUTEDD,deadlock,tron legacy,black kray and panopticon,700 DAGREEZ,fish and chips :),very good census good job :D
3/25/2025 4:33:43,25-32,"5'7"" to 5'11""",125-174,Bachelor's,Unemployed,Less than $20k,North America,Multiethnic,Male,Straight,Cisgender,Other,Socialist,Single,,,No pets,Never tried it,,Yes,,Yes,,,,,,,,Yes,,,,No,A few times a week,No VR,No,No,No,No,,2,League Daughter,Prime subbed,"Twitch Sidebar / Dashboard, Mobile Notifications, Discord notications, Chatterino / Offline chatting",No,Yes,Dont care,"Desktop, Laptop, Mobile, Tablet",A few times a week,Seldom chatter,No,"Yes, but not active","Yes, but not active",Streamer collab,3-4,2-3,A healthy mix of both,4,5,5,3,4,3,5,3,5,5,4,3,5,3,1,2,3,5,5,4,4,5,2,3,4,2019,Yes,I don't care,Poke music / Pokelawls twitch,keeping it real 💯. immaculate chill vibes. MUSIC. life talks with chat. IRL streams,"Music stuff, IRL streams, playing random solo games (new or old), community stuff maybe","Poke's the artist, but i've been digging the Lock In/Glorpin sounds. Rage beats? idk",supertf,Subnautica. Horror games or cozy story games,ericdoa,catEat,Life is Strange,The Lord of the Rings: the Return of the King,"brakence, Juice WRLD, Dance Gavin Dance, Insomnium, 2hollis",hypochondriac by brakence,Chinese braised pork belly on rice,Chairs
3/25/2025 4:36:18,16-18,"5'3"" to 5'6""",Under 125,High school / GED,Unemployed,Less than $20k,North America,Indian,Male,Straight,Cisgender,Other,Socialist,Single,Canada,,No pets,Never tried it,,No,No,No,No,No,No,No,No,No,No,No,No,No,No,Yes,Never,No VR,No,No,No,No,No,2,League Daughter,Gifted sub,"Twitch Sidebar / Dashboard, Discord notications",No,Yes,Dont care,Desktop,A few times a week,Seldom chatter,No,No,No,Youtube recommended / clip compilation,3-4,2-3,A healthy mix of both,3,4,3,2,3,5,3,3,5,5,4,2,4,2,1,1,2,3,4,3,2,5,1,3,3,2021,Yes,Keep the lawls,I don't care,,,,,,,,,,,,,
3/25/2025 4:39:06,19-24,"6' to 6'3""",125-174,Some college,"Student, not working",Less than $20k,North America,White,Male,Straight,Cisgender,Atheist / Agnostic,Apolitical,Single,Indiana (IN),,Cat,A few times a day,"Bong, Pipe, One Hitter, Edible",Yes,Yes,No,No,No,No,No,No,No,No,No,No,Yes,No,Yes,A few times a year,No VR,No,No,No,No,No,1,Weed Son,No,Twitch Sidebar / Dashboard,No,Yes,Yes,"Laptop, Mobile",A few times a week,Seldom chatter,No,No,No,Youtube recommended / clip compilation,3-4,2-3,A healthy mix of both,3,5,5,4,4,5,5,3,5,5,3,4,5,4,4,5,2,4,5,5,5,5,1,1,2,2019,Yes,Change the name,Poke music / Poke twitch,"I like watching him play games and find tech or just funny things to do. The weed stuff attracted me to the stream initially but I also think from a health standpoint Poke should probably at least start stream sober and only smoke at night, being high all day isn't good for you.","IRL, collab, co-op, music, etc. Just bigger and better continuations of what poke has done before",Movie music is the best genre,Jerma985,Yakuza: Like a Dragon + Infinite Wealth,whoever he has the most fun with,aga,Elden Ring,idk but I like rewatching kung fu panda 1,"kendrick lamar, tv girl, still woozy",To Pimp A Butterfly,Pizza and ice cream lowkey,nope
3/25/2025 4:41:55,19-24,"6' to 6'3""",175-224,Bachelor's,"Student, not working",Less than $20k,Europe,White,Male,Straight,Cisgender,Atheist / Agnostic,Apolitical,Single,,Russia,No pets,Never tried it,,,,,,,,,,,,Yes,,,,No,A few times a month,No VR,No,No,Balding,No,No,2,Weed Son,No,"Twitch Sidebar / Dashboard, Mobile Notifications",Yes,Yes,Yes,"Desktop, Laptop, Mobile",A few times a week,Seldom chatter,No,"Yes, but not active",No,Youtube recommended / clip compilation,7-8,2-3,A healthy mix of both,3,3,4,3,3,3,3,3,5,5,2,4,4,3,4,3,4,4,4,4,3,4,1,2,1,2021,I dont care,I don't care,I don't care,reels(joking) just chill vibes and cool gaming ,Voicesssss,No,Several call of duty warzone pros),Voices of the void ,Don't know ,No favorite ,Fallout 4,Heat (1995),"Don't know , probably NBA YoungBoy, Future and wiz khalifa ",Until Death Call My Name by NBA YoungBoy ,KFC hot wings (in my country they are very good),
3/25/2025 4:51:39,25-32,"5'7"" to 5'11""",125-174,High school / GED,Full time,$50k-$100k,North America,White,Male,Straight,Cisgender,Christian,Centrist,Dating,Utah (UT),,"Dog, Cat",Tried and quit,,Yes,Yes,No,No,No,No,No,No,No,No,No,No,No,No,Yes,A few times a week,"Yes, I have VR. Poke contributed",No,No,No,No,No,1,League Daughter,No,Twitch Sidebar / Dashboard,No,Yes,Yes,"Desktop, Laptop",Every stream,Lurker,No,No,No,Twitch game categories,7-8,2-3,A healthy mix of both,4,4,5,5,3,3,4,2,4,4,3,4,3,2,2,5,4,3,3,3,4,4,1,1,5,2018,Yes,Keep the lawls,Pokelawls music / Pokelawls twitch,i like games where poke uses the ingame voice chat. hearing poke laugh,funny games,drum and bass,summit1g,league of legends arena,more summit,DinkDonk,league of legends,Your Name,"$uicideBoy$, fred again",i want to die in new orleans,seafood,
3/25/2025 4:57:06,19-24,"6' to 6'3""",175-224,Some highschool,Unemployed,Less than $20k,Europe,White,Male,Bisexual / Pansexual,Cisgender,Atheist / Agnostic,Centrist,Single,,Germany,Dog,Never tried it,,Yes,Yes,No,No,Yes,No,No,No,No,No,Yes,No,No,No,No,A few times a month,"Yes, I have VR. Poke contributed",Yes,No,No,No,Yes,3,Weed Son,No,"Twitch Sidebar / Dashboard, Chatterino / Offline chatting",Yes,Yes,Yes,"Desktop, Mobile, Gaming console",A few times a month,Lurker,No,"Yes, but not active",No,Twitch recommended,1-2,2-3,A healthy mix of both,3,4,4,2,4,2,3,2,3,2,3,3,3,2,1,2,2,4,5,3,3,4,2,2,1,2017,I dont care,Keep the lawls,Poke music / Pokelawls twitch,The humor,Co-op games are fun,,Northernlion,Voices of the Void,Jerma,Glorp,Undertale,Prisoners,"Joey Bada$$, Kendrick Lamar, Stonebank, America",Mr. Morale & The Big Steppers,"Lasagna, Dürüm",
3/25/2025 4:57:21,19-24,"6' to 6'3""",225-274,Some highschool,Unemployed,Less than $20k,Australia,White,Male,Straight,Cisgender,Other,Apolitical,Single,,,"Dog, Cat",A few times a month,"Bong, Blunt, Edible",No,Yes,Yes,Yes,Yes,No,No,No,No,No,Yes,No,No,No,Yes,A few times a year,No VR,No,No,No,No,No,1,Weed Son,Normal sub,Twitch Sidebar / Dashboard,No,Yes,Yes,Desktop,Every stream,Seldom chatter,No,"Yes, but not active",No,Youtube recommended / clip compilation,3-4,1,A healthy mix of both,4,4,4,4,4,4,4,4,4,4,4,4,4,4,4,4,4,4,4,4,4,4,1,4,1,2019,I dont care,Keep the lawls,Pokelawls music / Pokelawls twitch,chill/cozy games and spamming LO at everything,"music, grand theft auto roleplay, voices of the void, games like schedule 1",i think the the genres he makes music in really suit him,coolmanvan,minecraft,cochise,419,a kingdom for keflings,Bohemian Rhapsody,"pokelawls, playboi carti, towa",Minecraft - Volume Alpha,Steak and mash or hot chips,ask about chat name colour
3/25/2025 5:00:28,33-39,"6' to 6'3""",325+,High school / GED,Part time,$20k-$50k,North America,White,Male,Straight,Cisgender,Other,Liberal,Single,New Jersey (NJ),,No pets,Never tried it,,No,No,No,No,No,No,No,No,No,No,No,No,No,No,Yes,Most days,"Yes, I have VR",No,No,No,No,No,1,League Daughter,No,Twitch Sidebar / Dashboard,No,No,Dont care,"Desktop, Mobile, TV app, Gaming console",A few times a week,Lurker,No,No,No,LSF / Reddit,5-6,2-3,A healthy mix of both,4,4,2,4,3,3,3,4,3,1,1,1,1,2,1,5,2,2,2,2,3,5,1,,1,2019,I dont care,I don't care,I don't care,,Gigi feet,,,,,,Fortnite,,,,,
3/25/2025 5:01:23,25-32,"5'7"" to 5'11""",175-224,Some college,"Student, not working",$20k-$50k,North America,White,Male,Bisexual / Pansexual,Cisgender,Atheist / Agnostic,Apolitical,Single,Canada,,Cat,A few times a month,,Yes,No,No,No,No,No,No,No,No,No,No,No,No,No,Yes,Never,No VR,No,"Yes, Poke was a reason",No,No,No,2,Weed Son,Prime subbed,"Twitch Sidebar / Dashboard, Discord notications",Yes,Yes,Yes,"Desktop, Mobile",Every stream,Seldom chatter,No,"Yes, but not active",No,Twitch recommended,3-4,2-3,A healthy mix of both,4,5,5,3,3,2,4,1,4,5,1,3,3,2,1,5,3,5,4,4,4,4,3,3,4,2021,I dont care,Change the name,Poke music / Poke twitch,funny monkey,funny monkey,,Andyrw,GTA RP,me,Buggin,Dark Souls ,Goodfellas,Death Grips,No Love Deep Web ,Pizza,add a section about group masturbation and how often it should take place
3/25/2025 5:06:07,19-24,"6' to 6'3""",125-174,Some highschool,"Student, not working",Less than $20k,Europe,White,Male,Bisexual / Pansexual,Cisgender,Atheist / Agnostic,Socialist,Single,,Sweden,Dog,Tried and quit,Joint,Yes,Yes,No,No,No,No,No,No,No,No,No,No,No,No,No,Never,No VR,No,No,No,No,No,2,League Daughter,Prime subbed,Twitch Sidebar / Dashboard,No,Yes,Yes,"Desktop, Mobile",A few times a month,Lurker,No,"Yes, but not active",No,Youtube recommended / clip compilation,3-4,4-6,A healthy mix of both,3,5,2,1,3,3,4,2,3,5,2,2,4,3,3,1,2,3,4,3,3,4,2,3,1,2018,I dont care,I don't care,I don't care,His humor,Random shit,Emo ,Nymn,Randome co-op game,Nymn,Buggin,Baldurs Gate 3,Good time,Nick Drake,In tongues by joji,Homemade tacos,
3/25/2025 5:06:07,19-24,"6' to 6'3""",175-224,Bachelor's,Full time,$20k-$50k,Australia,White,Male,Straight,Cisgender,Christian,Centrist,Dating,,,Dog,A few times a month,"Joint, Edible",Yes,No,No,No,No,Yes,No,No,No,No,No,No,No,No,Yes,A few times a year,"Yes, I have VR",No,No,Balding,No,No,1,Weed Son,Prime subbed,Twitch Sidebar / Dashboard,No,Yes,Yes,"Desktop, Mobile",A few times a week,Seldom chatter,No,No,No,Streamer collab,1-2,1,A healthy mix of both,4,2,1,1,5,1,3,2,2,1,1,4,5,5,1,5,5,5,4,5,4,5,1,3,3,2021,I dont care,Keep the lawls,I don't care,Chill,Bumper contest,,Jerma985,,,,Zelda BOTW,Bladerunner,"The Strokes, Tyler the Creator. The Protomen",Dark Side of The Moon,Nachos,please do another buffer contest bruh I missed the deadline last time and been waiting for the next one ever since
3/25/2025 5:06:58,19-24,"6' to 6'3""",125-174,Some college,Part time,Less than $20k,North America,Black,Male,Straight,Cisgender,Atheist / Agnostic,Liberal,Single,Connecticut (CT),,"Dog, Cat",Tried and quit,,Yes,No,Yes,Yes,Yes,No,No,No,No,No,No,No,No,No,No,Never,No VR,No,No,No,No,Yes,1,Weed Son,Prime subbed,"Mobile Notifications, Discord notications",Yes,Yes,Yes,"Desktop, Mobile",Every stream,Active chatter,No,"Yes, but not active","Yes, but not active",Streamer collab,3-4,2-3,"Spontaneous, unpredictable content",5,5,5,3,3,5,5,2,3,3,1,1,5,5,1,5,5,5,5,5,3,5,1,5,5,2018,No,Keep the lawls,Poke music / Pokelawls twitch,The funny LO moments,That second stream with kitboga,Whatever genre that’s chill,Pekinwoof,Factorio,Kitaboga,Buggin,Overwatch 1,Interstellar,lol uzi vert,Eternal atake,Burger,Add a only smoked once option for the how often do you smoke section
3/25/2025 5:07:20,25-32,"5'7"" to 5'11""",175-224,Some college,Self employed / 1099,$50k-$100k,Europe,White,Male,Bisexual / Pansexual,Cisgender,Atheist / Agnostic,Socialist,Single,,United Kingdom,Dog,Tried and quit,,Yes,Yes,Yes,Yes,Yes,No,No,No,No,No,No,No,No,No,Yes,A few times a month,"Yes, I have VR. Poke contributed",No,No,No,No,No,1,League Daughter,No,"Twitch Sidebar / Dashboard, Mobile Notifications",No,Yes,Dont care,"Desktop, Mobile, TV app",A few times a week,Active chatter,No,"Yes, but not active",No,Mentioned by another streamer,3-4,2-3,"Spontaneous, unpredictable content",5,5,3,1,4,2,4,1,3,3,3,1,2,1,1,4,3,3,3,4,4,2,1,1,1,2018,I dont care,Keep the lawls,Pokelawls music / Pokelawls twitch,"Variety content, community content, his humour",,,LIRIK,,,,Witcher 3,,,,,Stop having weeks/months long phases of playing only 1 or 2 games. When he plays nothing but league of legends and world of warcraft all day every day I just stop watching until he goes back to variety.
3/25/2025 5:09:20,19-24,"6'4""+",175-224,Some college,Unemployed,Less than $20k,Europe,White,Male,Questioning,Cisgender,Atheist / Agnostic,Centrist,Single,,United Kingdom,Dog,Never tried it,,Yes,Yes,No,No,No,No,No,No,No,No,No,No,No,No,No,A few times a month,No VR,"Yes, Poke was a reason",No,No,No,Yes,1,League Daughter,No,"Twitch Sidebar / Dashboard, Mobile Notifications",No,Yes,Yes,"Desktop, Mobile, TV app",Every stream,Lurker,No,No,No,Youtube recommended / clip compilation,5-6,2-3,A healthy mix of both,4,5,4,5,5,3,4,2,4,4,5,5,4,1,2,5,5,4,5,5,5,5,2,3,1,2016 or earlier,I dont care,Change the name,Poke music / Poke twitch,His humour and timing of such humour. ,"Variety, I got into some games via Poke. I’d also like to see more VR and IRLs","Not sure, I’d like to see more EDM and Breakcore, but also down for more chill somber music","Zoil, Leopard",Anything but MOBAs,"Maya, I’d love for poke to meet some animals there, hell, bring Gigi",glorp,Portal 2,Interstellar,"Daft Punk, anyone who stems from the genre ",,Creamy Tuscan Chicken,
3/25/2025 5:11:28,19-24,"5'3"" to 5'6""",175-224,Bachelor's,Unemployed,Less than $20k,North America,White,Male,Gay / Lesbian,Cisgender,Atheist / Agnostic,Socialist,Married,Tennessee (TN),,Dog,Always,Bong,Yes,No,No,No,No,No,No,No,No,No,No,No,No,No,Yes,A few times a year,"Yes, I have VR",No,No,No,No,Yes,1,Weed Son,No,Twitch Sidebar / Dashboard,No,No,Yes,"Desktop, Mobile, TV app",A few times a month,Lurker,No,No,No,Twitch recommended,5-6,2-3,"Spontaneous, unpredictable content",,,,,,,,,,,,,,,,,,,,,,,,,,,,,,,,,,,,,,,,,,
3/25/2025 5:12:41,19-24,"5'7"" to 5'11""",175-224,Some college,Unemployed,Less than $20k,North America,White,Male,Straight,Cisgender,Atheist / Agnostic,Liberal,Single,Missouri (MO),,Dog,Tried and quit,,Yes,Yes,No,No,No,No,No,No,No,No,No,No,No,No,Yes,A few times a month,"Yes, I have VR. Poke contributed",No,No,Balding,No,No,1,League Daughter,No,"Mobile Notifications, Discord notications",No,Yes,Yes,"Desktop, Laptop, Mobile",A few times a month,Seldom chatter,No,"Yes, but not active",No,Mentioned by another streamer,9-10,4-6,A healthy mix of both,3,4,5,2,4,4,5,2,5,3,2,4,5,4,3,3,4,4,5,2,3,4,4,4,4,2016 or earlier,I dont care,Change the name,Poke music / Poke twitch,music making and co-op with gigi,,,Telfer1,,,,poe,lala land,spacey jane,waiting to spill by the backseat lovers,pad thai,
3/25/2025 5:16:34,25-32,"6' to 6'3""",225-274,Bachelor's,Full time,$100k+,North America,Middle Eastern,Male,Bisexual / Pansexual,Cisgender,Atheist / Agnostic,Socialist,Single,New York (NY),,Dog,Always,"Bong, Pipe, Joint",Yes,No,,,,,,,,,,,,,Yes,Never,No VR,No,No,Yes,No,Yes,1,,No,,,,No,Desktop,,Active chatter,No,No,No,,,,,,,,,,,,,,,,,,,,,,,,,,,,,,2016 or earlier,No,Keep the lawls,I don't care,,,,,,,,,,,,,
3/25/2025 5:18:06,25-32,"5'7"" to 5'11""",125-174,Bachelor's,Unemployed,Less than $20k,Australia,Asian / Pacific Islander,Male,Straight,Cisgender,Atheist / Agnostic,Liberal,Single,,,No pets,Never tried it,,Yes,No,No,No,Yes,No,No,No,No,No,Yes,No,No,No,Yes,A few times a year,No VR,No,No,No,No,Yes,2,,No,Twitch Sidebar / Dashboard,No,Yes,Yes,"Desktop, Laptop",A few times a week,Active chatter,No,No,No,,1-2,2-3,,5,3,5,1,3,3,4,3,2,3,1,2,3,3,1,4,2,3,3,3,1,4,3,3,1,2018,I dont care,I don't care,I don't care,When Poke actively tries to be funny. When he reacts to funny content. Chat's reaction / chat piling on the funny with more funny.,"ANY react content that is funny.
Funny games.
Games that aren't inherently funny BUT allow Poke to transform it into something funny. e.g. roleplay, putting on a character/doing funny voices/skits while in VRchat/Fortnite/literally ANY game that allows for it.",I personally don't like SERIOUS music-making content. I think being unserious and exploring ANY unfamiliar genre would be content though.,forsen,Banjo Kazooie,GREEKGODX,WAITT,Rhythm Heaven DS,,Red Velvet,The Perfect Red Velvet - The 2nd Album Repackage,"Rice + grilled meat + vegies (could be Vietnamese, could be Turkish, literally any ethnicity)",buh
3/25/2025 5:23:08,25-32,"6' to 6'3""",125-174,High school / GED,Part time,,North America,White,Male,Straight,Cisgender,Atheist / Agnostic,,Single,Washington (WA),,No pets,Always,"Bong, Blunt, Dabbing, Joint, Spliff",Yes,Yes,No,No,No,No,No,No,No,No,No,No,No,No,No,A few times a year,No VR,No,No,No,No,Yes,1,Weed Son,No,Twitch Sidebar / Dashboard,No,No,Dont care,"Desktop, Laptop, Mobile, Tablet",A few times a week,Lurker,No,No,No,Streamer collab,1-2,2-3,A healthy mix of both,5,3,2,3,3,3,5,4,4,4,2,4,3,3,4,4,3,4,4,3,4,3,1,2,4,2022,No,Keep the lawls,I don't care,Positive vibes and good laughs,Variety stuff,,MoonMoon,Goofy indies,,,World of Warcraft,Toy Story,,,BBQ Chicken Pizza,
3/25/2025 5:23:17,25-32,"5'3"" to 5'6""",125-174,Bachelor's,Unemployed,$20k-$50k,Europe,White,Female,Bisexual / Pansexual,Cisgender,Atheist / Agnostic,Socialist,Dating,,Denmark,Bird,A few times a year,"Blunt, Edible",Yes,Yes,No,No,No,No,No,No,No,No,No,No,No,No,No,A few times a month,No VR,No,No,No,No,Yes,4,Weed Son,Normal sub,Mobile Notifications,No,Yes,Yes,Desktop,A few times a week,Lurker,No,No,No,Mentioned by another streamer,3-4,2-3,Planned events with set schedules,4,4,2,2,4,5,5,4,4,4,2,2,3,3,1,3,2,5,5,2,2,5,1,2,3,2020,I dont care,Keep the lawls,Poke music / Pokelawls twitch,i like to just sit n chill whilst doing something else; poke is like a friend sitting and spewing out shit that's funny. i enjoy most of his content except World of Warcraft !!,"i'm hoping for a return of NoPixel etc., but i've been enjoying his vlog-content with gigi too!",,"39daph, PeachJars, Cyr, Cinna.",unsure!,unsure!,unsure!!,Shadow of The Colossus,unsure!,"kendrick lamar, chappell roan, SZA",unsure!,sushi!,
3/25/2025 5:23:46,16-18,"5'3"" to 5'6""",Under 125,Some highschool,Unemployed,Less than $20k,North America,White,Non Binary,Questioning,Transgender,Atheist / Agnostic,Socialist,Single,Ohio (OH),,Dog,Never tried it,,Yes,No,No,No,No,No,No,No,No,No,No,No,No,No,No,A few times a year,"Yes, I have VR",No,No,No,No,Yes,1,League Daughter,No,Twitch Sidebar / Dashboard,No,Yes,Yes,"Desktop, Mobile",Every stream,Lurker,No,No,No,Streamer collab,3-4,2-3,A healthy mix of both,4,3,4,2,3,3,4,2,4,4,2,4,4,3,1,3,2,4,3,4,3,5,1,3,1,2019,I dont care,Keep the lawls,I don't care,Gigi and poke co-op dynamic. Running a joke into the ground so hard it makes a comeback and gets funny again within the course of 1 stream. Somehow being able to find a way to exploit in every game he plays. Zoning out like 4 layers deep so it takes him 2 hours to get out of the intro segment. Chat abusing Text-To-Speech.,More In-Real-Life content. More horror games. More group-gaming with Jerma/Myth/Dizzy,,Dizzy,Grand Theft Auto 6,"Jerma, Dizzy, Myth",waga,Cyberpunk 2077,Bladerunner 2049,"Travis Scott, Playboi Carti, Metro Boomin, Clams Casino, Snow Strippers, Radiohead, Flyleaf",Utopia by Travis Scott,Sushi,
3/25/2025 5:26:12,19-24,"6' to 6'3""",,,Unemployed,Less than $20k,Europe,White,Male,Straight,Cisgender,Atheist / Agnostic,Socialist,Single,,United Kingdom,Dog,A few times a year,Joint,No,No,No,No,No,No,No,No,No,No,No,No,No,No,Yes,A few times a month,No VR,No,No,No,No,No,1,Weed Son,No,Twitch Sidebar / Dashboard,No,No,No,Mobile,A few times a week,Lurker,No,No,No,Twitch game categories,3-4,4-6,Planned events with set schedules,5,4,2,1,4,4,4,4,2,2,4,4,1,1,3,3,4,3,4,3,3,4,4,4,2,2016 or earlier,I dont care,Change the name,I don't care,,,,Jerma,,,,Resident Evil 1 Remake,,,,Pizza,
3/25/2025 5:26:53,19-24,"5'3"" to 5'6""",125-174,Associates / Trade,Part time,$20k-$50k,North America,White,Male,Straight,Cisgender,Atheist / Agnostic,Liberal,Single,North Carolina (NC),,No pets,A few times a day,"Bong, Pipe, Vape, Edible",Yes,No,No,No,No,No,No,No,No,No,Yes,No,Yes,No,Yes,Never,"Yes, I have VR. Poke contributed",No,No,No,No,,1,Weed Son,Prime subbed,"Twitch Sidebar / Dashboard, Mobile Notifications, Discord notications",No,Yes,No,"Desktop, TV app",A few times a week,Seldom chatter,No,"Yes, but not active",No,Streamer collab,3-4,2-3,"Spontaneous, unpredictable content",4,2,3,3,2,3,4,1,3,4,2,2,3,3,1,3,3,3,3,3,4,4,1,1,1,2022,No,I don't care,I don't care,"weed, variety gaming, music, funny guy","Real Life Streaming/Vlog content, Horror Games",Poke should make more music like Petrified and Mask,CaseOh,Samurai Bringer,ARIatHOME,moky,Cyberpunk 2077,Interstellar,"Cochise, Playboi Carti, Lil Yachty, Yeat",Movie Music,Chicken Parmesan,
3/25/2025 5:37:50,19-24,"6' to 6'3""",175-224,Some college,"Student, not working",,Europe,White,Male,Straight,,,Liberal,,,,"Dog, Cat",Never tried it,,Yes,No,No,No,No,No,No,No,No,No,No,No,No,No,,A few times a year,"Yes, I have VR. Poke contributed",No,"Yes, Poke was a reason",No,No,No,2,Weed Son,Normal sub,"Twitch Sidebar / Dashboard, Mobile Notifications",Yes,Yes,Yes,"Desktop, Laptop, Mobile",Every stream,Lurker,No,No,No,Youtube recommended / clip compilation,3-4,2-3,A healthy mix of both,5,4,5,3,3,4,4,2,5,5,4,4,4,5,1,3,2,3,4,4,3,5,5,5,2,2020,I dont care,Keep the lawls,I don't care,Settings,Settings reviews,,,,,,,,,,,
3/25/2025 5:41:46,19-24,"6' to 6'3""",225-274,Master's,Full time,$50k-$100k,Europe,White,Male,Straight,,Atheist / Agnostic,,Single,,Norway,No pets,A few times a year,Edible,Yes,Yes,No,No,No,No,No,No,No,No,Yes,No,No,No,Yes,Never,No VR,No,No,No,No,Yes,2,Weed Son,No,"Twitch Sidebar / Dashboard, Chatterino / Offline chatting",Yes,Yes,Dont care,Desktop,A few times a week,Seldom chatter,No,No,No,Streamer collab,3-4,2-3,A healthy mix of both,3,4,5,2,3,3,2,1,5,5,4,3,3,4,2,4,3,2,2,5,1,1,1,1,4,2019,I dont care,I don't care,I don't care,Weed,,,Knut,,,otag,Counter-Strike,,,The Dark Side of the Moon,Burger,
3/25/2025 5:45:07,19-24,"6' to 6'3""",175-224,Some highschool,Unemployed,Less than $20k,North America,Hispanic / Latino,Male,Straight,,Other,,Single,California (CA),,Dog,Always,Pipe,Yes,Yes,No,No,No,No,No,No,No,No,No,No,No,No,No,A few times a year,No VR,No,No,No,No,Yes,1,Weed Son,No,Mobile Notifications,No,Yes,Yes,"Desktop, Laptop, Mobile, Gaming console",Every stream,Lurker,No,No,No,Youtube recommended / clip compilation,7-8,2-3,"Spontaneous, unpredictable content",3,5,3,4,3,2,5,5,5,5,4,3,3,2,3,3,3,5,5,4,4,2,1,1,4,2017,I dont care,Keep the lawls,Poke music / Pokelawls twitch,Vibes. Humor. ,Video Games,"Not really, just good background noise with makin whatever. Shit bangs",Dareon and Dizzy ,IDK,homies ,snicSpin,GTA V,Surf's Up,"Mac Miller, Gorillaz, Twenty One Pilots",Swimming by Mac Miller,Burger,
3/25/2025 5:46:40,16-18,"5'7"" to 5'11""",125-174,High school / GED,"Student, not working",Less than $20k,South America,Hispanic / Latino,Male,Straight,Cisgender,Christian,Centrist,Single,,,No pets,Never tried it,,Yes,No,No,No,No,No,No,No,No,No,No,No,No,No,No,Never,No VR,No,No,No,No,No,2,Weed Son,No,"Twitch Sidebar / Dashboard, Chatterino / Offline chatting",Yes,Yes,Yes,Desktop,Every stream,Lurker,No,No,No,Twitch recommended,1-2,1,A healthy mix of both,5,3,4,5,4,3,3,3,5,5,1,1,4,1,1,5,1,3,3,4,4,5,1,1,1,2021,I dont care,Keep the lawls,I don't care,Just chatting and chill gaiming,GTA RP and IRL streams,,Rubius,Battlefield,Rubius,CUM,Teardown,Sonic 3,"Ataque 77, Gustavo Cerati, Crush 40",,Empanadas,
3/25/2025 5:46:43,25-32,"5'7"" to 5'11""",175-224,Bachelor's,Full time,$50k-$100k,North America,Black,Male,Straight,Cisgender,Christian,Liberal,Engaged,Texas (TX),,Dog,A few times a year,"Joint, Edible",Yes,No,No,No,No,No,No,No,No,No,No,No,No,No,Yes,A few times a month,No VR,No,No,No,No,Yes,2,Weed Son,No,"Twitch Sidebar / Dashboard, Mobile Notifications, Discord notications",No,Yes,Yes,"Desktop, Mobile, TV app, Gaming console",A few times a week,Seldom chatter,No,No,No,Streamer collab,7-8,2-3,A healthy mix of both,4,3,4,3,4,4,4,1,2,3,1,1,4,1,1,5,2,5,5,3,3,5,1,1,2,2022,I dont care,Keep the lawls,Poke music / Pokelawls twitch,Comedy,RP :),"I like it the most when poke just be going off the dome, and asking chat to help fill in lyrics",Caedrel,"GTA RP, but when the server is good or if he could move Bogg to ProdigyRP","Caedrel, get him to coach you",xdd,League of Legends,Inception,Kanye,The Life of Pablo,French Fries and Ranch,
3/25/2025 5:52:12,19-24,"5'7"" to 5'11""",225-274,High school / GED,Unemployed,Less than $20k,North America,Hispanic / Latino,Male,Straight,Cisgender,Atheist / Agnostic,Socialist,Single,Illinois (IL),,"Dog, Cat",Tried and quit,Joint,Yes,No,No,No,No,No,No,No,No,No,No,No,No,No,Yes,Never,No VR,No,No,No,No,No,1,Weed Son,No,Twitch Sidebar / Dashboard,No,No,Yes,"Desktop, Mobile",Every stream,Seldom chatter,No,No,No,Streamer collab,3-4,2-3,A healthy mix of both,5,5,4,4,4,5,4,2,5,5,4,4,5,4,1,5,3,4,5,4,3,5,3,3,1,2020,Yes,I don't care,Poke music / Pokelawls twitch,The comedic aspects,More irl and collabs with people like Jeremy Elbertson,Like club music or just some different type of beats,Jeremy Elbertson,I want him to play scary games that are well made not some random steam horror game that was made in an hour,Horsemen,I like the minion one,Halo 2 or Red Dead 2,,"Kendrick Lamar, Kanye, Young thug, Juice WRLD, FKA twigs, Newdad, bluhm, chance the rapper, clara la san, future, cold beaches, corbin, the weeknd, lil uzi vert, frank ocean, kali uchis, lil wayne, kodak black, magdalena bay, michael jackson, rico nasty, tia corine, rihanna, sampha, sza, yeat, yseult",Imaginal disk,Stir fry,For the smoking question maybe add an option for people that used to smoke but stopped because the option i had to pick which was “tried” didnt accurately describe my experience with smoking/getting high
3/25/2025 5:56:29,19-24,"5'7"" to 5'11""",125-174,Some college,Full time,Less than $20k,North America,Asian / Pacific Islander,Male,Straight,Cisgender,Other,Apolitical,Dating,Canada,,Dog,Always,"Bong, Blunt, Pipe, Joint, Vape, Edible",Yes,No,No,No,No,No,No,No,No,No,No,No,No,No,Yes,A few times a month,"Yes, I have VR",No,No,No,No,Yes,1,Weed Son,No,"Twitch Sidebar / Dashboard, Mobile Notifications",No,Yes,Yes,"Desktop, Laptop, Mobile, Tablet, TV app, Gaming console",Every stream,Lurker,No,No,No,Youtube recommended / clip compilation,1-2,2-3,A healthy mix of both,4,4,3,3,4,4,5,4,4,4,3,5,5,2,1,5,5,4,5,5,5,4,1,1,5,2022,No,Keep the lawls,I don't care,When hes high and im high at the same time SHALL WE,I dont really care i j like watching poke,dommy moomy asmr pls,prolly sanchovies,theres no good games out rn so idrk,ME ME ME M EM ME ME,aga ,"this is hard, prolly plant vs zombies garden warfare",real steel is GOATED,"Juice WRLD #1, Rex orange county, Laufey, Daniel caesar",Death Race For Love,Nerds clusters for sure,this was cool i neva seent this before and it was fun
3/25/2025 5:58:30,19-24,"5'7"" to 5'11""",125-174,Master's,Full time,$50k-$100k,Europe,White,Male,Straight,Cisgender,Atheist / Agnostic,Liberal,Dating,,Austria,No pets,A few times a year,"Vape, Edible",No,Yes,No,No,No,No,No,No,No,No,No,No,No,No,Yes,A few times a year,"Yes, I have VR. Poke contributed","Yes, Poke was a reason",No,Balding,No,Yes,3,Weed Son,Gifted sub,Twitch Sidebar / Dashboard,No,Yes,Yes,"Desktop, Laptop",A few times a month,Seldom chatter,Yes,"Yes, but not active",No,LSF / Reddit,3-4,2-3,A healthy mix of both,3,4,3,3,4,4,4,3,3,3,2,2,3,2,4,4,3,4,4,4,5,2,2,2,1,2019,No,Keep the lawls,Pokelawls music / Pokelawls twitch,Chill,Chill Funny,,reckful,,,,World of Warcraft,Inception,Tame Impala,Innerspeaker,Sushi,give out the results publically i also want to view it 
3/25/2025 6:01:24,25-32,"6' to 6'3""",175-224,Bachelor's,Other,$20k-$50k,North America,White,Male,Straight,Cisgender,Christian,Conservative,Single,Texas (TX),,"Dog, Cat",Tried and quit,"Bong, Dabbing",No,No,Yes,No,No,No,No,No,No,No,No,No,No,No,Yes,Never,No VR,No,No,Balding,No,No,1,Weed Son,Prime subbed,Twitch Sidebar / Dashboard,No,Yes,Dont care,"Desktop, Mobile",Every stream,Active chatter,No,No,No,Twitch recommended,3-4,2-3,A healthy mix of both,5,4,2,2,3,1,3,2,3,2,2,3,4,4,1,1,5,5,5,3,4,5,1,4,1,2018,Yes,Change the name,Pokelawls music / Pokelawls twitch,Funny guy gaming.  Get off tik tok,Games. Less react,Whatever he is passionate about ,Depends on game. But I’ll watch poke do anything but tik tok,Whatever he has fun playing.  Tarkov ,Sobriety. Find god,OMEGALUL . Ome is dogshit ,Medieval 2 total war mod Europa Barbarorum 2.  Then Tarkov,King kong. Movies suck,The Weeknd,Trilogy ,Fried chicken,Fix spelling mistake. Forgot what it was but fix it. It’s there. 
3/25/2025 6:08:45,16-18,"6' to 6'3""",125-174,Some highschool,"Student, not working",Less than $20k,North America,White,Male,Straight,Cisgender,Christian,Liberal,Single,Canada,,"Dog, Cat",Never tried it,,Yes,,,,,,,,,,,,,,Learners permit,A few times a year,No VR,No,No,No,No,No,1,Weed Son,No,Twitch Sidebar / Dashboard,No,Yes,No,Desktop,A few times a week,Active chatter,No,No,No,Youtube recommended / clip compilation,3-4,2-3,"Spontaneous, unpredictable content",4,5,1,5,2,2,4,2,2,2,2,4,3,2,2,5,4,4,3,3,3,4,1,1,2,2018,I dont care,Change the name,Poke music / Poke twitch,funny moments,gta,,Northernlion,,,buh2,terraria with friends,requiem for a dream,Sweet Trip, Velocity : Design : Comfort,,
3/25/2025 6:12:08,33-39,"5'3"" to 5'6""",125-174,Bachelor's,Full time,$100k+,North America,Asian / Pacific Islander,Male,Straight,Cisgender,Atheist / Agnostic,Liberal,Single,California (CA),,No pets,A few times a week,Edible,No,Yes,No,No,No,No,No,No,No,No,No,No,No,No,No,Most days,No VR,No,No,No,No,No,2,Weed Son,No,Twitch Sidebar / Dashboard,Yes,Yes,Yes,"Desktop, Mobile",A few times a week,Seldom chatter,No,No,No,LSF / Reddit,11+,2-3,A healthy mix of both,5,5,5,2,2,3,4,4,4,3,2,2,2,1,1,1,1,3,2,1,1,3,2,2,1,2019,No,I don't care,I don't care,yo,variety,rap,lirik,undertale,lirik,WutFace,Chrono Trigger,Monty Python and the Holy Grail,Too many,Meteora / Hybrid Theory (Linkin Park),hotdog ,
3/25/2025 6:12:17,25-32,"5'7"" to 5'11""",Under 125,Some college,Full time,Less than $20k,Europe,White,Male,Straight,Cisgender,Atheist / Agnostic,Conservative,Single,,Russia,Cat,Never tried it,,No,Yes,No,No,No,No,No,No,No,No,No,No,No,No,No,Never,No VR,No,No,No,No,No,2,Weed Son,No,Twitch Sidebar / Dashboard,No,Yes,Dont care,Desktop,A few times a week,Seldom chatter,No,No,No,Streamer collab,7-8,2-3,A healthy mix of both,5,3,4,5,4,4,4,4,2,5,3,3,2,2,1,3,3,4,4,4,4,5,1,3,1,2021,I dont care,I don't care,I don't care,chill content and humor ,down for whatever,Dont care,Asm.... Glorious_E,coop with frens,Jerma,waga,Path of Exile,none,Undead Corporation,none,Pizza,
3/25/2025 6:15:43,16-18,"5'7"" to 5'11""",125-174,High school / GED,"Student, not working",Less than $20k,Australia,White,Other,Questioning,Cisgender,Atheist / Agnostic,Liberal,Single,,,Dog,Never tried it,,No,No,No,No,No,No,No,No,No,No,No,No,No,No,Learners permit,A few times a week,"Yes, I have VR",No,No,No,No,No,2,Weed Son,No,"Twitch Sidebar / Dashboard, Mobile Notifications",No,Yes,Dont care,Desktop,A few times a week,Lurker,No,No,No,Streamer collab,3-4,2-3,A healthy mix of both,3,4,3,3,2,1,3,2,1,3,2,1,4,3,1,2,2,3,3,2,2,2,1,1,1,2020,I dont care,I don't care,I don't care,Music Production/Variety Games ,,,Jerma985,,,Buggin,The Last of Us,The Dark Knight,,Madvillainy by MF DOOM,,
3/25/2025 6:16:06,25-32,"6' to 6'3""",325+,Some highschool,Unemployed,Less than $20k,North America,Native / Indigenous,Male,Straight,Cisgender,Atheist / Agnostic,Centrist,Single,Canada,,No pets,Tried and quit,"Pipe, Edible",Yes,Yes,No,No,No,No,No,No,No,No,No,No,No,No,No,Never,No VR,No,No,No,No,No,1,League Daughter,Prime subbed,"Twitch Sidebar / Dashboard, Mobile Notifications",No,Yes,Dont care,"Desktop, Gaming console",A few times a week,Lurker,No,No,No,LSF / Reddit,11+,2-3,A healthy mix of both,3,4,4,5,2,1,3,3,4,4,2,3,5,4,3,4,1,1,4,5,3,2,1,1,1,2017,I dont care,I don't care,I don't care,He is funny,don't care,all is fine,poke,Voices of the void is always fun to watch,don't care,"most of the cat emotes, but Glorp is the best",Pokemon Crystal verson,Scott pilgrim vs. the world ,Paramore,Paramore,Chicken fried rice,
3/25/2025 6:16:26,25-32,"6' to 6'3""",175-224,High school / GED,Part time,$20k-$50k,Europe,White,Male,Straight,Cisgender,Atheist / Agnostic,Centrist,Dating,,Norway,Cat,Never tried it,,Yes,Yes,No,No,Yes,No,No,No,No,No,Yes,No,Yes,No,Yes,Never,No VR,No,No,No,No,No,3,Weed Son,Prime subbed,"Twitch Sidebar / Dashboard, Discord notications",No,Yes,Yes,"Desktop, Mobile, TV app",Every stream,Active chatter,No,"Yes, but not active",No,Mentioned by another streamer,1-2,2-3,A healthy mix of both,4,4,3,2,2,3,4,2,4,4,2,4,4,2,2,3,3,3,4,4,3,4,1,2,2,2019,I dont care,I don't care,I don't care,Chat and poke humor,Just poke being poke but i quite enjoyed more irl stuff and i love co-op games with squad ,Hmm maybe pluggnb,Beside those three dont watch much twitch just put any austin streamer for a background in the past i would say miz(2019-2020),Mount and blade Bannerlord,Maybe some nmplol car or cooking stream,Pfffft,Cs,Into the wild,Gidle/Pinkpantheress,,Anything from Korean cuisine ,
3/25/2025 6:21:15,19-24,"5'3"" to 5'6""",Under 125,High school / GED,Unemployed,Less than $20k,North America,White,Female,Questioning,Cisgender,Atheist / Agnostic,Liberal,Single,Oregon (OR),,"Dog, Cat, Snake, Lizard / Reptile / Dragon",Never tried it,,No,No,No,No,No,No,No,No,No,No,No,No,No,No,,A few times a year,"Yes, I have VR",No,No,No,No,Yes,1,Weed Son,No,Twitch Sidebar / Dashboard,Yes,Yes,Yes,"Desktop, Laptop, Mobile, Gaming console",A few times a week,Seldom chatter,No,No,No,Streamer collab,7-8,2-3,A healthy mix of both,4,3,4,1,2,2,5,3,3,4,5,2,2,1,1,3,2,4,3,2,2,5,1,1,1,2024,Yes,Keep the lawls,Poke music / Pokelawls twitch,good bits and fun games,Variety gaming and some more IRL streams,,Jerma985,,Squeex,buh,,,,,,
3/25/2025 6:21:15,25-32,"5'7"" to 5'11""",175-224,Bachelor's,"Student, not working",Less than $20k,Europe,White,Male,Straight,,Other,,Single,,Norway,Dog,A few times a year,"Pipe, Joint, One Hitter, Vape",No,No,No,No,No,No,No,No,No,No,No,No,No,No,Yes,A few times a year,"Yes, I have VR",No,No,No,No,Yes,3,Weed Son,No,Twitch Sidebar / Dashboard,Yes,Yes,Yes,Desktop,A few times a week,Lurker,No,No,No,Youtube recommended / clip compilation,11+,4-6,A healthy mix of both,4,3,4,3,3,3,3,3,3,3,3,3,2,2,1,5,3,3,4,2,2,2,1,1,1,2023,I dont care,I don't care,I don't care,,,,,,,,,,,,,
3/25/2025 6:25:54,25-32,"5'7"" to 5'11""",225-274,Some college,Full time,Less than $20k,Europe,White,Male,Straight,Cisgender,Atheist / Agnostic,Socialist,Engaged,,Russia,Cat,Never tried it,,No,No,No,No,No,No,No,No,No,No,No,No,No,No,No,Never,No VR,No,No,No,No,No,3,Weed Son,No,Twitch Sidebar / Dashboard,No,Yes,Yes,"Desktop, Mobile",A few times a month,Lurker,No,No,No,Mentioned by another streamer,11+,4-6,"Spontaneous, unpredictable content",3,2,2,1,2,2,4,3,2,2,2,4,3,2,1,1,1,3,4,2,3,4,4,4,1,2021,I dont care,I don't care,I don't care,,,,,,,,,,,,,
3/25/2025 6:26:08,19-24,"5'7"" to 5'11""",125-174,High school / GED,Full time,$20k-$50k,North America,White,Male,Straight,,Other,Conservative,Single,West Virginia (WV),,"Dog, Cat",A few times a year,"Bong, Blunt, Joint, Vape",No,No,No,No,No,No,No,No,No,No,No,No,No,No,Yes,A few times a year,"Yes, I have VR. Poke contributed",No,No,No,No,Yes,1,Weed Son,No,Mobile Notifications,No,No,Yes,"Mobile, Gaming console",A few times a week,Seldom chatter,No,No,No,Youtube recommended / clip compilation,7-8,2-3,A healthy mix of both,4,3,3,3,3,3,4,4,3,4,4,4,3,3,3,4,4,4,4,4,4,4,3,3,3,2022,No,Keep the lawls,Poke music / Pokelawls twitch,His content as a whole,Whatever he wants,Nah,Mande,Schedule 1,Idk,,L4D2,I am legend,The beach boys,Megatron 2,Burgers,
3/25/2025 6:29:54,19-24,"5'7"" to 5'11""",125-174,Some college,"Student, not working",,Europe,White,Male,Straight,Cisgender,Atheist / Agnostic,Liberal,Single,,,Dog,Tried and quit,"Bong, Blunt, Joint, Vape",Yes,Yes,No,No,No,No,No,No,No,No,No,No,No,No,Yes,A few times a month,No VR,No,No,No,No,No,2,League Daughter,No,Twitch Sidebar / Dashboard,No,Yes,Yes,"Desktop, Mobile",A few times a week,Seldom chatter,No,No,No,Youtube recommended / clip compilation,3-4,4-6,A healthy mix of both,4,3,4,4,2,4,5,5,4,4,3,4,4,4,1,2,2,2,5,4,4,4,1,1,1,2016 or earlier,I dont care,I don't care,I don't care,,,,,,,,terraria,,,swimming by mac miller,,
3/25/2025 6:30:10,25-32,"6' to 6'3""",125-174,Bachelor's,Unemployed,Less than $20k,Europe,White,Male,Straight,Cisgender,Atheist / Agnostic,Socialist,Dating,,United Kingdom,"Dog, Cat",A few times a year,"Bong, Joint",No,No,No,No,No,No,No,No,No,No,No,No,No,No,No,A few times a year,No VR,No,No,No,No,Yes,1,League Daughter,No,Twitch Sidebar / Dashboard,No,Yes,Yes,"Desktop, Laptop, Mobile, TV app",A few times a week,Lurker,No,No,No,Twitch recommended,11+,4-6,A healthy mix of both,4,3,3,4,3,3,4,2,3,3,3,3,4,1,3,2,4,5,4,3,4,4,2,3,1,2017,I dont care,Keep the lawls,Poke music / Pokelawls twitch,"FL Studio, Voices of the void","Voices of the void, variety content with streamers like nymn and erobb221","It would be cool to see poke try making instrumentals from scratch, using drum and guitar VSTs eg. EZbass EZdrummer, rather than drag and drop pre-made beats",ellenfromnowon,Voices Of The Void,Forsen,widepeepohappy,Wii Sports,Lost in translation ,"Modern Color, Elliott Smith, Knocked Loose",Elliot Smith - Either/Or,Lasagne,
3/25/2025 6:30:28,33-39,"6' to 6'3""",175-224,Bachelor's,Full time,$100k+,North America,Indian,Male,Straight,Cisgender,Atheist / Agnostic,Liberal,Single,Canada,,No pets,A few times a day,"Joint, Vape",Yes,No,No,No,No,No,No,No,No,No,No,No,No,No,Learners permit,Most days,No VR,No,No,No,No,No,4,League Daughter,Prime subbed,"Twitch Sidebar / Dashboard, Discord notications",No,Yes,Dont care,"Desktop, Mobile",Every stream,Lurker,No,"Yes, but not active",No,Twitch recommended,7-8,2-3,A healthy mix of both,5,5,5,2,3,4,5,3,1,4,1,5,5,5,1,4,5,4,5,2,3,5,5,5,5,2019,Yes,Change the name,Poke music / Poke twitch,"Every time I tuned in you made me laugh or I found new music to listen to. My life was kind of a struggle so majority of the streams I had audio only while I worked on something else at the same time. Still, I somehow remember a lot of the streams and really enjoyed it. I noticed your streams have turned a bite grim because of the child but I hope you can persist o7 He stole a lot of your material anyway btw 👀","1. Competitive gaming
2. Horror games
3. Fitness

1. Bro your aim is crazy and your not touching marvel rivals? Have you not seen the views? Boiiiiii (i'm gm if you wanna duo 👀👀)
2. This can be your gold mine but you refuse :( THE PEOPLE WANT TO SEE YOU SCREAM
3. Smoking a lot of weed wouldn't be as bad if you worked out bro. Its best for your health and you can easily make it a vlog ""get fit with poke"" or something. If you need a workout routine just send me a message on discord (fmgl_), in case you may not have anyone else to help you out. I have it as #3 but this should be highest priority.",i'm musically retarded so not too sure but anything with a good bass is nice. When your in the zone you make or find crazy beats so just trust your own judgement,"Destiny, Moxy, Lacari, Sodapoppin or Tyler1 in no order because it entirely depends on the game they're playing. Destiny is mainly politics/follow world news so doesn't really counter i guess",marvel rivals right now but GTA6 RP in far future,"Moxy for rivals would be chill. Soda/T1 if you wanna try their WC3 event. Destiny - if you can come at him with an open mind, you can be the voice of reason for canada, specifically toronto. Elections coming up so good content potential",monkaGun or monkaS,bioshock,matrix,"In Flames, Linkin Park, Lamb of God, Rio Da Yung Og",Hybrid Theory,chocolate,
3/25/2025 6:33:16,19-24,"5'7"" to 5'11""",125-174,Bachelor's,"Student, not working",Less than $20k,Asia,White,Male,Bisexual / Pansexual,Cisgender,Atheist / Agnostic,Liberal,Single,,Other,No pets,A few times a year,Spliff,Yes,No,No,No,Yes,No,No,No,No,No,Yes,No,No,No,No,A few times a month,No VR,No,No,No,No,No,2,League Daughter,Prime subbed,Twitch Sidebar / Dashboard,No,Yes,Yes,Desktop,A few times a month,Seldom chatter,No,No,No,Streamer collab,3-4,2-3,A healthy mix of both,4,5,1,2,3,3,4,1,3,4,2,3,5,4,2,3,4,4,4,4,4,5,2,2,3,2020,I dont care,Change the name,Poke music / Poke twitch,Settings,what poke wants + FL Studio,idk,sanchovies,VRchat,sanchlawls,waga,League :),The Perks of Being a Wallflower,Panchiko,In Rainbows,Ciggarete,
3/25/2025 6:36:31,19-24,"5'7"" to 5'11""",125-174,Bachelor's,Full time,$20k-$50k,Asia,Middle Eastern,Male,Straight,Cisgender,Islam,Centrist,Single,,,Cat,Never tried it,,Yes,No,No,No,Yes,No,No,No,No,No,No,No,No,No,Yes,A few times a week,"Yes, I have VR",No,No,No,No,No,2,League Daughter,No,"Twitch Sidebar / Dashboard, Discord notications",No,Yes,Yes,"Desktop, Laptop",A few times a week,Seldom chatter,No,"Yes, but not active",No,Twitch recommended,1-2,2-3,A healthy mix of both,5,4,4,5,3,4,4,4,5,5,1,4,5,3,1,5,4,5,5,5,5,5,4,3,1,2019,Yes,Keep the lawls,Poke music / Pokelawls twitch,"He's hilarious, his gta rp, his co-op horror games.",CO-OP HORROR AND BOGG DAN.,no,idk,Anything fun idc,squeex,idk,God of war,FordvsFerrari or Surfs up,Dont have one,Dont have one. There isnt an album with all good songs,Makloubet zahra or qidreh,
3/25/2025 6:38:34,19-24,"5'7"" to 5'11""",Under 125,Some highschool,Unemployed,Less than $20k,Australia,White,Female,Bisexual / Pansexual,Transgender,Atheist / Agnostic,Centrist,Dating,,,Cat,Never tried it,,Yes,Yes,No,No,Yes,No,Yes,No,No,No,No,No,No,No,Yes,Never,"Yes, I have VR",No,No,No,No,No,1,League Daughter,No,Twitch Sidebar / Dashboard,Yes,Yes,Yes,"Desktop, Mobile",Every stream,Lurker,No,No,No,Youtube recommended / clip compilation,11+,7+,A healthy mix of both,3,3,5,1,1,1,2,1,1,1,1,3,5,3,2,3,2,5,4,2,1,3,1,1,1,2019,I dont care,I don't care,I don't care,Yapping and Chill games,Variety and Music content ,Witch House,PSP1G,Voices of the void,,Buh,Devil Daggers,American Psycho,Kara’s Walk Home,Look! A Rainbow!,Bread,
3/25/2025 6:41:32,19-24,"6' to 6'3""",125-174,Some highschool,Unemployed,Less than $20k,Europe,White,Non Binary,Gay / Lesbian,,Atheist / Agnostic,Liberal,Dating,,United Kingdom,Cat,Never tried it,,Yes,No,No,No,Yes,No,No,No,No,No,No,No,No,No,Learners permit,A few times a month,No VR,Yes,Yes,No,No,No,1,League Daughter,No,"Twitch Sidebar / Dashboard, Mobile Notifications, Discord notications",Yes,Yes,Yes,"Desktop, Mobile",Every stream,Lurker,No,"Yes, but not active",No,"Word of mouth, from a friend",3-4,1,A healthy mix of both,3,2,1,2,3,4,4,4,5,4,3,3,5,5,1,3,1,5,5,4,3,5,1,1,3,2019,Yes,Keep the lawls,Poke music / Pokelawls twitch,Chill vibes at times or can even be the funniest moments ever,"Cringe public interaction like vrchat, or acting a fool in a supermarket for example. probably the most ive ever laughed on pokes streams","I like the pop type beats not sure what its called, similar to the song ""who else"" or ""had enough""","jerma, zoil, ","some old square enix game like Kingdom hearts or a Final fantasy game, probably an extreme reach but i liked that time he was interested in playing old stuff like conkers bad fur day",FOUR HOSE Men,buh,Final Fantasy 7,Inception,Sefa - Frenchcore DJ from Netherlands,Homesick by A Day to Remember,Pizza,
3/25/2025 6:48:22,19-24,"6' to 6'3""",325+,Some highschool,Unemployed,Less than $20k,Europe,White,Male,Questioning,Cisgender,Christian,Socialist,Single,,Germany,No pets,A few times a year,"Blunt, Joint, Edible",No,No,No,No,No,No,No,No,No,No,Yes,No,No,No,No,A few times a month,"Yes, I have VR. Poke contributed",No,No,No,No,No,2,Weed Son,Gifted sub,Twitch Sidebar / Dashboard,No,Yes,Yes,"Desktop, Laptop, Mobile",Every stream,Lurker,No,"Yes, but not active",No,Streamer collab,7-8,2-3,A healthy mix of both,3,4,4,3,2,4,4,2,4,5,2,2,4,3,1,5,4,3,4,4,3,5,2,3,1,2019,I dont care,Change the name,I don't care,The Vibes,More IRL ,-,Papaplatte,Overwatch SAJ,Some rappers like PBM Style IDK,maybe aga,Overwatch,Cant Tell,There are many. ,IDK,Prob. Chickenwings,
3/25/2025 6:49:33,19-24,"6' to 6'3""",175-224,Some college,Unemployed,Less than $20k,Europe,Asian / Pacific Islander,Male,Straight,Cisgender,Islam,Apolitical,Single,,Sweden,No pets,Never tried it,,No,No,No,No,No,No,No,No,No,No,No,No,No,No,No,Never,No VR,No,No,Balding,No,No,5+,League Daughter,Normal sub,"Twitch Sidebar / Dashboard, Mobile Notifications",No,Yes,Yes,"Desktop, Laptop, Mobile",Every stream,Active chatter,No,No,No,Mentioned by another streamer,5-6,2-3,"Spontaneous, unpredictable content",4,5,5,3,4,3,5,3,4,4,2,3,3,3,1,3,3,5,5,5,5,5,1,1,1,2021,Yes,Keep the lawls,Poke music / Pokelawls twitch,"I looove watching him start the stream on ekoP, take shit and be afk. But the main, I like when it’s variety stream, and he is funny.","Variety, maybe solo campaign games, would be entertaining, loved when he played Cuberpunk 2077 when he was testing his gpu. Solo campaign games, coop games with giig and femboy dzeh ",catPls type song ,poek giig dzeh ,"ngl…… Death Stranding, but it might be boring for the stream. Or just bunch of single player games ","Well I loved the “trio” catDespair, maybe more with dizzy, tell dizzy to stop playing that shit game DnD ReallyMad ","buh, LOL, catEat, catPls, RAAAAH, ",The Witcher 3 ,Harry Potter ,"Baby Keem, Kendrick Lamar, Juice Wrld, Low Roar.",The Melodic Blue by Baby Keem ,Traditional Uyghur food - Laghman ,"buh, all good "
3/25/2025 6:51:26,25-32,"5'7"" to 5'11""",,High school / GED,Other,Less than $20k,Europe,White,Female,Bisexual / Pansexual,Cisgender,Atheist / Agnostic,Socialist,Dating,,Norway,No pets,Never tried it,,Yes,Yes,No,No,No,No,No,No,No,No,No,No,No,No,No,A few times a year,No VR,No,No,Yes,No,No,2,,No,Twitch Sidebar / Dashboard,No,Yes,No,"Laptop, Mobile, TV app",A few times a month,Lurker,No,No,No,"Word of mouth, from a friend",7-8,2-3,A healthy mix of both,3,2,2,1,1,2,4,3,1,2,2,1,1,1,1,1,1,3,4,1,1,3,1,1,1,2023,I dont care,Change the name,I don't care,Chill vibes,Pokelawls enjoying games with people he enjoy hanging out with.,,"Ashleyroboto, RipMika, Katskratchh",,,,,,,,Lasagna,
3/25/2025 6:52:35,25-32,"6' to 6'3""",175-224,High school / GED,Part time,$20k-$50k,North America,White,Male,Straight,,Atheist / Agnostic,Apolitical,Single,Canada,,Cat,A few times a year,Edible,No,No,No,No,No,No,No,No,No,No,No,No,No,No,Yes,Never,No VR,No,No,No,No,No,2,Weed Son,Prime subbed,Twitch Sidebar / Dashboard,No,Yes,Dont care,"Desktop, Mobile",Every stream,Lurker,No,No,No,Streamer collab,5-6,2-3,A healthy mix of both,5,4,4,3,5,4,5,4,5,5,4,3,5,3,1,4,3,4,5,5,5,5,1,3,1,2019,I dont care,I don't care,I don't care,He and his streams are a hoot,Eat 50 hotdogs at once,Fart,"poke and gigi are cool, ekop is a weird person.",bait project zomboid again,gigi,glorp,osrs,interstellar,,green day - dookie,taco ,kill me
3/25/2025 6:53:24,16-18,"5'7"" to 5'11""",125-174,High school / GED,Part time,Less than $20k,Australia,White,Male,Straight,Cisgender,Atheist / Agnostic,,Single,,,Lizard / Reptile / Dragon,A few times a month,"Pipe, Joint, Edible",No,No,No,No,No,No,No,No,No,No,No,No,No,No,Learners permit,Never,"Yes, I have VR",No,No,No,No,No,1,Weed Son,No,Twitch Sidebar / Dashboard,No,Yes,Yes,"Desktop, Laptop, Mobile",A few times a month,Lurker,No,No,No,Youtube recommended / clip compilation,3-4,2-3,A healthy mix of both,3,3,4,5,3,5,5,3,4,5,3,5,4,5,2,4,3,4,5,4,3,5,1,1,1,2021,Yes,Keep the lawls,Pokelawls music / Pokelawls twitch,,,,Zoil,,,,,,,,,
3/25/2025 6:55:23,25-32,"6' to 6'3""",175-224,Some college,Full time,$20k-$50k,North America,White,Male,Straight,Cisgender,Other,Socialist,Single,Canada,,No pets,Tried and quit,"Bong, Blunt, Joint, Vape",Yes,Yes,No,No,No,No,No,No,No,No,No,No,No,No,Yes,A few times a year,"Yes, I have VR",No,No,No,No,No,1,Weed Son,No,"Twitch Sidebar / Dashboard, Mobile Notifications",No,Yes,Yes,"Desktop, Mobile",A few times a week,Seldom chatter,No,No,No,"Word of mouth, from a friend",3-4,2-3,A healthy mix of both,4,5,2,4,3,4,5,5,3,3,4,4,5,3,3,4,1,4,4,3,3,5,5,5,1,2018,I dont care,Keep the lawls,Poke music / Pokelawls twitch,Hilarious and seems down to earth in an empathetic way and thats pretty huge for being a streamer lol,No league of legends more of anything else 1000%,Idk vaporwave?? Probs not just stick to what you do,"Tolomeo, and NosleepTV when he existed ",Anything but league of legends PLEASEEEEEEE,"Gigi, Jerma, Vargskelethor, Squeex, Liam, some 3-10 viewer andy so you can teach them how to be better",The one where its a paragraph of Lacari chasing you,Mario 64 and Seaman for dreamcast,Freddy got fingered,Crystal castles,,Big burger,:) norp
3/25/2025 6:57:07,40+,"6' to 6'3""",225-274,Some college,Full time,$50k-$100k,North America,White,Male,Straight,Cisgender,Atheist / Agnostic,Socialist,Married,Canada,,No pets,Once a day,Vape,No,No,No,No,No,No,No,No,No,No,No,No,No,No,Yes,A few times a month,"Yes, I have VR",No,No,Yes,No,No,1,Weed Son,No,Twitch Sidebar / Dashboard,No,No,Dont care,"Desktop, Mobile",A few times a month,Lurker,No,No,No,Youtube recommended / clip compilation,Less than one,None most days,A healthy mix of both,3,3,1,1,3,5,4,4,3,3,2,2,2,2,2,2,2,4,3,3,3,5,2,2,2,2023,No,Change the name,Poke music / Poke twitch,99.99% Of my Poke viewing was done via YouTube so I am filling this out in the hopes he posts there again...,Whatever makes Poke happy TBH... I will say any interactions with Jerma have been highlights.,I actually bought FL Studio because of poke and I am still figuring it out. More funk = Better Music in general...,"Jerma, Northerlion, Squeex.",Just like a classic RPG longplay series is good as long as it ends up on YouTube.,Extra Emily would for some reason be really good I bet...,N/A,Rust is the game I play the most...,Star Trek II: The Wrath of Kahn I have seen the most...,Eclectic enough to not have an answer.,Eclectic enough to not have an answer.,Italian,No census seem good was a fun way to kill some time.
3/25/2025 7:01:34,25-32,"5'7"" to 5'11""",175-224,Some college,Full time,$100k+,North America,White,Male,Straight,,Christian,Centrist,Single,New Jersey (NJ),,Cat,Tried and quit,"Blunt, Joint",Yes,Yes,No,No,Yes,No,No,No,No,No,Yes,Yes,No,No,Yes,A few times a month,"Yes, I have VR",No,No,No,No,Yes,2,League Daughter,Normal sub,Twitch Sidebar / Dashboard,No,Yes,Yes,"Desktop, Mobile, TV app",A few times a week,Lurker,No,"Yes, but not active",No,Mentioned by another streamer,3-4,2-3,Planned events with set schedules,,,,,,,,,,,,,,,,,,,,,,,,,,2016 or earlier,Yes,Change the name,Poke music / Poke twitch,,,,,,,,,,,,,
3/25/2025 7:04:51,40+,"6' to 6'3""",175-224,Bachelor's,Full time,$20k-$50k,Asia,White,Male,Straight,Cisgender,Atheist / Agnostic,Socialist,Dating,,,No pets,Never tried it,,Yes,No,No,No,Yes,No,No,No,No,No,Yes,No,No,No,Yes,A few times a year,No VR,No,No,No,No,Yes,3,League Daughter,No,Twitch Sidebar / Dashboard,No,Yes,Yes,"Desktop, Mobile",A few times a month,Seldom chatter,No,"Yes, but not active",No,LSF / Reddit,9-10,4-6,"Spontaneous, unpredictable content",5,5,4,2,4,1,5,5,5,5,5,5,3,2,1,4,1,2,3,2,1,5,1,1,1,2020,Yes,Keep the lawls,Poke music / Pokelawls twitch,poke has a really good sense of humor with jokes that can be really meta in internet culture,"Variety, IRL",,robcdee,,xqc,peepoGlad,threads of fate,the wizard of oz,"bring me the horizon, porter robinson, avril lavigne, paramore, billy strings",Nurture by Porter Robinson,Mochi,add the asian countries wtf
3/25/2025 7:05:51,25-32,"5'7"" to 5'11""",175-224,Bachelor's,Full time,$50k-$100k,South America,Hispanic / Latino,Male,Straight,Cisgender,Atheist / Agnostic,Centrist,Single,,,Dog,Never tried it,,No,No,No,No,No,No,No,No,No,No,No,No,No,No,Yes,A few times a week,No VR,No,No,Yes,No,Yes,5+,Weed Son,No,Twitch Sidebar / Dashboard,Yes,Yes,Yes,Desktop,A few times a week,Lurker,No,No,No,Twitch recommended,3-4,2-3,Planned events with set schedules,4,4,4,2,5,2,4,2,1,5,1,1,1,1,1,2,1,5,5,3,2,5,1,1,1,2021,I dont care,I don't care,I don't care,,,,,,,,,,,,,
3/25/2025 7:10:01,25-32,"6' to 6'3""",325+,Some college,Unemployed,Less than $20k,Europe,White,Male,Straight,Cisgender,Atheist / Agnostic,Apolitical,Single,,United Kingdom,No pets,A few times a day,"Vape, Edible",Yes,No,Yes,Yes,No,No,No,No,No,No,Yes,No,No,No,Learners permit,A few times a year,No VR,No,No,No,No,No,1,Weed Son,No,"Twitch Sidebar / Dashboard, Mobile Notifications, Discord notications, Chatterino / Offline chatting",Yes,Yes,Yes,"Desktop, Mobile, TV app, Gaming console",Every stream,Active chatter,No,"Yes, but not active",No,LSF / Reddit,11+,2-3,A healthy mix of both,4,4,3,2,4,2,3,3,3,3,2,2,4,1,2,2,2,3,4,3,5,1,1,1,1,2019,I dont care,Keep the lawls,I don't care,when he farts LO,farting LO,idk,zoil ,PROJECT ZOMBOID,me ,prePffttt,monster hunter world,idk,twice,collide with the sky,pizza,fart NOW LO
3/25/2025 7:10:42,40+,"6'4""+",325+,Doctorate,Other,$100k+,South America,Other,Other,Other,Cisgender,Other,Centrist,Divorced,Canada,Albania,No pets,Always,Edible,No,No,No,No,No,No,No,No,No,No,No,No,No,No,Yes,Daily,No VR,No,No,Balding,Veteran,No,1,League Daughter,No,Chatterino / Offline chatting,No,No,Yes,Gaming console,A few times a week,Lurker,No,No,No,Mentioned by another streamer,Less than one,2-3,"Spontaneous, unpredictable content",1,2,3,1,3,2,3,2,3,4,3,2,3,2,3,4,5,4,3,2,1,2,3,4,5,2018,I dont care,I don't care,I don't care,fart,none with at all,same,darkosto,ill be watching,dont care,XDD,don't care for video games,home alone,don't remeber,don't remeber,fried chicken ,"keep doing what you are doing, take breaks as well"
3/25/2025 7:11:02,33-39,"6' to 6'3""",175-224,Some college,Full time,$50k-$100k,North America,White,Male,Straight,Cisgender,Atheist / Agnostic,Liberal,Single,South Carolina (SC),,Cat,Once a day,Vape,Yes,Yes,No,No,No,No,No,No,No,No,No,No,No,No,Yes,A few times a month,"Yes, I have VR. Poke contributed",No,No,No,No,No,1,League Daughter,No,Twitch Sidebar / Dashboard,No,Yes,Yes,"Desktop, Laptop, TV app",Every stream,Active chatter,No,"Yes, but not active",No,Streamer collab,3-4,2-3,A healthy mix of both,5,3,5,2,3,4,3,1,3,4,2,2,2,2,5,5,2,4,4,3,3,3,1,1,1,2018,Yes,I don't care,I don't care,His humor. Playing random shitty games. Co-op. Interacting with chat.,"VR Chat, co-op with Gigi and the four horsemen. Playing random shitty games. Onlyfangs season 3 (If it happens) GTA RP if they have a new season.","Shoegaze, emo",Jerma985,VRChat,Jerma985,aga,Dark Souls,Interstellar,"The Mars Volta, Modest Mouse, Radiohead",Bedlam in Goliath,Pizza,idk I like pictures
3/25/2025 7:11:12,25-32,"6' to 6'3""",175-224,Bachelor's,Unemployed,,Europe,White,Non Binary,Bisexual / Pansexual,Transgender,Atheist / Agnostic,Socialist,Dating,,United Kingdom,No pets,A few times a week,"Blunt, Spliff",No,No,No,No,No,No,No,No,No,No,No,No,No,No,No,Never,No VR,No,No,Balding,No,Yes,1,Weed Son,No,Twitch Sidebar / Dashboard,No,Yes,Yes,"Tablet, TV app",A few times a month,Lurker,No,No,No,Twitch recommended,5-6,2-3,A healthy mix of both,4,4,3,2,3,2,5,2,1,1,3,4,1,1,1,2,2,4,4,2,2,4,3,2,2,2018,I dont care,I don't care,I don't care,,Variety and play throughs,,,,,,Ghost of Tsushima ,,,,,
3/25/2025 7:13:37,19-24,"5'7"" to 5'11""",175-224,High school / GED,Unemployed,Less than $20k,South America,Black,Male,Straight,Cisgender,Atheist / Agnostic,Apolitical,Single,,,Cat,A few times a year,"Blunt, Joint, Vape",Yes,No,No,No,Yes,No,No,No,Yes,No,Yes,No,No,No,No,A few times a week,No VR,No,No,Balding,No,No,2,League Daughter,Prime subbed,"Twitch Sidebar / Dashboard, Mobile Notifications",No,Yes,Yes,"Desktop, Laptop, Mobile, Tablet, TV app, Gaming console",Every stream,Lurker,No,"Yes, but not active",No,Twitch game categories,7-8,7+,A healthy mix of both,3,2,5,5,1,3,4,5,1,1,2,5,3,5,1,4,3,2,5,3,3,5,2,2,1,2017,No,Change the name,Poke music / Pokelawls twitch,adhd moments and farts,"more randomized games, as OOT (retro aspect) or some first person shooter",whatever,poke,Roblox,Bao The Whale (could be cool if she helps Gigi),borpa,bloodborne,alien eight passenger,"Men I Trust, Radio head and Gorillaz",In Rainbows,chicken in general,why
3/25/2025 7:13:54,25-32,"5'7"" to 5'11""",175-224,Some college,Unemployed,Less than $20k,North America,White,Male,Straight,Cisgender,Atheist / Agnostic,Socialist,Single,New Hampshire (NH),,No pets,A few times a year,Edible,No,Yes,No,No,No,No,No,No,No,No,No,Yes,No,No,Yes,A few times a year,No VR,No,No,No,No,No,1,League Daughter,No,Twitch Sidebar / Dashboard,No,No,Yes,"Desktop, Mobile",A few times a month,Lurker,No,No,No,Streamer collab,7-8,2-3,Planned events with set schedules,4,3,2,2,4,5,4,1,4,5,1,4,3,3,5,2,2,3,3,3,5,3,5,5,1,2019,I dont care,I don't care,I don't care,His comedy.,All of it dawg.,Whatever he enjoys.,Hasanabi,Hmmmm idk,"Hasanabi, will neff",Omegalul,World of warcraft,Star wars old,"Lil wayne, future, kendrick","Purple reign, by future","Chinese food, general gaus chicken","Dope. Though was a bit lengthy, I see the importance of census' but I bet alot of people quit before finishing. "
3/25/2025 7:15:08,19-24,"5'7"" to 5'11""",125-174,High school / GED,Full time,Less than $20k,North America,Multiethnic,Male,Straight,Cisgender,Atheist / Agnostic,Apolitical,Single,California (CA),,Bird,Never tried it,,Yes,Yes,,,Yes,,,,,,,,,,No,Daily,No VR,No,No,No,No,Yes,2,League Daughter,No,"Twitch Sidebar / Dashboard, Mobile Notifications",Yes,Yes,Yes,Desktop,A few times a month,Lurker,No,No,No,Streamer collab,3-4,2-3,A healthy mix of both,3,4,3,3,4,3,3,3,3,3,4,3,3,3,3,3,3,3,4,3,4,3,1,2,2,2022,I dont care,Keep the lawls,Pokelawls music / Pokelawls twitch,I enjoy his humor and how he is as a person especially when he played as Bogg,Just him enjoying what he wants to do is what I think matters most,I loved Built Differently,Pogi (Poke and Gigi),Repo,I would wanna collab with Poke when I grow my community in the future,:cloude51Catjam:,Wizard101,Frankenweenie/Secret Life of Walter Mitty,"Between Friends, Wallows, Laufey, Beabadoobee, EDEN","I love my girl, she's my boy",Ramen,
3/25/2025 7:19:42,19-24,"5'3"" to 5'6""",125-174,Bachelor's,Unemployed,Less than $20k,Asia,Asian / Pacific Islander,Male,Straight,Cisgender,Islam,Conservative,Single,,,"Cat, Fish",Never tried it,,No,No,No,No,No,No,No,No,No,No,No,No,No,No,Yes,Never,No VR,No,No,No,No,No,2,League Daughter,No,"Twitch Sidebar / Dashboard, Mobile Notifications",No,Yes,Dont care,"Desktop, Mobile",Every stream,Lurker,No,No,No,Streamer collab,9-10,2-3,"Spontaneous, unpredictable content",5,4,4,4,3,4,5,2,1,1,1,3,2,1,2,1,2,5,5,3,5,5,1,2,1,2023,Yes,Keep the lawls,I don't care,chill gaming,variety,not sure,"jeremy elbertson aka sus guy, e-clown, psychopath,  ",any,ster,waytoodank,terraria & tf2,none,"none, i listen to variety of music and like them equally",none,garlic bread,glorp
3/25/2025 7:20:16,25-32,"6' to 6'3""",175-224,Associates / Trade,Self employed / 1099,$20k-$50k,Australia,Asian / Pacific Islander,Male,Straight,Cisgender,Christian,Centrist,Dating,,,No pets,A few times a day,"Bong, Blunt, Edible",Yes,Yes,Yes,No,No,No,No,No,Yes,No,Yes,No,No,No,Yes,A few times a year,No VR,No,No,No,No,Yes,1,Weed Son,Gifted sub,"Twitch Sidebar / Dashboard, Mobile Notifications, Discord notications, Chatterino / Offline chatting",Yes,Yes,Yes,"Desktop, Laptop, Mobile",Every stream,Seldom chatter,No,No,No,Twitch recommended,3-4,1,A healthy mix of both,5,5,3,2,3,2,5,5,3,2,2,3,5,2,1,5,1,5,5,3,3,3,1,3,1,2021,Yes,Keep the lawls,Pokelawls music / Pokelawls twitch,"Pokelawls chill attitude, the streams make me feel like im 17 again getting faded in high school with the boys.","Variety gaming. Such as Virtual reality or Retro games. Should attain old consoles like Nintendo Wii, or Playstation 3 and play through classic games or shitty shovelware games.","Hip-hop / Rap, House / Eurobeats ",Vinesauce,Goldeneye,Peaks100,Buh,Uncharted ,Casino ,Ozzy Osborne ,Movie Music ,"Burger, Pizza, Pasta ",
3/25/2025 7:20:59,19-24,"5'7"" to 5'11""",125-174,High school / GED,"Student, not working",$20k-$50k,Australia,White,Male,Straight,Cisgender,Atheist / Agnostic,Centrist,Single,,,"Dog, chickens ",A few times a year,"Bong, Blunt, Edible",No,No,No,No,No,No,No,No,No,No,No,No,No,No,Learners permit,Never,"Yes, I have VR",No,No,Yes,No,No,1,Weed Son,No,Twitch Sidebar / Dashboard,No,No,Dont care,Desktop,A few times a month,Lurker,No,No,No,Youtube recommended / clip compilation,Less than one,None most days,A healthy mix of both,4,3,4,4,3,4,5,3,2,4,2,3,3,3,2,4,3,4,5,5,4,3,1,2,2,2018,I dont care,I don't care,Poke music / Pokelawls twitch,the whole vibe is good everything going on is good ,anything is good i just like the vibe it works ,nope just chillin is all ,dont have one not a big stream watcher ,i dont know ,kai cenat ,dont have one ,happy wars ,a street cat named bob,dont have one ,dont have one ,crispy m&m,
3/25/2025 7:21:11,25-32,"5'7"" to 5'11""",275-324,Some highschool,Unemployed,Less than $20k,North America,Native / Indigenous,Male,Straight,Cisgender,Other,Apolitical,Single,New York (NY),,Dog,Always,Bong,No,Yes,No,No,No,No,No,No,No,No,No,No,No,No,Yes,A few times a year,No VR,No,No,No,No,No,1,Weed Son,Normal sub,Discord notications,No,Yes,Yes,Desktop,Every stream,Lurker,No,"Yes, but not active",No,Mentioned by another streamer,7-8,2-3,A healthy mix of both,4,4,3,3,2,4,3,3,3,5,2,2,3,3,1,5,3,3,3,3,3,4,1,1,2,2020,No,I don't care,I don't care,when he is live ,any that makes him go live ,no ,summit1g ,,,,,,,,,
3/25/2025 7:21:34,19-24,"5'7"" to 5'11""",175-224,Some college,Unemployed,$100k+,North America,White,Male,Straight,Cisgender,Christian,Liberal,Single,Florida (FL),,Dog,Never tried it,,No,Yes,No,No,No,No,No,No,No,No,No,No,No,No,Yes,A few times a year,No VR,No,No,No,No,No,1,Weed Son,No,Twitch Sidebar / Dashboard,No,Yes,Yes,Laptop,A few times a week,Lurker,No,No,No,Mentioned by another streamer,5-6,1,A healthy mix of both,4,4,4,3,4,3,5,5,3,2,3,4,4,3,3,3,4,5,5,4,5,5,2,2,2,2024,I dont care,I don't care,I don't care,,,,,,,,,,,,,
3/25/2025 7:22:51,25-32,"6' to 6'3""",125-174,Bachelor's,Full time,$50k-$100k,Africa,Middle Eastern,Male,Straight,Cisgender,Atheist / Agnostic,Liberal,Dating,,Netherlands,No pets,A few times a year,Edible,Yes,No,Yes,No,Yes,Yes,No,No,No,No,Yes,No,Yes,No,Yes,A few times a month,No VR,No,No,No,No,No,2,League Daughter,No,Twitch Sidebar / Dashboard,Yes,Yes,Yes,Desktop,A few times a week,Seldom chatter,,"Yes, but not active",No,Streamer collab,Less than one,2-3,A healthy mix of both,5,5,5,3,4,2,4,1,5,3,1,5,3,1,1,5,1,1,5,5,4,4,1,1,3,2018,Yes,Keep the lawls,Poke music / Pokelawls twitch,chill vibe 95% of the time,vr chat and rp and stuff with gigi,breakcore idk lol,He who must not be named. but other than than i mostly just watch poke and the bi yearly gigi stream,idk,non of the otk/LA people. new people in general are preferred. normies normal humans idk,hatBlush ,mario 64,,,,SHAWRMA ,Bringing up political questions and debating whether to include these discussions in future streams is a vibe killer. Most viewers are here to relax and enjoy the chill vibes no one’s trying to hear bout allat in poke's chat of all places
3/25/2025 7:22:58,33-39,"5'3"" to 5'6""",175-224,Some college,Unemployed,Less than $20k,Asia,Asian / Pacific Islander,Male,Asexual / Demisexual,Cisgender,Atheist / Agnostic,Socialist,Single,,,Cat,Tried and quit,"Bong, Joint",Yes,No,No,No,No,No,No,No,No,No,No,No,No,No,Yes,A few times a year,No VR,No,No,No,No,No,4,Weed Son,No,Mobile Notifications,No,Yes,Yes,Desktop,A few times a month,Seldom chatter,No,No,No,Music,3-4,2-3,A healthy mix of both,5,4,3,5,5,4,5,3,5,3,3,4,5,5,1,1,1,3,3,4,1,1,1,1,3,2020,I dont care,I don't care,I don't care,creativity and humor,"more youtube uploads about music, gaming, community content etc.",Jazz,Squeex & NL,Classic pc games below 2010,small streamers like Gigi,CAUGHT,Dota,Elephant man currently,"Mac Miller, MF Doom, Tyler the creator",Circles,Indomie Goreng / Fried rice,
3/25/2025 7:23:17,25-32,"6' to 6'3""",125-174,,,,,,,,,,,,,,No pets,A few times a day,"Blunt, Joint",No,Yes,No,No,Yes,No,No,No,No,No,No,No,No,No,Yes,A few times a week,No VR,No,No,No,No,No,1,Weed Son,Prime subbed,Twitch Sidebar / Dashboard,No,Yes,Yes,"Desktop, Mobile",Every stream,Lurker,No,No,No,Twitch game categories,3-4,2-3,A healthy mix of both,4,3,1,4,4,3,4,2,4,5,1,4,5,5,2,5,4,4,4,3,5,4,1,4,1,2020,Yes,Keep the lawls,Pokelawls music / Pokelawls twitch,Funny guy!,"Nothing in particular. I watch Poke streams for his personality, content doesn't matter. Unless it's league, fuck league :)",I think some Playboi Carti-esque type songs could be fun!,Squeex,Counter Strike,Simply,"I lurk I don't emote, but if I did it'd be yoge",M.A.G. (on ps3),Ghost Dog: The Way of the Samurai ,"Lil yachty, Westside Gunn",Let's Start Here. - Lil Yachty,Anything with Potatoes,no :)
3/25/2025 7:26:05,25-32,"5'7"" to 5'11""",175-224,High school / GED,Other,Less than $20k,North America,Hispanic / Latino,Male,Straight,Cisgender,Christian,Liberal,Single,Rhode Island (RI),,No pets,Tried and quit,Vape,No,No,Yes,No,No,No,No,No,No,No,Yes,No,No,No,No,Never,No VR,No,No,No,No,No,2,Weed Son,No,"Twitch Sidebar / Dashboard, Mobile Notifications",Yes,Yes,Yes,"Laptop, TV app",Every stream,Lurker,No,"Yes, but not active",No,Twitch recommended,11+,7+,A healthy mix of both,4,4,1,1,1,3,4,4,1,3,3,3,3,1,1,1,4,4,4,1,1,5,1,3,1,2017,I dont care,Keep the lawls,Pokelawls music / Pokelawls twitch,Online trolling or coop games with his friends ,Actual music production ,penis music,Liam,Postal 2,Lacari,LO,Mickeys Speedway USA (N64),Disturbia,"Devin Morrison , George Clantonj , Sam Gellaitry,  Lazer Dim 700, Playboi Carti , UNIT KAI",Phosphene by Sam Gellaitry,Chicken Burritos,
3/25/2025 7:28:15,19-24,"6' to 6'3""",225-274,High school / GED,Full time,$20k-$50k,North America,White,Male,Straight,,Christian,Conservative,Single,South Carolina (SC),,Dog,Never tried it,,No,No,No,No,No,No,No,No,No,No,No,No,No,No,Yes,Never,No VR,No,No,No,No,No,2,League Daughter,No,Twitch Sidebar / Dashboard,No,No,Yes,Mobile,A few times a month,Seldom chatter,No,No,No,Youtube recommended / clip compilation,3-4,2-3,A healthy mix of both,4,4,2,1,3,5,3,1,3,2,4,3,3,2,1,2,3,2,4,3,2,4,1,1,1,2019,Yes,Keep the lawls,Poke music / Poke twitch,Variety gaming ,Idfc,Rap/hip hop ,Caseoh,Repo,Xqc ,N/A,Minecraft ,1917,Tyler the creator ,IGOR,Idk,
3/25/2025 7:29:00,25-32,"6' to 6'3""",175-224,Bachelor's,Full time,$50k-$100k,Europe,White,Male,Straight,Cisgender,Islam,Apolitical,Married,,Other,No pets,Tried and quit,,No,Yes,No,No,No,No,No,No,No,No,No,No,No,No,Yes,A few times a year,No VR,No,No,No,No,Yes,3,League Daughter,No,Twitch Sidebar / Dashboard,No,No,Dont care,Laptop,A few times a week,Lurker,No,No,No,Twitch recommended,5-6,4-6,"Spontaneous, unpredictable content",3,5,2,3,3,2,4,4,4,4,1,2,2,1,1,4,3,4,4,4,4,5,1,1,1,2021,Yes,Keep the lawls,Poke music / Pokelawls twitch,"unexpected moments, I love Poke cringe moments.","More games, other than LoL, wow.",No more mumble rap please.,Poke,VR,IDK,IDK,CS,idk,idk,idk,kebab,"I love to see Poke playing games like long drive, or the coin game. kinda cheap, good vibes easily."
3/25/2025 7:34:44,25-32,"5'3"" to 5'6""",125-174,High school / GED,Part time,Less than $20k,North America,Hispanic / Latino,Male,Straight,,Other,,Single,"Caribbean Countries and Territories (Bahamas, Cuba, Jamaica, etc.)",,Cat,Tried and quit,Edible,No,Yes,No,No,No,No,No,No,No,No,Yes,No,No,No,Learners permit,A few times a month,No VR,No,No,No,No,No,2,Weed Son,No,Twitch Sidebar / Dashboard,Yes,Yes,Dont care,"Desktop, Gaming console",A few times a week,Seldom chatter,No,No,No,Youtube recommended / clip compilation,5-6,2-3,A healthy mix of both,4,4,3,3,4,5,5,,3,4,3,4,5,5,2,4,5,4,5,4,4,4,1,3,1,2018,Yes,Change the name,Poke music / Poke twitch,"Chill, Cozy, High, Funny vibes with sometimes games and sometimes just chatting/music","Less reaction, more unique content, or just gaming/music content, maybe IRL content.",Phonk? Collabs with more artists could be interesting,Summit1G and Roflgator,Digimon not Pokemon,"Music Artists: Rav, Cliffe, Ifrit",Bread,Monster Hunter,Spiderverse,"Gonna mention least common ones: Rav, Cliffe, Ifrit, Dazegxd, Kaiyko, XO1, and Exociety",Movie Music,Spicy food,
3/25/2025 7:35:18,33-39,"5'3"" to 5'6""",125-174,Some highschool,Unemployed,Less than $20k,North America,Hispanic / Latino,Male,Straight,Cisgender,Atheist / Agnostic,Liberal,Single,California (CA),,No pets,Never tried it,Edible,No,Yes,No,No,No,No,No,No,No,No,No,No,No,No,Yes,A few times a month,"Yes, I have VR. Poke contributed",No,No,No,No,Yes,2,Weed Son,Gifted sub,Twitch Sidebar / Dashboard,No,Yes,Yes,"Desktop, Laptop, TV app",Every stream,Seldom chatter,No,No,No,Youtube recommended / clip compilation,5-6,4-6,A healthy mix of both,4,4,2,4,4,4,5,5,5,5,2,3,3,2,1,4,2,4,4,3,5,3,2,3,1,2018,Yes,Keep the lawls,Poke music / Pokelawls twitch,pokes humor and interaction with chat,more story games personally ,fine with what ever really ,"used to like roflgator and crumpet years ago, lately liking jerma and chibidoki and a bit of caseoh",maybe death stranding 2 ,"always love when he plays with jerma, but would also like to see him with roflgator again in vrc or hang out irl with cyr ",god love most peepo emotes but def peepohappy ,dragon age origins ,thats so hard but if i have to pick just one then Indiana Jones and the last crusade  ,grew up with 80s music but lately been listening to Mr Kitty,bad at remembering them but i do love And justice for all by Metallica ,smash burgers ,p good so far 
3/25/2025 7:35:56,19-24,"6'4""+",175-224,Some highschool,Unemployed,Less than $20k,Europe,White,Male,Straight,,Other,,Single,,Denmark,Cat,Never tried it,,Yes,No,No,No,Yes,Yes,No,No,No,No,Yes,No,No,Yes,No,Never,"Yes, I have VR. Poke contributed",No,No,Balding,No,No,2,Weed Son,No,Twitch Sidebar / Dashboard,No,Yes,Yes,"Desktop, Mobile",A few times a week,Lurker,No,"Yes, but not active",No,Twitch recommended,7-8,2-3,A healthy mix of both,5,2,3,2,4,3,5,5,3,3,5,1,3,3,1,1,1,5,5,5,5,5,1,5,3,2018,I dont care,Keep the lawls,Pokelawls music / Pokelawls twitch,"I really loved the chat before the first gta rp ever, was always super funny and different from others chat, other than that, random games like long drive (for example the stream of long drive before poke and gigi went to a halloween party) or trolling in roblox, vrchat etc, really wish he was more patient with shitty lidl games.

bring back the viewer calls, i really loved those.

I like both the super sludge chill streams and the funny streams, but god damn we have not had any funny effort full stream in a gawd damn while, lock tf in poke, or not you do you","shit games, I love watching point and click games but theres no way this adhd andy can play those, really love community events or community game servers",poke please make a indie emo song,Poke,Endacopia when that releases one day,"literally anyone that would be fun to have on stream, doesnt have to be a streamer ","Buggin, and the funny small alien cat","i've played too many games to pick out one, nier automata hit like no other tho, prob just cuz time and place",yo robot,"alvvays, swmrs, sewerslvt, femtanyl","OK Compuer, WaterBreak closely followed by",Sata andagi :D,give us a ideas/suggestions field
3/25/2025 7:36:24,25-32,"6' to 6'3""",175-224,Bachelor's,"Student, not working",Less than $20k,Australia,White,Non Binary,Bisexual / Pansexual,Transgender,Atheist / Agnostic,Socialist,Dating,,,Cat,Tried and quit,"Bong, Pipe, Edible",Yes,Yes,Yes,No,Yes,No,No,No,No,No,No,No,No,No,Yes,A few times a month,No VR,No,No,Balding,No,Yes,1,League Daughter,No,Twitch Sidebar / Dashboard,No,Yes,Yes,"Desktop, Laptop, Mobile",A few times a week,Seldom chatter,No,No,No,Mentioned by another streamer,3-4,2-3,"Spontaneous, unpredictable content",4,2,2,4,3,2,2,2,2,2,2,3,4,2,2,2,4,3,3,2,2,2,1,1,3,2019,I dont care,I don't care,I don't care,I genuinely believe poke is talented. I like watching his competitive gameplay and music production.,"I'm happy if he happy. I like LoL with gigi (sorry chat) and music, as well as random games.","I am not as good at music as poke so I don't know, but I still listen to gass and petrified on soundcloud, sampled machinegirl I think",dizzy,A competitive game he likes,I don't know,catDespair,Total War: Warhammer 3,Revenge of the Sith,I don't know,I don't know,Any vegetable curry,n/a
3/25/2025 7:37:07,40+,"6' to 6'3""",175-224,Bachelor's,Self employed / 1099,Less than $20k,North America,White,Non Binary,Bisexual / Pansexual,Cisgender,Atheist / Agnostic,Socialist,Single,Montana (MT),,Cat,Always,"Bong, Dabbing, Pipe, One Hitter, Vape",Yes,Yes,Yes,Yes,No,No,No,No,No,No,No,No,No,No,Yes,A few times a year,"Yes, I have VR",No,No,No,Veteran,Yes,2,Weed Son,No,"Twitch Sidebar / Dashboard, Chatterino / Offline chatting",Yes,Yes,Yes,Desktop,A few times a month,Lurker,No,No,No,Twitch recommended,11+,4-6,Planned events with set schedules,5,5,3,2,4,2,5,5,1,1,5,5,2,2,1,5,5,5,5,4,2,2,5,5,1,2017,I dont care,I don't care,I don't care,,,,,,,,,,,,,
3/25/2025 7:37:36,19-24,"5'7"" to 5'11""",125-174,Bachelor's,"Student, not working",Less than $20k,Europe,White,Non Binary,Bisexual / Pansexual,,Christian,Liberal,Single,,Ireland,Dog,Never tried it,,Yes,No,No,No,Yes,No,No,No,No,No,No,No,No,No,No,A few times a year,No VR,"Yes, Poke was a reason","Yes, Poke was a reason",Balding,No,No,4,League Daughter,No,"Twitch Sidebar / Dashboard, Mobile Notifications",No,Yes,No,"Desktop, Mobile",A few times a month,Lurker,No,No,No,Mentioned by another streamer,7-8,4-6,"Spontaneous, unpredictable content",4,3,4,1,2,2,2,1,3,2,1,2,2,2,1,1,2,2,2,3,2,2,1,2,1,2019,I dont care,Keep the lawls,Poke music / Pokelawls twitch,just doing stupid shit,,Drill,,,,BuhFlipExplode,Skyrim,Fight Club,Talking Heads,,,
3/25/2025 7:37:41,25-32,"5'3"" to 5'6""",125-174,Some highschool,Self employed / 1099,$50k-$100k,North America,White,Male,Straight,,Atheist / Agnostic,,Single,Pennsylvania (PA),,"Dog, Cat",Always,"Bong, Blunt, Dabbing, Pipe, Joint",Yes,No,Yes,Yes,No,No,Yes,Yes,No,No,Yes,No,No,No,Yes,A few times a month,"Yes, I have VR. Poke contributed",No,No,No,No,No,1,Weed Son,Prime subbed,"Mobile Notifications, Discord notications",Yes,Yes,Yes,"Desktop, Mobile, Tablet, TV app, Gaming console",Every stream,Active chatter,No,"Yes, but not active",No,Twitch recommended,3-4,None most days,A healthy mix of both,4,3,3,4,3,3,4,2,3,4,2,3,4,3,1,3,2,3,3,4,4,2,2,2,1,2019,No,Keep the lawls,I don't care,"The spontaneousness, the humor is naturally funny as fuck, the passion my streamer has for his viewers. His live stream is more interesting than most new age produced tv / movies half the time",Nothing specific except less wOMEGALULw,I get inspired either way. I like watching someone else with where they are in their own headspace come up with that kind of art. I never tried making music until I saw poke do it. Me and my nephew have put out a couple dumb ass songs ,Genuinely no one atm,Idk I get games from stream so keep POKING and being a pioneer for us all,Idk everyone kinda lame and on their own agenda and im uncultured ,Duckass,Too fried to think that rn,Star wars,"Arctic monkeys, suicideboys, gang starr, ",Man I really have no depth or character I need to stop smoking why are these questions so hard,"Shrimp, steak, asparagus, potatoes",This is sick so far
3/25/2025 7:43:23,25-32,"6'4""+",275-324,Some college,Part time,$50k-$100k,North America,White,Male,Straight,Cisgender,Other,Liberal,Dating,New Hampshire (NH),,No pets,A few times a day,Dabbing,No,Yes,No,No,No,No,No,No,No,No,No,No,No,No,Yes,A few times a month,"Yes, I have VR",No,No,No,No,No,1,Weed Son,Prime subbed,Mobile Notifications,No,No,Yes,"Desktop, Mobile",Every stream,Lurker,No,No,No,Host / Raid,3-4,2-3,A healthy mix of both,3,3,3,3,3,3,3,3,3,3,3,3,3,3,3,3,3,3,3,3,3,3,3,3,3,2020,No,Keep the lawls,Poke music / Pokelawls twitch,Probably whenever Poke plays something he is excited about ,Whatever he wants to do!,Lofi punk,Sodapoppin,Whatever he wants maybe dune awakening?,NMP,OMEGALUL,Ghost of Tsushima ,Toy story,I dont have favorites,I dont have favorites,Pizza,Keep doing what you are doing!
3/25/2025 7:45:04,19-24,"5'7"" to 5'11""",125-174,High school / GED,"Student, not working",Less than $20k,Europe,White,Male,Straight,Cisgender,Atheist / Agnostic,Apolitical,Single,,Poland,Cat,Never tried it,,Yes,No,No,No,No,No,No,No,No,No,No,No,No,No,No,A few times a year,No VR,No,No,No,No,Yes,2,Weed Son,Gifted sub,Chatterino / Offline chatting,Yes,Yes,Dont care,"Desktop, Mobile",A few times a week,Seldom chatter,Yes,No,No,Youtube recommended / clip compilation,11+,2-3,A healthy mix of both,5,2,4,1,2,1,5,3,3,2,1,4,1,4,1,5,4,5,5,1,2,4,1,1,2,2022,I dont care,Keep the lawls,Pokelawls music / Pokelawls twitch,Chill games to listen to in the background,coop games,,elis,,,elisBlob,Path of Exile,Cars 2,Death Grips,Exmilitary,Carbonara,
3/25/2025 7:45:05,25-32,"5'7"" to 5'11""",125-174,Some college,Unemployed,Less than $20k,North America,White,Male,Straight,Cisgender,Atheist / Agnostic,Liberal,Single,Massachusetts (MA),,Cat,A few times a year,Pipe,Yes,No,No,No,No,No,No,No,No,No,No,No,No,No,Yes,Never,No VR,No,No,No,No,Yes,1,Weed Son,No,Twitch Sidebar / Dashboard,No,Yes,No,"Desktop, Mobile",A few times a week,Seldom chatter,No,No,No,Twitch recommended,5-6,4-6,A healthy mix of both,4,2,2,2,2,3,3,2,3,2,2,4,4,3,2,4,4,4,4,3,3,3,1,2,2,2019,I dont care,I don't care,I don't care,He Funny and chill,Funny good content,Hip hop best but any is fine,Summit probably,Dark and Darker wipe with femboys,Dizzeh and Jerma,,Black Ops 2,8 Mile,Juice Wrld,Twilight Zone EP - Juice Wrld,Chicken Gnocchi Soup,Idk maybe place to submit favorite poke clip
3/25/2025 7:47:34,19-24,"6' to 6'3""",325+,High school / GED,Unemployed,Less than $20k,North America,Multiethnic,,Questioning,Cisgender,Christian,Socialist,Single,Ohio (OH),,"Dog, Cat, Fish, Lizard / Reptile / Dragon",A few times a day,Dabbing,No,Yes,No,No,No,No,No,No,No,No,Yes,No,No,No,Yes,Never,"Yes, I have VR",No,No,No,No,No,1,Weed Son,No,"Twitch Sidebar / Dashboard, Mobile Notifications",No,Yes,Yes,Desktop,A few times a week,Lurker,No,No,No,Youtube recommended / clip compilation,11+,4-6,A healthy mix of both,5,2,4,1,3,3,2,2,2,2,2,3,3,2,1,5,2,4,4,4,2,4,1,1,1,2021,I dont care,I don't care,I don't care,the chillness and the vibe. i also miss bogg dann.,bogg dann gta rp,not specifically,Jerma985,"idk, Sims would be cool but i think poke would get bored","more Jerma985, but also EsfandTV",any of the monka emotes probably,probably Skyrim,"Star Trek movies or Stargate movies, hard to choose one","The Monotones, an old group from the mid 1900s",hard to pick just one,asian noodles,
3/25/2025 7:48:40,19-24,"5'7"" to 5'11""",175-224,Bachelor's,Unemployed,,Europe,Multiethnic,Male,Straight,Cisgender,Islam,Socialist,Single,,United Kingdom,Cat,Once a day,"Blunt, Joint, Spliff, Vape, Edible",Yes,No,No,No,No,No,No,No,No,No,No,No,No,No,Yes,A few times a month,"Yes, I have VR. Poke contributed",No,No,No,No,Yes,3,Weed Son,Prime subbed,"Mobile Notifications, Discord notications",No,Yes,Yes,"Desktop, Laptop, Mobile, Tablet",Every stream,Seldom chatter,No,"Yes, but not active",No,Youtube recommended / clip compilation,3-4,1,A healthy mix of both,4,4,4,3,3,2,5,3,1,3,2,1,2,1,1,4,1,4,4,4,4,5,4,4,3,2020,Yes,I don't care,I don't care,Chill streams and chat is nice community till the refugees storm in.,"variety, cool story games or co op with friends, horror games are super fun to watch. Cant stand long hours of repetitive pvp games or nonstop wow streams or any game streamed nonstop. Play new games that come out and actually fucking finish them.  ","Music content is pokes niche, shouldnt take a big part of the stream imo. Doesnt really matter what he does during his music segments since its his music unless he wants to take ideas from chat like dumbass lyrics or having chat link beats from youtube. ","Moistcritical, Jerma, Hasan","Pokemon games, switch games, Fun cozy games like zelda or any story game in general. Chat is so nice during story games and the vibes are super chill for those like me that want to chill and watch poke high.",Anyone that makes him branch out from shit like pvp/comp.,Aware,God of war 2 (ps2) ,Scary Movie 2 ,"Smiths, Avenged Sevenfold, A Boogie",Artist by A Boogie with da hoodie ,Bamia (okra) with chicken Kreygasm ,Poke should know best 
3/25/2025 7:52:22,33-39,"5'7"" to 5'11""",125-174,Some college,Full time,$20k-$50k,North America,White,Male,Straight,Cisgender,Atheist / Agnostic,Socialist,Dating,California (CA),,Cat,A few times a week,"Bong, Pipe, Joint, Vape, Edible",Yes,Yes,No,No,No,No,No,No,No,No,No,No,No,No,Yes,A few times a week,No VR,No,No,No,No,Yes,1,Weed Son,No,Twitch Sidebar / Dashboard,No,No,Dont care,"Desktop, Mobile",A few times a week,Seldom chatter,No,No,No,Youtube recommended / clip compilation,1-2,2-3,A healthy mix of both,3,3,1,1,2,3,4,4,1,1,4,4,2,2,3,4,3,3,3,2,2,4,1,1,2,2019,I dont care,I don't care,I don't care,Lawls,Games with dizzy,Polkalawls,Dizzy,Resident Evil,Ahmpy,,Classic Wow,The Shining,"Mob Deep, Big L, A tribe called quest, Cannibal Ox",The Infamous by Mob Deep,Sushi,"Ask if we like settings guy, I like settings guy "
3/25/2025 8:05:13,19-24,"5'7"" to 5'11""",175-224,Some college,Unemployed,Less than $20k,Europe,Other,Male,Straight,Cisgender,Christian,Apolitical,Single,,Poland,No pets,A few times a day,Vape,Yes,Yes,Yes,No,No,No,Yes,Yes,No,No,No,No,No,No,Yes,A few times a year,No VR,No,No,Balding,No,No,3,Weed Son,Prime subbed,Twitch Sidebar / Dashboard,No,Yes,Dont care,"Desktop, Laptop",A few times a week,Active chatter,No,"Yes, but not active","Yes, and I'm active there",Streamer collab,3-4,2-3,A healthy mix of both,5,4,5,5,5,5,5,5,5,5,4,5,5,3,1,5,3,5,5,5,5,1,1,5,3,2019,I dont care,Keep the lawls,Poke music / Pokelawls twitch,Omegaluls,music,not rly just do what you do,right now either ohnepixel or vinny,Gothic Series ,nick mira,right now LO,"either CS:S or CS:GO, minecraft and terraria are high too",Shawshank Redemption,changes all the time,Lucki - Freewave 3,Red Borscht with Dumplings (bis),more life questions or streamer suggestions (latter probably more wanted by community)
3/25/2025 8:05:43,19-24,"5'7"" to 5'11""",175-224,Some highschool,Unemployed,Less than $20k,Europe,White,Male,Straight,Cisgender,Other,Centrist,Single,,United Kingdom,Dog,Tried and quit,Joint,Yes,Yes,No,No,No,No,No,No,No,No,No,No,No,No,No,A few times a month,"Yes, I have VR. Poke contributed",No,No,No,No,Yes,1,Weed Son,Prime subbed,"Twitch Sidebar / Dashboard, Discord notications, Chatterino / Offline chatting",No,Yes,Dont care,Desktop,Every stream,Seldom chatter,No,"Yes, but not active",No,"Word of mouth, from a friend",11+,4-6,A healthy mix of both,3,5,4,5,4,2,4,5,2,3,5,4,4,4,3,1,3,4,4,5,4,5,1,1,2,2017,Yes,I don't care,Poke music / Pokelawls twitch,"humour, vibes and bumpers",Old games and playthroughs,"The club stuff is good, other areas of electronic could be cool",Vinesauce,any horror or retro ,slwalekop,,World of Warcraft,Bladerunner,Electric Light Orchestra,Time,,"A couple questions are a bit vague, maybe more questions about phases/eras and how/why people chat idk. also a most disliked emote."
3/25/2025 8:08:27,25-32,"5'3"" to 5'6""",175-224,Some college,Full time,$20k-$50k,Europe,White,Male,Straight,Cisgender,Atheist / Agnostic,Centrist,Single,,Spain,No pets,Never tried it,,Yes,Yes,No,No,No,No,No,No,No,No,No,No,No,No,Yes,A few times a month,No VR,No,No,No,No,No,2,League Daughter,No,Twitch Sidebar / Dashboard,No,Yes,Yes,Desktop,A few times a week,Lurker,No,"Yes, but not active",No,Streamer collab,9-10,2-3,A healthy mix of both,3,4,3,4,4,4,4,3,5,4,2,3,2,2,4,4,2,4,4,2,3,2,1,1,3,2020,Yes,Change the name,I don't care,,,,,,,,,,,,,
3/25/2025 8:09:01,25-32,"5'7"" to 5'11""",125-174,Bachelor's,Full time,$100k+,North America,White,Male,Straight,Cisgender,Atheist / Agnostic,Apolitical,Single,Massachusetts (MA),,No pets,A few times a day,Dabbing,No,Yes,No,No,Yes,No,No,No,No,No,No,Yes,No,Yes,Yes,A few times a week,No VR,No,No,No,No,No,1,Weed Son,Normal sub,Twitch Sidebar / Dashboard,No,Yes,Yes,Desktop,A few times a week,Active chatter,No,No,No,Twitch recommended,1-2,2-3,"Spontaneous, unpredictable content",3,3,3,3,3,3,4,3,1,1,1,1,3,1,4,1,3,3,3,4,4,4,1,1,1,2016 or earlier,I dont care,Change the name,Poke music / Poke twitch,Poke is authentic,more jerma,shit that bops,Dizzy ,wow xdd,Jerma,LULW,Wow,gladiator,Tool,10000 days,mexican,
3/25/2025 8:12:36,19-24,"6' to 6'3""",175-224,Bachelor's,Full time,$20k-$50k,Asia,Asian / Pacific Islander,Male,Straight,Cisgender,Islam,Centrist,Single,,,Cat,Tried and quit,"Joint, Vape, Edible",No,No,No,No,No,No,No,No,No,No,Yes,No,No,No,Yes,A few times a year,No VR,No,No,No,No,No,3,Weed Son,No,"Twitch Sidebar / Dashboard, Mobile Notifications",Yes,Yes,Yes,"Desktop, Laptop, Mobile",A few times a week,Lurker,No,No,No,Youtube recommended / clip compilation,3-4,2-3,A healthy mix of both,4,4,5,3,4,2,4,2,5,5,4,5,5,5,1,3,4,5,5,5,3,5,1,4,1,2017,I dont care,I don't care,Poke music / Pokelawls twitch,"co-op games, music productions, album reviews, sponsored streams with tts from chat",same content elevated levels,"no, just whatever comes to his mind",zoil,new scuffed cheap or free games,smoking weed with kim jong un,omE,i dont have one,i dont have one,i dont have one,i dont have one,i dont eat,no
3/25/2025 8:15:34,19-24,"6' to 6'3""",125-174,Some college,Unemployed,Less than $20k,Europe,White,Male,Gay / Lesbian,Cisgender,Atheist / Agnostic,Socialist,Dating,,United Kingdom,"Cat, Fish, Spider, Snake, Lizard / Reptile / Dragon",Never tried it,,Yes,Yes,No,No,No,No,No,No,No,No,No,No,No,No,No,Never,"Yes, I have VR",No,No,No,No,No,1,League Daughter,No,Twitch Sidebar / Dashboard,No,Yes,Yes,"Desktop, Mobile",Every stream,Lurker,No,No,No,Youtube recommended / clip compilation,9-10,4-6,"Spontaneous, unpredictable content",2,1,5,3,2,4,1,3,2,3,4,5,5,5,3,5,2,2,2,2,1,1,5,5,3,2019,Yes,Keep the lawls,I don't care,"just listening and watching him have fun, interacting with chat adn gigi",more him and gigi content. moree! they are funny,try singing more rather than just trying to rap with random words.,sodapoppin,more issac,39daph and poke,emotes are not my thing. but probally blah,path of exile,avatar the last air bender,doja cat,anything doja,sea weed,add a 'on benefits' option with the income. for the non employed and finding a job homies
3/25/2025 8:17:05,19-24,"5'7"" to 5'11""",125-174,High school / GED,Full time,$20k-$50k,North America,White,Male,Straight,Cisgender,Christian,Liberal,Single,Georgia (GA),,Dog,Tried and quit,,Yes,Yes,No,No,No,No,No,No,No,No,No,No,No,No,Yes,A few times a year,"Yes, I have VR. Poke contributed",No,No,No,No,No,1,Weed Son,No,"Twitch Sidebar / Dashboard, Mobile Notifications",No,Yes,Yes,"Desktop, Mobile",Every stream,Seldom chatter,No,No,No,Twitch game categories,3-4,2-3,A healthy mix of both,4,5,3,3,3,2,5,2,5,5,1,3,2,4,1,4,1,2,3,5,2,5,1,1,1,2020,I dont care,Keep the lawls,Poke music / Pokelawls twitch,"The vibe, atmosphere. So chill, love late night streams best. Just chatting. Watching videos. Gigi collabs","Minecraft hardcore, horror games",WalterVibe,Caseoh,more Repo,More cyr,poropls,Halo Reach,Interstellar,Roy Blair ,Chasing Moving Trains,Pizza,Ok
3/25/2025 8:20:13,25-32,"5'7"" to 5'11""",175-224,Some highschool,Full time,$20k-$50k,North America,Hispanic / Latino,Male,Straight,Cisgender,Christian,Liberal,Single,California (CA),,Dog,A few times a month,Vape,No,No,No,No,No,No,No,No,No,No,No,No,No,No,Yes,A few times a month,No VR,No,No,No,No,Yes,2,Weed Son,No,"Twitch Sidebar / Dashboard, Mobile Notifications",No,Yes,Yes,Mobile,A few times a month,Lurker,No,No,No,Streamer collab,5-6,2-3,A healthy mix of both,5,4,5,3,3,3,5,3,3,3,3,3,3,3,2,4,3,3,3,3,3,3,3,3,2,2019,I dont care,I don't care,I don't care,Reacting,,,Erobb221 ,,Zoil,,,,,,,
3/25/2025 8:24:18,25-32,"5'7"" to 5'11""",225-274,High school / GED,Unemployed,Less than $20k,North America,White,Male,Bisexual / Pansexual,Cisgender,Atheist / Agnostic,Liberal,Single,Massachusetts (MA),,Cat,Never tried it,,Yes,Yes,Yes,No,No,No,No,No,No,No,No,No,No,No,No,A few times a year,"Yes, I have VR. Poke contributed",No,No,No,No,No,1,Weed Son,No,Twitch Sidebar / Dashboard,No,Yes,Yes,Desktop,Every stream,Lurker,No,No,No,Twitch game categories,11+,7+,A healthy mix of both,4,5,4,3,3,4,5,3,4,3,2,2,5,2,2,3,2,4,5,3,3,2,1,1,2,2017,I dont care,Keep the lawls,Poke music / Pokelawls twitch,"There's a lot but I would mostly say his streams with people, making music, and reaction content, and his comedy always make me laugh :)",Just more streams with friends playing co-op games and music streams,I am into all genres except country so I don't really mind what genre,Moonmoon and Sodapoppin,Any new game that would spark funny content honestly,He has already collaborated with the people id want to see so anyone new (or old) who is funny that pops up,It is always changing but i am a gachi man,Terraria or Stardew Valley ,dont watch alot of movies but monty python and the holy grail just cause of nostalgia watching it with my family and friends (still think its funny),"Lamp, _skott.y, Himiko Kikuchi, haunt, Camellia, there is more but it would take to long",I would say Flying Beagle by Himiko Kikuchi Cause I haven't listened to a full album as much as this one (ignoring lamp my favorite band of all time),Ramen ,
3/25/2025 8:26:57,25-32,"5'7"" to 5'11""",125-174,Some college,Full time,$20k-$50k,North America,White,Non Binary,Bisexual / Pansexual,Cisgender,Other,Liberal,Single,Virginia (VA),,Dog,A few times a day,Bong,Yes,No,No,No,Yes,No,No,No,No,No,Yes,No,No,No,Yes,A few times a month,No VR,No,Yes,Balding,No,No,2,Weed Son,No,"Twitch Sidebar / Dashboard, Mobile Notifications",No,Yes,Yes,"Desktop, Mobile, TV app",A few times a week,Seldom chatter,No,No,No,Streamer collab,5-6,4-6,A healthy mix of both,4,5,4,3,4,3,3,3,4,3,3,4,4,4,1,3,3,3,3,4,4,3,1,3,1,2022,I dont care,Change the name,Poke music / Poke twitch,"When the anxiety and depression ain’t bugging my man’s, when my man’s ain’t stressin bout the content","Some IRL tomfoolery, a lil more community stuff (like 4/20 last year was hilarious) , and chill computer stuff - bro when you yourself are able to enjoy the small things, you’re on top of the world ","4/20 raps, shit you’d hear outta corny movie when they smoking weed","xQc or NymN (I jus like content, idc bout no drama)","Keeping it rotating is parta your spice, but ion know, pizza tower? That game is fucking amazing",IRL with Simply,ThankEgg or OOOO,Super Mario Galaxy,The Original SpongeBob Movie,"Mannequin Pussy, Militarie Gun, Kali Uchis",Southernplayalisticadillacmuzik or Gorillaz S/T,Chicken parm,"Closer age options - I picked 25-32 because I don’t identify with the youngins, but am 24"
3/25/2025 8:27:28,33-39,"5'7"" to 5'11""",175-224,Associates / Trade,Full time,$50k-$100k,North America,White,Male,Straight,Cisgender,Christian,Apolitical,Single,Virginia (VA),,Dog,A few times a year,Bong,Yes,Yes,Yes,Yes,No,No,No,No,No,No,No,No,No,Yes,Yes,A few times a year,No VR,No,No,Yes,No,Yes,1,League Daughter,No,Discord notications,No,No,Yes,"Desktop, Laptop, Mobile, Tablet, TV app, Gaming console",A few times a week,Seldom chatter,No,No,No,Mentioned by another streamer,9-10,2-3,"Spontaneous, unpredictable content",3,3,3,3,3,3,3,3,3,3,3,3,3,3,3,3,3,3,3,3,3,3,3,3,3,2017,I dont care,Change the name,Poke music / Poke twitch,,,,,,,,,,,,,
3/25/2025 8:33:54,19-24,"5'3"" to 5'6""",125-174,Associates / Trade,"Student, not working",Less than $20k,Asia,Asian / Pacific Islander,Male,Straight,Cisgender,Buddhism,Centrist,Single,,,Dog,Never tried it,,Yes,No,No,No,No,No,No,No,No,No,No,No,No,No,No,A few times a year,No VR,No,No,No,Veteran,No,3,League Daughter,No,Twitch Sidebar / Dashboard,No,Yes,Yes,"Desktop, Mobile",A few times a week,Lurker,No,No,No,Streamer collab,7-8,2-3,A healthy mix of both,5,5,5,5,5,5,5,5,5,5,1,1,4,3,3,3,3,3,4,4,4,4,1,1,2,2018,I dont care,I don't care,I don't care,slwalekop,IRL,Learn an instrument,forsen,,jerma985,LO,Monster Hunter: World,Cars,Parannoul,Sunbather,Buldak Ramen,
3/25/2025 8:34:31,25-32,"5'3"" to 5'6""",175-224,Bachelor's,Full time,$20k-$50k,North America,Other,Female,Straight,Cisgender,Christian,Socialist,Engaged,New Hampshire (NH),,No pets,Always,Dabbing,No,No,No,No,No,No,No,No,No,No,No,No,No,No,Yes,A few times a month,No VR,No,No,No,No,No,2,Weed Son,No,Twitch Sidebar / Dashboard,No,Yes,Yes,"Desktop, Laptop, Mobile",Every stream,Seldom chatter,No,No,No,Streamer collab,7-8,4-6,A healthy mix of both,5,5,4,3,3,3,5,3,4,4,5,3,4,3,1,2,3,4,3,2,2,4,1,1,1,2021,No,Keep the lawls,Pokelawls music / Pokelawls twitch,chill personality chill chat,"variety gaming, collab with simply",subathon,Simply and AriAtHome,open world rpgs,simply,simpHEADING,minecraft ,no clue,i listen to riddim on soundcloud lmao,no clue ,mac n cheese of some sort,
3/25/2025 8:35:22,19-24,"5'7"" to 5'11""",225-274,Bachelor's,Full time,$20k-$50k,North America,Hispanic / Latino,Male,Straight,Cisgender,Atheist / Agnostic,Apolitical,Single,New York (NY),,No pets,Always,"Joint, Vape, Edible",Yes,No,No,No,No,No,No,No,No,No,No,No,No,No,Learners permit,A few times a week,"Yes, I have VR",No,No,No,No,Yes,2,Weed Son,No,Mobile Notifications,Yes,Yes,Dont care,"Desktop, Mobile, Tablet",A few times a week,Lurker,No,No,No,Streamer collab,1-2,2-3,A healthy mix of both,3,2,2,1,3,4,5,2,2,2,5,5,5,3,1,5,3,5,5,1,2,3,1,2,1,2020,No,Keep the lawls,Poke music / Pokelawls twitch,"I love the music producing and rapping(the comedic raps specifically). It can be just as funny as funny gaming moments, etc. Drinking water and watching that is peak.",Music creating and/or rapping. ,None specifically but would love more a purely comedic song every once in a while.,Budhha,Nothing comes to mind,Shiiii IDK,Super Lurker. I dont emote much,"Monsters, Inc. Scream Arena",Den of Theives goes hard,Beauty of Annihilation ,Everybody by Logic,Mac and cheese,"No feed back however, 
I noticed the uploads slowed down on the main channel.
I have no reel to present but if you are looking for an editor let me know would love to edit for you. What I do have is a BA in Film with a concentration in Film Production (not kidding). Its been completely useless to me until now I guess. 
My name is Adrian.
Shoot me an email, lets get the ball rolling on that main channel. Shall We?
adrianalexander907@gmail.com
"
3/25/2025 8:36:49,25-32,"5'7"" to 5'11""",Under 125,High school / GED,Unemployed,Less than $20k,North America,White,Non Binary,Asexual / Demisexual,Cisgender,Atheist / Agnostic,,Single,Ohio (OH),,"Cat, Turtle",Once a day,Edible,No,No,Yes,No,No,No,No,No,No,No,No,No,No,No,No,A few times a year,No VR,Yes,No,No,No,No,2,Weed Son,No,"Twitch Sidebar / Dashboard, Mobile Notifications",Yes,Yes,Yes,"Desktop, Mobile",Every stream,Seldom chatter,No,No,No,Streamer collab,7-8,2-3,A healthy mix of both,3,4,4,3,2,3,5,3,3,3,1,1,2,1,1,2,2,3,5,3,3,3,2,2,1,2021,I dont care,Keep the lawls,Poke music / Pokelawls twitch,"Chill community, most of the time quiet stream, I often fall asleep to it in a good way :)",More playing games with others. I have no friends so you gotta do it for me,What if poke tried hyperpop for the lols?,sennyk4,,,"""Smile"" emote of the cute light fur colored cat being close to the camera",Fortnite (love/hate) (fell off),,,,Shrimp alfredo,
3/25/2025 8:37:59,19-24,"6' to 6'3""",175-224,Some highschool,Unemployed,Less than $20k,Europe,White,Male,Bisexual / Pansexual,Cisgender,Atheist / Agnostic,Centrist,Single,,Germany,Dog,A few times a year,"Joint, Edible",Yes,Yes,No,No,No,Yes,No,No,No,No,No,No,No,No,No,A few times a month,No VR,No,No,No,No,No,2,Weed Son,No,"Twitch Sidebar / Dashboard, Mobile Notifications",No,No,Dont care,"Desktop, Mobile, Tablet",A few times a week,Seldom chatter,No,No,,Streamer collab,7-8,4-6,A healthy mix of both,4,4,4,3,3,3,5,1,3,5,2,2,5,4,3,2,3,5,5,4,3,5,2,4,5,2018,I dont care,I don't care,I don't care,"Poke interacting(trolling?) with random people on games and MUSIC, also games",the usual,,xQc (no beef),,,<3,"Plants vs Zombies: Garden Warfare 2, or Path of Exile",Django Unchained ?,Flume,Palaces by Flume,Fried (asian) noodles with baked chicken and peanut sauce,
3/25/2025 8:40:59,25-32,"5'7"" to 5'11""",225-274,Some college,"Student, not working",Less than $20k,North America,White,Male,Straight,Cisgender,Atheist / Agnostic,Centrist,Single,Virginia (VA),,Dog,Tried and quit,"Blunt, Pipe, Joint, Vape, Edible",Yes,Yes,No,No,No,No,No,No,No,No,No,No,No,No,Yes,A few times a month,No VR,No,No,No,No,No,1,Weed Son,No,"Twitch Sidebar / Dashboard, Mobile Notifications",No,Yes,Dont care,"Desktop, Mobile, TV app, Gaming console",A few times a week,Lurker,No,No,No,Streamer collab,3-4,2-3,"Spontaneous, unpredictable content",4,3,4,4,4,2,3,3,3,2,4,4,5,3,1,4,3,3,3,2,4,4,1,3,1,2022,I dont care,Keep the lawls,Poke music / Pokelawls twitch,I love the unseriousness of the stream. Just chaotic humor and Poke always finds the oddest yet entertaining games.,Games that are exciting to Poke.,Just watching you experiment and joke around is perfect.,TeosGame,Maybe show off favorite games you played growing up? Maybe speedrun them?,The 4 horsemen streams are always good vibes.,catPls. I hate the LOL minion meta.,Rocket League or Star Wars Battlefront 2 (2017),Inglorious Basterds,"Juice WRLD, Post Malone, Weeknd",Don't have one.,Sushi,
3/25/2025 8:41:50,25-32,"6' to 6'3""",325+,Bachelor's,Full time,$50k-$100k,North America,White,Male,Straight,Cisgender,Christian,Conservative,Dating,Michigan (MI),,No pets,Always,"Bong, Vape",Yes,Yes,Yes,Yes,Yes,No,No,No,No,No,No,Yes,Yes,No,Yes,A few times a year,"Yes, I have VR",No,No,No,No,No,2,Weed Son,No,Twitch Sidebar / Dashboard,Yes,Yes,Yes,"Desktop, Mobile, TV app",A few times a week,Lurker,No,"Yes, but not active",No,Mentioned by another streamer,5-6,4-6,A healthy mix of both,5,5,5,3,3,5,5,5,5,5,5,5,5,2,5,5,5,5,5,2,5,5,5,5,2,2019,No,Change the name,Poke music / Poke twitch,fun times,community games/events like battlebit/mmos,,XQC,,"xqc, but i understand why we cant",xqcL,windwaker,interstellar,drake,nothing was the same,pussy,
3/25/2025 8:43:08,33-39,"4'11"" to 5'2""",175-224,High school / GED,Other,$50k-$100k,North America,White,Female,Bisexual / Pansexual,Cisgender,Atheist / Agnostic,Socialist,Dating,Pennsylvania (PA),,Dog,A few times a month,Vape,No,Yes,No,No,No,No,No,No,No,No,No,No,No,No,No,A few times a month,No VR,No,No,No,No,Yes,2,Weed Son,Prime subbed,Twitch Sidebar / Dashboard,No,No,Yes,"Desktop, Mobile",Every stream,Lurker,No,No,No,Music,5-6,2-3,A healthy mix of both,5,5,5,5,5,5,5,5,5,5,5,5,5,5,5,5,5,5,5,5,5,5,5,5,5,2021,I dont care,Keep the lawls,Poke music / Pokelawls twitch,Music,More music ,Whatever Poke thinks sounds good,HasanAbi,Monster Hunter Wilds,HasanAbi,idk,Skyrim,The Rear Window,"The Weeknd, Daft Punk, Deftones",Visions by Grimes,sushi,
3/25/2025 8:45:28,25-32,"5'7"" to 5'11""",325+,Some college,Self employed / 1099,Less than $20k,North America,Multiethnic,Male,Bisexual / Pansexual,Cisgender,Christian,Socialist,Dating,Massachusetts (MA),,Cat,A few times a month,"Blunt, Vape, Edible",Yes,Yes,,,,,Yes,,,,,,,,Yes,A few times a week,No VR,No,No,No,No,No,1,League Daughter,No,"Twitch Sidebar / Dashboard, Mobile Notifications",No,Yes,Dont care,"Desktop, Mobile",A few times a week,Active chatter,No,No,No,Youtube recommended / clip compilation,5-6,2-3,A healthy mix of both,5,5,5,1,5,2,5,1,1,1,1,1,5,5,1,1,5,5,5,5,5,1,1,1,5,2020,I dont care,I don't care,I don't care,When he plays League of Legends,League of Legends,League of Legends music,Humzh,League of Legends,Humzh,LOL,League of Legends,League of Legends,League of Legends,League of Legends,League of Legends,League of Legends
3/25/2025 8:49:27,19-24,"5'7"" to 5'11""",125-174,High school / GED,Unemployed,Less than $20k,North America,Hispanic / Latino,Male,Other,Cisgender,Other,Liberal,Dating,New York (NY),,Dog,Always,"Bong, Blunt",Yes,No,No,No,No,No,No,No,No,No,No,No,No,No,Yes,A few times a month,No VR,No,No,No,No,Yes,1,Weed Son,No,"Twitch Sidebar / Dashboard, Mobile Notifications",No,Yes,Yes,"Desktop, Mobile",Every stream,Seldom chatter,No,No,No,Streamer collab,9-10,4-6,A healthy mix of both,5,3,5,4,3,3,4,4,2,3,3,3,5,5,2,2,4,4,4,3,3,4,2,3,3,2021,I dont care,Keep the lawls,Pokelawls music / Pokelawls twitch,"Personality, good content ","Gaming, squad games, just stream",Make what he wants,"Lirik, Drututt, summit1g, Shroud",KARMA: The Dark World   ,4 horsemen,widepeepoHigh,Resident Evil series,Flashpoint Paradox,"Lucki, Meat computer, MIKE, xtsy*",Watch Your Back -Lucki,pepperoni pizza,able to select multiple answers on some questions
3/25/2025 8:50:48,25-32,"6' to 6'3""",275-324,Some highschool,Unemployed,Less than $20k,North America,White,Male,Straight,,Other,Liberal,Single,California (CA),,"Dog, Cat, Bird",Tried and quit,,Yes,Yes,No,No,No,No,No,No,No,No,No,No,Yes,No,Yes,A few times a month,No VR,No,No,No,No,Yes,1,League Daughter,Prime subbed,"Mobile Notifications, Discord notications",No,Yes,Yes,"Desktop, Mobile, TV app",Every stream,Seldom chatter,No,"Yes, but not active",No,Streamer collab,11+,4-6,A healthy mix of both,3,4,3,3,3,4,5,3,4,5,5,4,3,3,2,2,2,3,3,3,4,5,1,2,4,2020,I dont care,I don't care,I don't care,"reacts, collabs, variety",vrchat,,Ludwig,anything besides dark and darker,jesse or roflgator,aga,mario sunshine,blow,kanye,atlonglastasap,sushi,
3/25/2025 8:51:06,25-32,"5'7"" to 5'11""",175-224,Bachelor's,Full time,$50k-$100k,North America,White,Male,Straight,Cisgender,Atheist / Agnostic,Centrist,Engaged,Maryland (MD),,Cat,Tried and quit,,Yes,Yes,No,No,Yes,Yes,No,No,No,No,No,No,No,No,Yes,A few times a week,No VR,No,No,No,No,Yes,1,Weed Son,Prime subbed,Twitch Sidebar / Dashboard,No,Yes,Dont care,Desktop,Every stream,Lurker,No,No,No,Streamer collab,3-4,2-3,"Spontaneous, unpredictable content",3,5,3,3,3,3,3,3,3,3,3,3,3,3,3,3,3,3,3,3,3,3,3,3,3,2016 or earlier,I dont care,Change the name,Poke music / Poke twitch,plink,plink,plink,plink,plink,plink,plink,plink,plink,plink,plink,plink,plink
3/25/2025 8:51:25,25-32,"5'7"" to 5'11""",175-224,High school / GED,Unemployed,Less than $20k,South America,White,Male,Asexual / Demisexual,Cisgender,Atheist / Agnostic,Apolitical,Single,,,Cat,Tried and quit,Joint,Yes,Yes,No,No,No,No,No,No,No,No,No,No,No,No,No,A few times a month,No VR,No,No,No,No,No,2,Weed Son,Gifted sub,Twitch Sidebar / Dashboard,Yes,Yes,Dont care,"Desktop, Mobile",Every stream,Lurker,,"Yes, but not active",No,Twitch recommended,11+,7+,A healthy mix of both,4,5,5,3,3,2,5,4,3,3,4,5,2,1,1,5,4,5,4,3,3,5,2,4,1,2018,Yes,Keep the lawls,I don't care,,,,,,,,,,,,,
3/25/2025 8:51:45,25-32,"6' to 6'3""",175-224,Master's,Unemployed,Less than $20k,Europe,White,Male,Straight,,Atheist / Agnostic,,Single,,France,Cat,Always,Bong,Yes,Yes,No,No,No,No,No,No,No,No,No,No,No,No,Yes,Never,No VR,No,No,No,No,No,1,Weed Son,No,Twitch Sidebar / Dashboard,Yes,Yes,Dont care,Desktop,A few times a week,Active chatter,No,No,No,Youtube recommended / clip compilation,11+,4-6,A healthy mix of both,5,4,5,4,4,2,5,2,2,3,3,5,2,1,1,2,3,3,5,3,3,5,1,3,1,2020,I dont care,Change the name,Poke music / Poke twitch,chatters,Variety gaming,,AvoidingThePuddle,33 Immortals :),doggydogg20,uuhhguasdhasdhghuuuuhuubu,Final fantasy IX,the number 23,"Mac Miller, Nobuo Uematsu, Rei Ami",Faces,Pepperoni pizza,stay nice :)
3/25/2025 8:52:30,19-24,"6'4""+",125-174,Master's,Full time,$100k+,North America,White,Male,Bisexual / Pansexual,Cisgender,Atheist / Agnostic,Socialist,Dating,Maryland (MD),,No pets,Tried and quit,,Yes,No,No,No,No,No,No,No,No,No,No,No,No,No,Yes,Never,No VR,No,No,No,No,No,1,League Daughter,No,Twitch Sidebar / Dashboard,No,Yes,Yes,"Laptop, Mobile",A few times a month,Lurker,No,No,No,Mentioned by another streamer,1-2,2-3,A healthy mix of both,,,,,,,,,,,,,,,,,,,,,,,,,,2020,Yes,Change the name,Poke music / Poke twitch,,,,thebausffs,,,bye,Tom Clancys rainbow six siege ,Everything everywhere all at once,Ajr,Neotheater,Taquitos,
3/25/2025 8:53:42,25-32,"5'7"" to 5'11""",125-174,High school / GED,Full time,$20k-$50k,North America,Black,Male,Straight,Cisgender,Atheist / Agnostic,Centrist,Single,Illinois (IL),,No pets,A few times a year,Edible,Yes,Yes,No,No,No,No,No,No,No,No,No,No,No,No,No,A few times a week,No VR,No,No,No,No,No,1,League Daughter,No,Twitch Sidebar / Dashboard,No,Yes,Yes,Desktop,A few times a month,Seldom chatter,No,No,No,Twitch game categories,5-6,2-3,A healthy mix of both,5,5,5,4,3,1,5,4,4,5,1,3,5,1,1,1,2,4,3,2,3,5,1,1,1,2017,Yes,Keep the lawls,Poke music / Pokelawls twitch,Whenever there is no drama involved.,Just do your own thing bro.,EDM,MoonMoon,,"xQc, Dizzy, Jesse (Good times, sadge)",aga,Kingdom Hearts 2,Wall-E,"Skrillex, Linkin Park, Korn, Slipknot, System of a Down",Hybrid Theory,Rice,"You should have ""VRChat"" in the ""How did you discover Poke"" section."
3/25/2025 8:54:31,25-32,"5'3"" to 5'6""",125-174,Bachelor's,Self employed / 1099,$20k-$50k,North America,White,Male,Straight,Cisgender,Atheist / Agnostic,Liberal,Dating,Colorado (CO),,Cat,A few times a month,"Joint, Vape",Yes,Yes,Yes,Yes,Yes,Yes,No,No,Yes,Yes,Yes,Yes,Yes,No,Yes,A few times a month,No VR,No,No,No,No,No,1,League Daughter,No,Twitch Sidebar / Dashboard,No,Yes,Yes,"Desktop, Mobile",Every stream,Lurker,No,"Yes, but not active",No,LSF / Reddit,5-6,2-3,A healthy mix of both,4,4,5,3,3,5,3,3,5,5,3,3,3,2,1,4,3,3,4,4,3,5,1,2,2,2019,Yes,I don't care,I don't care,"The 4 Horsemen, Contests, Viewer submitted content, IRL streams, Making music with others, Trolling in games","Music collabs, IRLs, Game challenges, Voice chat trolling",I'd just like to see him make songs with friends.,PayMoneyWubby,Supervive,Cyr,Toplaner,HADES,Spirited Away,"Nujabes, Joji, Jean Dawson, Vaundy, Frank Ocean",Channel Orange,Sushi,Needs a dick size question
3/25/2025 8:54:49,25-32,"6' to 6'3""",175-224,Master's,Self employed / 1099,$50k-$100k,Asia,Asian / Pacific Islander,Non Binary,Other,Cisgender,Other,Liberal,Single,,,"Dog, Ferret",Never tried it,Bong,No,No,No,No,Yes,Yes,No,No,No,No,Yes,No,No,Yes,Yes,A few times a year,"Yes, I have VR",No,No,No,Veteran,Yes,3,Weed Son,Normal sub,Twitch Sidebar / Dashboard,No,Yes,Dont care,Desktop,A few times a week,Lurker,No,No,No,Twitch recommended,3-4,2-3,A healthy mix of both,3,3,5,2,3,4,4,4,4,1,5,4,2,3,1,4,4,4,5,5,5,5,1,1,1,2020,I dont care,Keep the lawls,I don't care,his head,fuck a fan,mozart,TheMainManSWE / Albino,orc massage,Saurei,HELP,Resident Evil 4,The Fantastic League of Extraordinary Gentlemen,"WANIMA, The Internet, Odd Future, Gorillaz",Demon Days,Spam Musubi,topless stream with gigi
3/25/2025 8:55:17,25-32,"5'7"" to 5'11""",175-224,Bachelor's,Part time,$20k-$50k,North America,White,Male,Straight,Cisgender,Atheist / Agnostic,Liberal,Single,North Carolina (NC),,"Dog, Cat",A few times a day,"Bong, Blunt, Dabbing, Pipe, Joint, Vape",Yes,Yes,No,No,No,No,No,No,No,No,No,Yes,No,Yes,Yes,A few times a year,No VR,No,No,No,No,Yes,2,Weed Son,No,"Twitch Sidebar / Dashboard, Discord notications",No,Yes,Yes,"Desktop, Mobile",Every stream,Seldom chatter,No,"Yes, but not active",No,Twitch game categories,11+,4-6,A healthy mix of both,5,5,4,3,2,2,3,2,2,2,2,3,5,3,2,2,3,3,3,3,2,2,1,1,4,2016 or earlier,Yes,I don't care,I don't care,"Funny weed guy, fun music guy, streams a lot if you count alt",Live on main doing literally anything but politics,,Quin69,N/A,N/A,Buggin,Path of Exile,Insert Studio Ghibli Movie,A lot of rap/hip-hop and electronic dance music,Good Kid M.A.A.D City,Pizza,pls don't sell me
3/25/2025 8:56:12,25-32,"5'7"" to 5'11""",Under 125,High school / GED,Full time,$20k-$50k,North America,White,Male,Bisexual / Pansexual,Cisgender,Christian,Centrist,Single,Pennsylvania (PA),,"Dog, Cat",Tried and quit,Vape,Yes,Yes,Yes,Yes,No,No,No,No,No,No,Yes,No,No,No,Yes,Never,"Yes, I have VR",No,Yes,No,No,Yes,1,League Daughter,No,Twitch Sidebar / Dashboard,No,Yes,Yes,"Desktop, Mobile",Every stream,Seldom chatter,No,No,No,Mentioned by another streamer,7-8,4-6,A healthy mix of both,4,3,4,2,2,2,3,1,4,4,2,1,1,2,1,1,2,3,3,1,2,4,1,1,1,2019,I dont care,Keep the lawls,I don't care,chill,horror games,hyperpop,sennyk4,runescape,myth,catAsk,runescape,a silent voice,glaive,hypochondriac,cereal,no
3/25/2025 8:57:31,25-32,"6' to 6'3""",125-174,Some college,Self employed / 1099,Less than $20k,North America,White,Male,Straight,Cisgender,Christian,Apolitical,Single,North Carolina (NC),,Dog,A few times a day,"Bong, Joint, Vape",No,No,No,No,No,No,No,No,No,No,No,No,No,No,Yes,Most days,No VR,"Yes, Poke was a reason",No,No,No,No,1,Weed Son,Prime subbed,"Twitch Sidebar / Dashboard, Mobile Notifications, Discord notications",No,Yes,No,"Desktop, Laptop, Mobile",Every stream,Seldom chatter,No,"Yes, but not active",No,Streamer collab,5-6,4-6,A healthy mix of both,4,3,4,4,3,3,4,3,5,5,2,3,4,3,1,5,3,3,3,3,4,4,1,3,1,2020,I dont care,I don't care,I don't care,"He can always make me laugh, he always makes my day better","Grand Theft Auto 6 RP, more chill games","I think Poke can make some really cool alternative music, I have a pretty different taste in music compared to Poke. I've been listening to Bon Iver's new music and it's just so different and unique sounding","I don't really have another favorite, Poke is the only one",Grand Theft Auto 6,"Cyr! Poke and Cyr are a legendary duo, the combination of them is perfect content",probably omE since its super easy to type and straight to the point,I don't have a favorite right now,Interstellar,"Yot Club, Bon Iver, Magic City Hippies","M83 - Hurry Up, We're Dreaming",Chicken Tenders & Fries,"This is my first census, I thought it was good and Pokes questions made me omE"
3/25/2025 8:58:51,25-32,"6' to 6'3""",175-224,Master's,Unemployed,Less than $20k,Europe,White,Male,Straight,,Atheist / Agnostic,,Single,,France,"Cat, Horse, 3 Sheeps and a few chickens",Always,Bong,Yes,Yes,No,No,No,No,No,No,No,No,No,No,No,No,Yes,Never,No VR,No,No,No,No,Yes,1,Weed Son,No,Twitch Sidebar / Dashboard,Yes,Yes,Dont care,Desktop,A few times a week,Active chatter,No,No,No,Youtube recommended / clip compilation,11+,4-6,A healthy mix of both,5,4,5,4,5,4,5,3,3,4,3,5,2,1,1,1,5,3,5,3,4,5,1,3,1,2020,I dont care,I don't care,Poke music / Poke twitch,Chatters,Variety gaming,,AvoidingThePuddle,33 Immortals :),doggydogg20,uuhhguasdhasdhghuuuuhuubu ,Final fantasy IX,The number 23,"Mac Miller, Nobuo Uematsu, Rei Ami",Faces,Pepperoni pizza,"Hey if you ever need a 3D artist for an idea, feel free to contact me ! 

https://linktr.ee/maximehemon"
3/25/2025 8:59:52,19-24,"6' to 6'3""",175-224,Some college,Full time,$20k-$50k,North America,White,Male,Straight,Cisgender,Atheist / Agnostic,Centrist,Single,Canada,,No pets,A few times a day,"Bong, Dabbing, Joint, One Hitter",No,No,No,No,No,No,No,No,No,No,No,No,No,No,Yes,Never,No VR,No,No,Yes,No,No,1,Weed Son,No,Twitch Sidebar / Dashboard,No,Yes,Yes,Desktop,A few times a month,Seldom chatter,No,"Yes, but not active",No,"Word of mouth, from a friend",1-2,2-3,A healthy mix of both,3,3,3,3,5,5,3,3,4,3,4,4,4,4,3,3,4,4,3,4,4,3,2,2,1,2017,I dont care,I don't care,I don't care,He funny and from around where I'm from. I'm also a stoner and like the brain rot sub alerts.,Make more music more music content too. I think you could bring cool people like pbm. Maybe bro vs bro content like ludwig.,Just vibes and good music.,Destiny or summit1g,CS2 or MGS3,Cochise or ski mask or pbm,My own willse2FLEX,CSGO or MGS3 or Mario Kart 8,Babydriver,Denzel Curry and Bladee and 2hollis right now,TA1300 by Denzel Curry,Zyn pods,Collab with me lol
3/25/2025 9:00:25,19-24,"5'7"" to 5'11""",175-224,Bachelor's,Part time,Less than $20k,North America,White,Male,Gay / Lesbian,Cisgender,Atheist / Agnostic,Socialist,Single,Canada,,Dog,A few times a week,"Joint, Vape",No,No,No,No,No,No,No,No,No,No,No,No,No,No,Learners permit,Never,"Yes, I have VR",No,No,No,No,Yes,3,Weed Son,No,Twitch Sidebar / Dashboard,Yes,Yes,Yes,"Desktop, Mobile",A few times a month,Lurker,No,No,No,Streamer collab,Less than one,2-3,A healthy mix of both,5,3,4,2,3,3,5,5,2,3,3,4,1,1,1,1,3,4,4,3,3,5,3,3,1,2022,No,Keep the lawls,Poke music / Pokelawls twitch,,,,,,,,,,,,,
3/25/2025 9:01:06,40+,"5'7"" to 5'11""",125-174,Associates / Trade,Full time,$50k-$100k,North America,White,Male,Questioning,Cisgender,Atheist / Agnostic,Socialist,Married,Illinois (IL),,No pets,A few times a day,"Dabbing, Vape",No,Yes,No,No,No,No,No,No,No,No,No,No,No,No,Yes,Never,No VR,No,No,Balding,No,Yes,1,Weed Son,No,,No,No,Dont care,"Laptop, Mobile, TV app",A few times a week,Lurker,No,No,No,Mentioned by another streamer,7-8,4-6,A healthy mix of both,2,3,2,1,2,3,3,3,3,3,3,3,3,3,3,4,3,3,3,4,4,2,2,2,3,2020,No,I don't care,I don't care,Weed,Weed,No,Summit1g,Any,Anyone ,,Starcraft,Happy Gilmore,Edm,,Pizza ,
3/25/2025 9:01:44,25-32,"5'7"" to 5'11""",125-174,Bachelor's,Full time,Less than $20k,Asia,Asian / Pacific Islander,Male,Straight,Cisgender,Islam,Liberal,Engaged,,,No pets,Never tried it,,Yes,No,No,No,No,No,No,No,No,No,Yes,No,No,No,Learners permit,A few times a month,No VR,No,No,No,No,No,3,League Daughter,No,Twitch Sidebar / Dashboard,No,No,Yes,Desktop,A few times a week,Lurker,No,No,No,Streamer collab,3-4,2-3,"Spontaneous, unpredictable content",5,5,5,1,3,4,4,2,2,1,5,4,1,1,1,1,5,4,4,4,4,3,2,1,1,2021,Yes,Keep the lawls,Poke music / Pokelawls twitch,,,,,,,,,,,,,
3/25/2025 9:04:15,19-24,"5'7"" to 5'11""",125-174,Master's,"Student, not working",Less than $20k,Africa,Other,Male,Straight,Cisgender,Islam,Apolitical,Single,,,No pets,Never tried it,,Yes,Yes,No,No,Yes,No,No,No,Yes,No,Yes,No,No,No,Yes,Never,No VR,No,No,No,No,No,4,Weed Son,Gifted sub,Discord notications,No,Yes,Yes,"Desktop, Mobile",Every stream,Active chatter,No,"Yes, but not active",No,Streamer collab,1-2,2-3,"Spontaneous, unpredictable content",5,5,5,2,3,4,4,1,5,5,2,3,3,2,3,3,3,3,5,4,3,3,1,1,2,2020,I dont care,I don't care,Poke music / Pokelawls twitch,Funny,IRL,House,Velcuz,Aneurism IV,Erobb221,Buggin,Minecraft,The BlairWitch Project,System of a down,Toxicity,Chicken and Rice,"Add Setup and Face pictures (optional), include North African countries in that question, twitch name, hobbies, ... <3"
3/25/2025 9:06:31,25-32,"5'7"" to 5'11""",125-174,Bachelor's,Full time,$50k-$100k,North America,White,Male,Straight,Cisgender,Other,Conservative,Single,South Carolina (SC),,No pets,A few times a day,"Bong, Blunt, Joint, One Hitter, Edible",No,No,No,No,No,No,No,No,No,No,No,No,No,No,Yes,A few times a week,No VR,No,No,No,No,No,1,Weed Son,No,Twitch Sidebar / Dashboard,No,Yes,Yes,"Desktop, Laptop",A few times a week,Lurker,No,No,No,Streamer collab,1-2,2-3,A healthy mix of both,4,4,3,3,3,5,5,3,4,4,3,4,1,1,1,5,4,4,5,3,3,3,1,3,1,2017,No,Change the name,Poke music / Poke twitch,"I enjoy his laugh, his energy, and his overall vibe with stream. It doesn't have to be an interesting game and I will still enjoy watching.",More collabs with other streamers and whatever makes Poke happy :),"Not much of a music producer, but I like hearing the end result of what you make. Maybe speedrunning songs or beats?",Summit1G,Anything survival or simulator related,Snoop Dogg,Corpa because I am corpa,"Weed Shop 3, Rocket League, Ghost of Tsushima(Any Simulators or Competitive FPS)",Act of Valor or American Sniper,FredAgain,"Take Care, Tha Carter 4, 2014 Forest Hills Drive",Steamed Maryland Blue Crabs,Ask what time of the day I prefer to watch twitch/pokelawls.
3/25/2025 9:07:53,25-32,"5'7"" to 5'11""",175-224,Some college,Full time,$50k-$100k,North America,Hispanic / Latino,Male,Straight,Cisgender,Other,Socialist,Single,Massachusetts (MA),,Dog,A few times a day,Joint,No,No,No,No,No,No,No,No,No,No,No,No,No,No,Yes,A few times a month,No VR,"Yes, Poke was a reason","Yes, Poke was a reason",No,No,Yes,2,Weed Son,No,Twitch Sidebar / Dashboard,No,No,Yes,"Laptop, Mobile, Tablet, Gaming console",A few times a week,Lurker,No,No,No,Twitch game categories,3-4,4-6,A healthy mix of both,2,3,2,3,2,2,3,2,1,2,1,2,4,4,1,2,2,3,3,2,2,4,2,3,1,2018,I dont care,Change the name,Poke music / Poke twitch,Plays different games,Unboxing content ,Pop music ,Zoi Zoi Chan!!! Zoil,Yakuza series ,Plaqueboymax,catJAM,The quarry,James and Giant Peach,"The Maria’s, Bad Bunny",Jubilee ,Tacos,
3/25/2025 9:11:23,19-24,"6' to 6'3""",125-174,Bachelor's,Full time,Less than $20k,Europe,White,Male,Questioning,Cisgender,Atheist / Agnostic,Centrist,Single,,Portugal,No pets,Never tried it,,No,No,Yes,No,No,No,No,No,No,No,No,No,No,No,No,A few times a year,No VR,No,No,Balding,No,Yes,3,League Daughter,No,Twitch Sidebar / Dashboard,No,Yes,Dont care,"Desktop, Mobile",A few times a week,Lurker,No,No,No,Mentioned by another streamer,3-4,2-3,A healthy mix of both,5,5,3,2,4,3,3,3,4,2,4,4,5,4,1,5,2,5,5,5,5,3,2,2,1,2022,Yes,Keep the lawls,Poke music / Pokelawls twitch,The jokes,Treadmill while reacting. 👍 Good for Mr. streamer ,,Velcuz,,Jeremy Harrington,OMEGALUL,Minecraft,,"nedaj, DVRST, TOKYOPILL, bnjr",,Tofu lasagna,
3/25/2025 9:13:23,25-32,"5'7"" to 5'11""",125-174,Some college,Unemployed,Less than $20k,North America,White,Male,Straight,Cisgender,Atheist / Agnostic,Socialist,Single,Georgia (GA),,Dog,A few times a month,Pipe,No,No,No,No,No,No,No,No,No,No,No,No,No,No,Yes,Never,No VR,No,No,Balding,No,No,1,League Daughter,No,Twitch Sidebar / Dashboard,No,Yes,Dont care,Desktop,A few times a month,Active chatter,No,"Yes, but not active",No,LSF / Reddit,3-4,4-6,"Spontaneous, unpredictable content",5,2,4,3,2,3,1,1,3,1,1,3,2,3,1,4,2,3,4,5,4,2,3,3,1,2020,Yes,I don't care,I don't care,Talking with chat,,The man needs to learn wavetable synthesizers and make hardstyle or something,Squeex,,Squeex & Simply stream was great,Buggin,Path of Exile 1,Prisoners (2014),"Jasiah, Uboa, Jpegmafia, Car Seat Headrest, Have a Nice Life, Brand New, Snail Mail, Phoebe Bridgers",Brand New - Vices,Irish stew,
3/25/2025 9:14:45,25-32,"6' to 6'3""",225-274,High school / GED,Unemployed,Less than $20k,North America,Black,Male,Straight,Cisgender,Christian,Liberal,Single,Texas (TX),,No pets,Always,"Bong, Blunt, Pipe",No,No,Yes,No,No,No,No,No,No,No,No,No,No,No,No,A few times a month,No VR,No,No,No,No,No,1,Weed Son,No,"Twitch Sidebar / Dashboard, Mobile Notifications",No,Yes,Yes,"Desktop, Mobile, TV app, Gaming console",Every stream,Seldom chatter,No,No,No,Streamer collab,5-6,2-3,A healthy mix of both,5,3,5,5,5,3,4,4,4,5,3,3,5,5,1,5,3,5,4,3,4,5,2,4,1,2023,No,Change the name,Poke music / Poke twitch,"Weed, Music making/album reviews, Gaming, Memes, Honesty",More single player AAA games and classic games that people already love. GTA RP,"Trap/Hip Hop/Rap, Drum and Bass, Metal, R&B",Bucklington,Destroy All Humans,T-Pain,WooYeah,Tony Hawk's Underground 2,Spider-Man 2,"$uicideboy$, Tyler the Creator, Earl Sweatshirt, Disturbed, Slipknot, Icytwat, MF DOOM, Lil Ugly Mane, DJ Screw, Three 6 Mafia ",Madvillainy ,Pizza,"""Should Poke add more soundboard effects?"""
3/25/2025 9:15:20,19-24,"5'7"" to 5'11""",125-174,Bachelor's,Full time,$20k-$50k,North America,Hispanic / Latino,Non Binary,Straight,Cisgender,Atheist / Agnostic,Liberal,Dating,Pennsylvania (PA),,No pets,A few times a year,Edible,Yes,No,No,No,No,No,No,No,Yes,No,Yes,No,No,No,Yes,Never,No VR,No,Yes,No,No,Yes,2,League Daughter,No,"Twitch Sidebar / Dashboard, Mobile Notifications, Discord notications",No,Yes,No,"Desktop, Mobile",Every stream,Lurker,No,No,No,Twitch game categories,7-8,2-3,A healthy mix of both,4,5,5,4,3,2,5,2,2,3,4,4,2,1,1,1,2,3,5,3,3,5,4,4,4,2016 or earlier,I dont care,Change the name,I don't care,"I like that he has made me laugh since 2016. But, first and foremost he makes himself laugh which is funny.",co-op with the gang (gigi and dizzy),"the goofy ones, it's very entertaining.","jerma, ludwig, squeex, connoreatspants, and dizzy",anything he wants.,"more jerma, ster, and vinny",any cat emote.,pokemon or monster hunter.,good will hunting.,"pokelawls, band-maid, red hot chili peppers",,Japanese and Chinese.,I would suggest more questions that would make us think and test our morals. Would be interesting to find out how different/the same this corner of the internet thinks about hard hitting questions.
3/25/2025 9:18:02,19-24,"6' to 6'3""",225-274,High school / GED,Part time,$20k-$50k,Australia,White,Male,Straight,Cisgender,Atheist / Agnostic,Socialist,Single,,,No pets,Never tried it,,No,No,No,No,No,No,No,No,No,No,No,No,No,No,Learners permit,A few times a week,No VR,No,No,Balding,No,Yes,2,League Daughter,Prime subbed,Mobile Notifications,Yes,Yes,Yes,"Laptop, Mobile",Every stream,Lurker,No,"Yes, but not active",No,Mentioned by another streamer,3-4,1,A healthy mix of both,5,2,3,5,5,2,4,3,4,5,4,5,5,5,1,3,2,4,4,3,4,5,4,4,1,2021,I dont care,Change the name,Poke music / Poke twitch,"How funny he is, his wit, how he’s always himself even if he’s constantly anxious about it. I’d like to say unapologetically himself but he apologises for his existence every stream so…",Horror games plssss pussylawls. other than that the same stuff.,Mongolian throat singing,Jerma985 ,Batman Arkham Series. RDR2. GTA 6 ,Ster ,Buh ,GTA: San Andreas,Incendies. from Denis Villeneuve ,"Marvin Gaye, Playboi Carti, Bobby Caldwell",What’s Going On - Marvin Gaye,Tuna Bake/ Tuna Mornay ,I LOVE YOU <3 
3/25/2025 9:18:11,25-32,"6' to 6'3""",225-274,Associates / Trade,Unemployed,Less than $20k,North America,Multiethnic,Male,Straight,Cisgender,Christian,Apolitical,Single,Georgia (GA),,No pets,Never tried it,,Yes,No,No,No,No,No,No,No,No,No,No,No,No,No,Yes,A few times a week,"Yes, I have VR. Poke contributed",No,No,No,No,No,1,League Daughter,No,"Twitch Sidebar / Dashboard, Mobile Notifications",No,Yes,Dont care,"Desktop, Mobile",Every stream,Lurker,No,No,No,Streamer collab,11+,2-3,A healthy mix of both,5,3,4,3,3,4,3,2,3,3,2,3,4,4,1,4,3,3,3,4,2,5,1,3,2,2018,I dont care,Keep the lawls,I don't care,"I think Poke is hilarious, and I go to his streams to have a good laugh most of the time. I also enjoy when he does random things or feels bored because I relate to that feeling a lot of the time and that makes me feel less lonely in this world. Least parasocial lurker Buggin",Random variety games or watching random videos usually leads to the funniest moments on his stream in my opinion. Maybe steal from Zoil and do Instagram Reels / Tiktok bingo sometimes?,EDM (Electronic Dance Music) stuff,"If Poke isn't live, im watching xQc.","Any fromsoftware game he has not beaten. (Sekiro, Dark Souls 1,2,3, etc.))",JesseSMFI. I miss Poke Jesse era sadge. I don't think I have ever laughed harder than when those two would cook up content together.,pepeScream,Dark Souls 3,Spirited Away,"Kanye, Linkin Park, Deko/Yameii Online, Pokelawls ","uh idk, I just like specific songs usually",Boiled Peanuts,
3/25/2025 9:19:34,19-24,"5'3"" to 5'6""",125-174,Master's,Unemployed,Less than $20k,Asia,Indian,Male,Straight,Cisgender,Atheist / Agnostic,Centrist,Single,Georgia (GA),,No pets,A few times a year,Edible,,,,,,,,,,,,,,,No,A few times a month,No VR,No,No,No,No,Yes,4,Weed Son,No,"Twitch Sidebar / Dashboard, Mobile Notifications",No,Yes,Yes,Laptop,Every stream,Seldom chatter,No,No,No,Streamer collab,7-8,2-3,A healthy mix of both,3,3,3,3,3,1,3,2,2,1,2,2,2,1,1,1,1,3,3,3,1,3,1,1,2,2020,No,Keep the lawls,Pokelawls music / Pokelawls twitch,"Stream introduction where he ""surfs"" the internet and also when he gets super high and plays games ",Maybe more in real life streams with gigi nothing super planned like just a grocery run or dinner night or just a drive through run etc,Don't really know much about making music.,Was Opeepo but he and his chat changed and I don't really watch any other streams as much as you I wanna say dizzy but he hates himself so... ,Nothing particular ,Don't care,"LO, aga",,,,,Pizza,
3/25/2025 9:20:26,19-24,"5'7"" to 5'11""",125-174,Associates / Trade,Part time,$20k-$50k,North America,Hispanic / Latino,Male,Straight,Cisgender,Christian,Centrist,Engaged,Florida (FL),,Cat,Tried and quit,,Yes,Yes,No,No,No,No,No,No,No,No,No,No,No,No,Yes,A few times a year,"Yes, I have VR. Poke contributed",No,No,No,No,Yes,1,League Daughter,Prime subbed,"Twitch Sidebar / Dashboard, Mobile Notifications",No,Yes,Dont care,Desktop,A few times a week,Lurker,No,"Yes, but not active",No,Youtube recommended / clip compilation,3-4,2-3,A healthy mix of both,5,4,3,5,4,2,4,2,3,3,3,2,4,2,1,2,3,4,5,4,4,5,1,1,3,2016 or earlier,Yes,Change the name,Poke music / Pokelawls twitch,Pokes personality and when he interacts with chat,"solo-games, horror, and niche games",polka,Jerma,,more jerma,any glorp or duckass,Dark Souls 1,,Daft Punk and Gorrilaz,Discovery by Daft Punk,Sushi,
3/25/2025 9:26:20,19-24,"6'4""+",,High school / GED,Unemployed,Less than $20k,North America,Hispanic / Latino,Male,Straight,,Atheist / Agnostic,Socialist,Single,Texas (TX),,Dog,Never tried it,,,,,,,,,,,,,,,,Yes,A few times a year,No VR,No,No,No,No,No,1,Weed Son,No,"Twitch Sidebar / Dashboard, Mobile Notifications",No,Yes,Dont care,"Desktop, Laptop, Mobile",Every stream,Lurker,No,No,No,Streamer collab,11+,4-6,Planned events with set schedules,2,5,2,1,3,5,2,1,4,1,1,3,1,5,1,3,1,3,4,4,3,4,3,3,1,2022,Yes,Change the name,Poke music / Poke twitch,trolling people in games,music and collabs,,hasanabi,,hasanabi,,rdr2,whiplash,asap rocky,bad camera lil yatchy,,
3/25/2025 9:29:39,19-24,"5'7"" to 5'11""",125-174,Bachelor's,Self employed / 1099,$20k-$50k,North America,Indian,Male,Straight,Cisgender,Other,Centrist,Single,Canada,,No pets,Once a day,"Pipe, Joint, Vape, Edible",Yes,No,No,No,No,No,No,No,No,No,No,No,Yes,No,Yes,A few times a year,No VR,No,No,No,No,Yes,1,League Daughter,Prime subbed,"Twitch Sidebar / Dashboard, Mobile Notifications, Discord notications",No,Yes,Dont care,"Desktop, Laptop, Mobile",Every stream,Seldom chatter,No,"Yes, but not active",No,Streamer collab,7-8,4-6,A healthy mix of both,5,5,4,3,4,4,4,4,4,5,3,4,4,4,2,5,4,4,4,5,4,5,3,3,3,2021,Yes,I don't care,Poke music / Pokelawls twitch,"His energy, humour, laugh/happiness, Gigi.","IRL, horror games",Rock Hip Hop,HasanAbi,Grand Theft Auto 6,HasanAbi,buh,Black Ops 2,The Dark Knight,"Ken Carson, Playboi Carti, Rihanna, Pokelawls, Killy",Movie Music,Taco Bell,
3/25/2025 9:31:46,19-24,"6'4""+",175-224,Master's,"Student, not working",Less than $20k,Africa,Middle Eastern,Male,Straight,Cisgender,Islam,,Single,,,Cat,A few times a year,"Blunt, Joint, Spliff",Yes,No,No,No,Yes,No,No,No,No,No,Yes,No,No,No,Yes,Never,No VR,No,No,No,No,Yes,4,Weed Son,Gifted sub,"Twitch Sidebar / Dashboard, Mobile Notifications",Yes,Yes,Yes,"Laptop, Mobile",Every stream,Seldom chatter,Yes,"Yes, but not active","Yes, but not active",Mentioned by another streamer,5-6,4-6,"Spontaneous, unpredictable content",4,3,4,2,2,3,4,4,4,5,4,2,3,3,3,4,2,3,4,2,2,4,1,2,4,2016 or earlier,I dont care,I don't care,Poke music / Pokelawls twitch,,,,,,,,,,,,,
3/25/2025 9:34:34,33-39,"5'7"" to 5'11""",125-174,High school / GED,Full time,$50k-$100k,North America,White,Male,Straight,Cisgender,Christian,Conservative,Married,Ohio (OH),,"Dog, Cat, Guinea Pig, opposum",Always,"Bong, Dabbing",,Yes,,,,,,,,,,,,,Yes,Most days,"Yes, I have VR",No,No,No,No,Yes,1,Weed Son,No,"Twitch Sidebar / Dashboard, Mobile Notifications",No,Yes,Yes,Desktop,Every stream,Lurker,No,No,No,Streamer collab,7-8,4-6,A healthy mix of both,5,5,4,4,5,4,5,3,3,5,3,4,4,4,5,5,4,5,4,5,4,5,2,2,1,2019,No,Change the name,Poke music / Poke twitch,variety games,variety games,hip hop,cohh carnage,baulders gate 3,pikabooirl,THIS,world of warcraft,lotr,knedrik lamar / pantera,vulgar display of power,burgers,
3/25/2025 9:36:38,19-24,"5'7"" to 5'11""",125-174,Master's,Full time,$50k-$100k,Europe,Asian / Pacific Islander,Male,Straight,Cisgender,Islam,Socialist,Single,,United Kingdom,No pets,Never tried it,,Yes,No,No,No,No,No,No,No,No,No,No,No,No,No,Yes,A few times a month,No VR,No,No,No,No,No,2,League Daughter,No,Twitch Sidebar / Dashboard,No,Yes,Yes,Desktop,A few times a month,Lurker,No,No,No,Streamer collab,3-4,2-3,A healthy mix of both,5,5,3,2,2,4,4,2,2,2,3,4,3,2,3,2,3,4,3,2,3,4,3,3,3,2018,I dont care,I don't care,I don't care,,,,,,,,,,,,,
3/25/2025 9:37:06,25-32,"6' to 6'3""",125-174,Some highschool,Unemployed,Less than $20k,North America,White,Male,Straight,Cisgender,Atheist / Agnostic,Centrist,Dating,Canada,,Cat,Tried and quit,,No,No,No,No,No,No,No,No,No,No,No,No,No,No,Yes,Never,"Yes, I have VR. Poke contributed",No,No,No,No,No,2,Weed Son,No,Mobile Notifications,No,Yes,Yes,"Desktop, Mobile",Every stream,Lurker,No,No,No,Youtube recommended / clip compilation,3-4,2-3,A healthy mix of both,4,2,2,2,2,2,3,1,3,2,1,2,3,1,1,4,3,2,3,3,3,3,1,1,1,2017,Yes,I don't care,I don't care,Him,IRL ,Country,xQc,REPO,Music artists / celebrities ,LOL,GTA Vice City ,,Ozzy Osbourne,,Chicken,
3/25/2025 9:37:48,25-32,"6' to 6'3""",175-224,Bachelor's,Full time,$50k-$100k,Europe,Middle Eastern,Male,Straight,Cisgender,Islam,Apolitical,Dating,,Germany,Cat,Never tried it,,No,No,No,No,No,No,No,No,No,No,No,No,No,No,Yes,A few times a month,No VR,No,No,No,No,No,3,League Daughter,No,Mobile Notifications,No,Yes,Yes,"Desktop, Laptop, Mobile, TV app",A few times a week,Lurker,No,No,No,Streamer collab,3-4,,"Spontaneous, unpredictable content",3,5,3,3,1,1,3,1,1,1,1,1,3,1,1,5,1,1,1,3,2,1,1,1,1,2019,I dont care,Change the name,Poke music / Poke twitch,Gaming,GTA RP,,summit1g,GTA,bbno$,D:,Minecraft,,,,Lasagna,
3/25/2025 9:37:58,25-32,"6' to 6'3""",325+,Some college,Unemployed,Less than $20k,North America,White,Male,Straight,Cisgender,Christian,Centrist,Single,Missouri (MO),,No pets,Tried and quit,,Yes,Yes,No,No,No,No,No,No,No,No,No,No,No,No,Yes,Never,No VR,No,No,No,No,No,1,League Daughter,No,Twitch Sidebar / Dashboard,No,No,Dont care,Laptop,A few times a month,Seldom chatter,No,No,No,Streamer collab,7-8,2-3,A healthy mix of both,4,4,4,2,3,2,3,1,3,2,2,2,2,2,2,2,2,2,4,1,2,3,2,2,2,2020,I dont care,Keep the lawls,Poke music / Pokelawls twitch,chill vibes,variety games,no,xQc,idc,idc,LOL,Osrs,Matrix,"Ghost, My Chemical Romance",Three Cheers for Sweet Revenge,spaghetti,nah
3/25/2025 9:38:23,19-24,"5'7"" to 5'11""",125-174,High school / GED,Full time,$20k-$50k,North America,Hispanic / Latino,Male,Straight,,Christian,Conservative,Single,Military Deployment,,Dog,Tried and quit,"Bong, Blunt, Dabbing, Edible",Yes,No,Yes,Yes,Yes,Yes,No,No,Yes,No,Yes,No,No,No,No,A few times a month,No VR,No,No,No,Active service,No,2,Weed Son,No,"Twitch Sidebar / Dashboard, Mobile Notifications",Yes,Yes,Yes,"Desktop, Laptop",A few times a week,Lurker,No,No,No,Streamer collab,3-4,2-3,A healthy mix of both,4,4,2,2,3,4,4,2,4,4,2,3,4,4,1,4,1,2,3,3,2,4,3,3,1,2018,I dont care,Change the name,Poke music / Poke twitch,funny guy/coolguy,Gta RP ngl new server tho,ngl i enjoyed the movie music album shit like that,pokimane🖕,gta 6 swag,poke x jonah hill,1G,rust ik ima loser,interstellar ,Panchiko,Donda underrated ngl i banged this for a while,tacos im hispanic ¯\_(ツ)_/¯,"i do have some thing actually                                                                                                                                                   .                                                                                                                                                                              .                                                                                                                                                                              .                                                                                                                                                                              .                                                                                                                                                                              .                                                                                                                                                                              .                                                                                                                                                                              .                                                                                                                                                                              .                                                                                                                                                                                                                                                                                                                                                            .                                                                                                                                                                                                                                                                                                                                                            .                                                                                                                                                                              .                                                                                                                                                                              .                                                                                                                                                                              .                                                                                                                                                                              .                                                                                                                                                                              .                                                                                                                                                                              .                                                                                                                                                                              .                                                                                                                                                                              .                                                                                                                                                                              .                                                                                                                                                                              .                                                                                                                                                                              .                                                                                                                                                                              .                                                                                                                                                                              .                                                                                                                                                                              .                                                                                                                                                                              .                                                                                                                                                                              .                                                                                                                                                                              .                                                                                                                                                                              .                                                                                                                                                                              .                                                                                                                                                                              .                                                                                                                                                                              .                                                                                                                                                                              .                                                                                                                                                                              .                                                                                                                                                                              .                                                                                                                                                                              .                                                                                                                                                                              .                                                                                                                                                                                                                                                                                                                                                            .                                                                                                                                                                                                                                                                                                                                                                                                                                                                                                                                          .                                                                                                                                                                              .                                                                                                                                                                                                                                                                                                                                                            .                                                                                                                                                                              .                                                                                                                                                                              .                                                                                                                                                                              .                                                                                                                                                                              .                                                                                                                                                                              .                                                                                                                                                                              .                                                                                                                                                                              .                                                                                                                                                                              .                                                                                                                                                                              .                                                                                                                                                                                                                                                                                                                                                                                                                                                                                                                                                                                                                                                                                                                                                                                                                                                                                                      .                                                                                                                                                                              .                                                                                                                                                                              .                                                                                                                                                                              .                                                                                                                                                                                                                                                                                                                                                            .                                                                                                                                                                              .                                                                                                                                                                                                                                                                                                                                                                                                                                                                                                                                          .                                                                                                                                                                              .                                                                                                                                                                              .                                                                                                                                                                                                                                                                                                                                                            .                                                                                                                                                                              .                                                                                                                                                                              .                                                                                                                                                                              .                                                                                                                                                                              .                                                                                                                                                                              .                                                                                                                                                                              .                                                                                                                                                                              .                                                                                                                                                                              .                                                                                                                                                                              .                                                                                                                                                                              .                                                                                                                                                                              .                                                                                                                                                                              frick you 🖕                                                                                                                                  swag That Ellie girl, dude that Ellie from that game I was playing bro, I don't care if....                                    
you smell me?"
3/25/2025 9:39:36,25-32,"5'7"" to 5'11""",175-224,Some college,Other,$20k-$50k,Europe,White,Male,Straight,Cisgender,Christian,,Single,,Finland,No pets,Always,"Blunt, Joint",Yes,No,No,No,No,No,No,No,No,No,No,No,No,Yes,Yes,A few times a month,No VR,No,No,No,No,Yes,4,League Daughter,Normal sub,"Discord notications, Chatterino / Offline chatting",Yes,Yes,Yes,Desktop,Every stream,Seldom chatter,Yes,"Yes, and I'm active there",No,Youtube recommended / clip compilation,3-4,2-3,A healthy mix of both,5,4,4,4,5,4,5,5,5,4,2,4,4,2,1,3,4,4,5,4,4,4,1,2,5,2018,I dont care,Keep the lawls,Pokelawls music / Pokelawls twitch,"Interactions with community, gaming with giig & friends. ","Honestly, whatever Poke is comfortable doing at the moment but I'm looking forward to more IRL streams. Outside the house or in, doesn't matter. ","Not really, I enojy watching Poke trying new things during his music streams.",I don't really watch other streamers but I guess Tyler1  is my most watched streamer after Poke & Gigi.,Anything but WoW.,Peaks collab would go crazy.,"peepoComfy, pokeL ","ElderScrollsOnline, League, Battlefield 3/4.",Too many to mention but feelgood movies are my favorite. ,"As long as music sounds good, I like it. No specific artist or genre.",^,"Homemade dumplings, can't go wrong with good steak.",
3/25/2025 9:44:11,16-18,"5'7"" to 5'11""",Under 125,High school / GED,"Student, not working",Less than $20k,Europe,White,Male,Straight,Cisgender,Atheist / Agnostic,Apolitical,Single,,United Kingdom,Dog,Never tried it,,Yes,Yes,No,Yes,No,No,No,No,No,No,,No,No,No,No,A few times a year,"Yes, I have VR",No,No,No,No,No,1,League Daughter,No,"Twitch Sidebar / Dashboard, Chatterino / Offline chatting",Yes,Yes,Dont care,"Desktop, Mobile",A few times a week,Seldom chatter,No,No,No,Mentioned by another streamer,3-4,4-6,A healthy mix of both,4,4,4,3,2,4,4,2,3,4,2,4,2,2,3,3,3,4,4,3,2,5,2,2,1,2020,Yes,I don't care,I don't care,Poke,Collabs,I don’t care,I don’t have one,Vrchat,Horsemen,Lemn,Don’t have one ,Spirited away,Don’t have one,Don’t have one,Fish supper with pizza crunch,Nope it was good
3/25/2025 9:45:53,25-32,"6'4""+",225-274,High school / GED,Unemployed,Less than $20k,Europe,White,Male,Straight,Cisgender,Atheist / Agnostic,Socialist,Single,,Croatia,Dog,Tried and quit,"Bong, Joint",Yes,Yes,No,No,No,No,No,No,No,No,No,No,No,No,No,A few times a month,No VR,No,No,No,No,No,2,League Daughter,No,"Twitch Sidebar / Dashboard, Mobile Notifications",No,Yes,Dont care,Desktop,A few times a week,Seldom chatter,No,No,No,Streamer collab,3-4,2-3,A healthy mix of both,4,5,4,2,2,5,5,2,4,5,1,3,2,1,2,5,4,4,4,3,2,4,1,4,4,2017,Yes,Keep the lawls,Pokelawls music / Pokelawls twitch,"Good vibes with chat, back and forth","React harder, collab",idk,"xQc, Caedrel, Grubby",idk,"idk, anyone he has fun with is good vibes",Gregory,"idk, League of Legends?",idk,"Dissection, Immortal, Mgla",Exercises inf Futility ,Pizza,
3/25/2025 9:47:31,25-32,"5'7"" to 5'11""",125-174,Bachelor's,Unemployed,Less than $20k,North America,White,Male,Straight,Cisgender,Buddhism,Liberal,Single,Illinois (IL),,No pets,A few times a year,"Vape, Edible",No,No,No,No,No,No,No,No,No,No,No,No,No,No,Yes,Never,No VR,No,No,No,No,Yes,1,Weed Son,No,Mobile Notifications,No,No,Yes,"Desktop, Laptop",A few times a month,Lurker,No,No,No,Twitch recommended,3-4,2-3,A healthy mix of both,4,4,4,2,3,4,5,3,,1,1,2,5,2,1,1,4,3,5,4,3,1,1,1,1,2019,No,I don't care,I don't care,Variety: beat making is a fun contrast to grinding and collab content is rounds out the experience,maybe a little consistency when Poke gets in his grinding phase,"i like the silly lyrics, country",dizzy,anything co-op,Jerma,glerm,Die Hard Arcade (Sega Saturn),The Raid 2,Anjunadeep,"""Hot Soup"" Danny Brown",Indian Food,
3/25/2025 9:53:19,19-24,"5'7"" to 5'11""",125-174,Some college,"Student, not working",Less than $20k,South America,White,Male,Straight,Cisgender,Christian,Liberal,Single,,,Bird,Never tried it,,Yes,No,No,No,No,No,No,No,No,No,No,No,No,No,No,A few times a week,No VR,"Yes, Poke was a reason","Yes, Poke was a reason",No,No,No,3,Weed Son,Prime subbed,Discord notications,No,Yes,Yes,"Desktop, Laptop, Mobile, TV app",Every stream,Seldom chatter,No,"Yes, but not active",No,Mentioned by another streamer,1-2,2-3,A healthy mix of both,4,5,4,5,5,4,3,2,5,5,5,4,5,5,1,1,2,4,4,5,2,1,5,5,1,2019,I dont care,I don't care,Poke music / Pokelawls twitch,,,,,,,,,,,,,
3/25/2025 9:53:57,25-32,"5'7"" to 5'11""",275-324,Some college,Full time,$20k-$50k,North America,White,Male,Straight,Cisgender,Atheist / Agnostic,Socialist,Dating,Canada,,Dog,A few times a day,"Bong, Blunt, Pipe, Joint, One Hitter, Vape, Edible",No,Yes,No,No,Yes,No,No,No,No,No,No,No,No,No,Yes,A few times a month,No VR,No,No,Balding,No,No,1,Weed Son,Normal sub,Twitch Sidebar / Dashboard,No,Yes,Yes,"Desktop, Mobile, Gaming console",A few times a week,Seldom chatter,No,No,No,Streamer collab,3-4,2-3,A healthy mix of both,4,4,2,4,4,2,4,4,4,3,4,5,5,4,5,1,2,4,4,5,3,4,5,5,1,2020,No,Keep the lawls,Poke music / Pokelawls twitch,he funny + weed,i like when he does stuff and not just idle animation ,im a rich boy frozen like a litch boy rahhhhhhhhhhhhhhhhhhhhhhhhhhhhhhhhhh,paymoneywubby,i might be in the minority but i love wow phase,erobb,poking,skyrim,cool runnings,"mf doom, smino",acid rap,taco but like real taco,w mods
3/25/2025 9:56:32,25-32,"6' to 6'3""",325+,Some college,Full time,$50k-$100k,North America,Black,Male,Bisexual / Pansexual,Cisgender,Other,Liberal,Married,Kansas (KS),,"Dog, Cat",A few times a day,"Blunt, Dabbing, Vape",Yes,Yes,No,No,No,No,No,No,No,No,Yes,No,No,No,Yes,A few times a year,"Yes, I have VR","Yes, Poke was a reason","Yes, Poke was a reason",No,No,Yes,2,Weed Son,Prime subbed,"Twitch Sidebar / Dashboard, Mobile Notifications",Yes,Yes,Yes,"Desktop, Mobile, TV app",Every stream,Lurker,No,"Yes, but not active",No,Streamer collab,11+,4-6,A healthy mix of both,4,4,5,4,4,3,5,3,3,4,3,3,5,5,1,1,4,3,3,3,3,5,1,1,5,2017,I dont care,Change the name,Poke music / Poke twitch,"Music, Random games, Random reacts",Asseto Corsa ,"yeah, he should make metal music like Vildhjarta ",GregKEO,"Rivals, or  Itch.io horror games",GregKEO,floppy,Tekken,Bride of Chucky,"ten56.,  Boundaries, Northlane",Heavener by Invent Animate,Korean BBQ,
3/25/2025 9:57:30,19-24,"5'7"" to 5'11""",125-174,High school / GED,Full time,,North America,Hispanic / Latino,Male,Straight,Cisgender,Other,,Single,Texas (TX),,Dog,Never tried it,,Yes,No,Yes,No,No,No,No,No,No,No,Yes,No,No,No,No,A few times a year,"Yes, I have VR",No,No,No,No,No,1,Weed Son,Normal sub,"Twitch Sidebar / Dashboard, Mobile Notifications, Discord notications",No,Yes,Yes,"Desktop, Laptop, Mobile, Gaming console",Every stream,Lurker,No,"Yes, but not active",No,Youtube recommended / clip compilation,3-4,2-3,A healthy mix of both,5,5,3,5,5,1,5,4,5,5,5,5,5,3,1,3,3,5,5,5,5,5,1,1,1,2020,I dont care,I don't care,Poke music / Pokelawls twitch,Poke and chat making me laugh,"I’m cool with whatever he does it’s all enjoyable for me, but I do watch less when he gets locked in on one game.",I’m not even sure what genre poke does now I just know I enjoy it,"If I’m not watching them I’m watching my friends streams, not really into other big streamers ",More binding of Isaac please ,Idk anyone tbh,buh or any emote that is easy to type on mobile,Left 4 Dead 2,,Shteppi/Issbrokie,MWAH! - issbrokie,Chicken ,
3/25/2025 9:58:59,25-32,"5'7"" to 5'11""",225-274,Some college,Full time,$50k-$100k,North America,Hispanic / Latino,Male,Straight,,Atheist / Agnostic,Apolitical,Married,Texas (TX),,"Dog, Cat",Tried and quit,,Yes,Yes,Yes,No,Yes,No,No,No,No,No,No,No,No,No,Yes,A few times a month,No VR,No,No,No,No,No,3,League Daughter,No,"Mobile Notifications, Discord notications",No,No,Yes,"Desktop, Mobile",A few times a week,Seldom chatter,No,"Yes, but not active",No,Mentioned by another streamer,5-6,2-3,Planned events with set schedules,3,4,3,3,4,4,4,1,3,3,1,3,3,4,1,4,2,,4,4,4,4,1,1,2,2017,I dont care,Keep the lawls,Pokelawls music / Pokelawls twitch,,,,,,,,,,,,,
3/25/2025 10:05:24,25-32,"6' to 6'3""",125-174,Bachelor's,Full time,$100k+,North America,White,Male,Straight,,Christian,Conservative,Dating,Florida (FL),,Dog,A few times a day,"Blunt, Pipe, Joint, Vape",Yes,Yes,Yes,Yes,No,No,No,No,No,No,No,No,No,No,Yes,A few times a year,No VR,No,No,No,No,No,1,Weed Son,No,Twitch Sidebar / Dashboard,No,Yes,Yes,"Desktop, Mobile",A few times a month,Lurker,No,No,No,Streamer collab,1-2,2-3,A healthy mix of both,3,3,3,1,3,3,3,3,3,1,3,3,2,2,2,3,3,3,3,3,2,2,1,1,1,2017,No,Keep the lawls,I don't care,,,,,,,,,,,,,
3/25/2025 10:06:34,16-18,"6' to 6'3""",175-224,Associates / Trade,Self employed / 1099,$100k+,Europe,White,Male,Straight,Cisgender,Other,Centrist,Single,,Netherlands,Cat,Once a day,Joint,Yes,No,No,No,No,No,No,No,No,No,No,No,No,No,Yes,Never,No VR,No,No,No,No,No,3,Weed Son,No,Twitch Sidebar / Dashboard,No,Yes,Yes,Desktop,A few times a week,Lurker,No,No,No,Youtube recommended / clip compilation,3-4,2-3,A healthy mix of both,3,2,4,4,4,1,2,1,3,2,1,3,4,4,2,5,2,2,5,2,3,1,1,1,2,2022,I dont care,I don't care,I don't care,Just gaming,music,i dont care,Divvity,i dont care,i dont care,glorp,Warframe,interstellar,"CZARFACE, Radiohead, Hef","Papierwerk, Hef",Pizza,Dont interact with drama
3/25/2025 10:06:36,19-24,"5'7"" to 5'11""",125-174,Bachelor's,"Student, not working",Less than $20k,North America,Black,Male,Straight,Cisgender,Atheist / Agnostic,Centrist,Single,North Carolina (NC),,Dog,Never tried it,,Yes,No,No,No,No,No,No,No,No,No,No,No,No,No,Learners permit,A few times a year,No VR,No,No,No,No,No,2,League Daughter,No,Twitch Sidebar / Dashboard,Yes,Yes,Yes,"Desktop, Laptop",A few times a week,Lurker,No,No,No,Streamer collab,9-10,4-6,A healthy mix of both,5,5,5,4,4,4,5,4,3,4,3,3,5,5,1,4,3,4,4,4,3,5,1,1,4,2021,I dont care,Keep the lawls,Pokelawls music / Pokelawls twitch,,,,,,,,,,,,,
3/25/2025 10:10:23,19-24,"5'7"" to 5'11""",125-174,Bachelor's,Full time,$20k-$50k,Australia,White,Male,Straight,Cisgender,Buddhism,Liberal,Single,,,No pets,Always,"Bong, Blunt, Joint, Spliff",Yes,Yes,No,No,No,No,No,No,No,No,No,No,Yes,No,Yes,A few times a week,No VR,No,No,No,No,Yes,2,Weed Son,No,Twitch Sidebar / Dashboard,No,Yes,Dont care,"Desktop, Laptop, Mobile",A few times a week,Lurker,No,No,No,Streamer collab,3-4,2-3,A healthy mix of both,4,2,1,3,3,3,4,3,2,3,3,2,4,2,5,5,1,4,4,3,4,3,3,3,1,2018,I dont care,Keep the lawls,Poke music / Pokelawls twitch,good mix of chill vibes gaming and being funny man irl <3 ,what ever :^) just not league please,what ever u enjoy making,"forsen, moonmoon sodapoppin",metal gear 2,poke mom,feelsokayman,Final fantasy 7,Ratatouille ,Radiohead,In Rainbows,Burrito,
3/25/2025 10:13:14,25-32,"6' to 6'3""",225-274,High school / GED,Unemployed,Less than $20k,North America,White,Male,Straight,Cisgender,Atheist / Agnostic,Socialist,Single,Illinois (IL),,No pets,A few times a year,,Yes,Yes,No,No,No,No,No,No,No,No,No,No,No,No,Yes,A few times a month,No VR,No,No,No,No,No,1,League Daughter,No,"Twitch Sidebar / Dashboard, Mobile Notifications",No,Yes,Yes,"Desktop, Mobile",Every stream,Active chatter,No,No,No,Youtube recommended / clip compilation,11+,7+,A healthy mix of both,4,4,5,5,4,5,5,5,5,4,5,3,4,4,1,3,3,3,4,5,3,1,2,3,4,2017,I dont care,I don't care,Poke music / Poke twitch,Poke is pretty authentic and very funny. Whether hes trolling in a game or making music or reacting to something its always funny or entertaining. ,More collabs. Love the stuff with jerma and the boys. Love the trolling content on games like fortnite/roblox/VR. Making more music with other people too like simply and others. ,Ill watch poke try any kind of music. ,Simply,Maybe some dark and darker after the next wipe? ,"Simply, Jerma, squeex, summit. Anyone really",glorp,Kingdom Hearts ,5 cms per second,Kendrick. Dance gavin dance. Juice wrld. Eidola. ,Colors by Between the Buried and Me,Tacos/mexican.,
3/25/2025 10:16:17,25-32,"5'3"" to 5'6""",225-274,High school / GED,Full time,$50k-$100k,North America,White,Female,Bisexual / Pansexual,Cisgender,Atheist / Agnostic,Socialist,Married,Indiana (IN),,"Dog, Lizard / Reptile / Dragon",A few times a day,"Vape, Edible",Yes,No,Yes,No,Yes,No,No,No,No,No,No,No,No,No,Yes,A few times a year,No VR,No,No,No,No,Yes,1,Weed Son,Normal sub,"Twitch Sidebar / Dashboard, Mobile Notifications, Discord notications",No,Yes,Yes,"Desktop, Mobile",Every stream,Seldom chatter,No,"Yes, but not active",No,"Word of mouth, from a friend",5-6,4-6,A healthy mix of both,4,3,5,3,4,4,4,2,4,4,3,3,4,3,2,5,4,4,5,5,5,5,2,2,1,2020,I dont care,Keep the lawls,Poke music / Pokelawls twitch,"Chat, intros with react",Just more fun games tbh. It’s more fun when he enjoys what he is playing ,Hyperpop,Squeex,,Squeex,7TV,Skyrim,Human centipede 2,"Paramore, My Chemical Romance, Lady Gaga",Three Cheers for Sweet Revenge,French fries ,
3/25/2025 10:16:27,25-32,"5'7"" to 5'11""",175-224,Some college,Unemployed,Less than $20k,Asia,Asian / Pacific Islander,Male,Straight,Cisgender,Buddhism,Socialist,Single,,,No pets,Never tried it,,Yes,No,No,No,No,No,No,No,No,No,Yes,No,No,No,Yes,A few times a year,No VR,No,No,No,No,No,5+,League Daughter,No,Twitch Sidebar / Dashboard,No,Yes,Yes,Mobile,A few times a week,Lurker,No,No,No,Streamer collab,5-6,4-6,A healthy mix of both,5,5,5,5,3,3,4,1,5,1,1,1,3,3,1,4,3,2,3,4,3,5,5,5,1,2018,Yes,Change the name,Poke music / Poke twitch,Humor ,"Anything, really (maybe some IRL stuff)",Anything he makes is good,Caedrel,Anything ,Anyone ,7TV,Don't have one,Don't have one ,Don't have one ,Don't have one ,Chicken rice (Hainanese style),
3/25/2025 10:18:14,25-32,"6' to 6'3""",225-274,Bachelor's,Unemployed,Less than $20k,Africa,Black,Male,Straight,Cisgender,Islam,Socialist,Single,Minnesota (MN),,No pets,Never tried it,,No,No,No,No,Yes,No,No,No,No,No,Yes,No,No,Yes,Yes,Never,No VR,No,No,No,No,No,2,League Daughter,No,Mobile Notifications,Yes,Yes,Dont care,"Desktop, Mobile",A few times a week,Seldom chatter,No,No,No,Youtube recommended / clip compilation,3-4,1,Planned events with set schedules,5,5,3,2,5,5,5,2,5,5,2,3,3,2,1,1,3,3,5,5,3,4,1,1,1,2017,I dont care,Change the name,Poke music / Poke twitch,"Collaborations, I believe he is at his best when he bounces off someone as finny as he is.",Collabs,,Northernlion,Not league,Jerma985 (Four Horseman),glorp,Balatro,Amadeus (1984),Kendrick Lamar,"Illinois by Sufjan Stevens, or, “Come on and fell the ILLINOISE”",Pizza,no weed questions
3/25/2025 10:18:26,25-32,"6' to 6'3""",125-174,Bachelor's,Unemployed,Less than $20k,Europe,White,Male,Asexual / Demisexual,,,Socialist,Single,,France,No pets,A few times a year,Joint,Yes,No,No,No,No,No,No,No,No,No,No,No,No,No,No,Never,No VR,No,No,Balding,No,No,2,League Daughter,No,Twitch Sidebar / Dashboard,No,Yes,Dont care,Desktop,A few times a month,Lurker,No,No,No,Streamer collab,1-2,2-3,A healthy mix of both,5,3,1,3,5,3,3,3,3,3,3,3,5,4,4,3,3,3,4,4,3,3,3,3,2,2020,Yes,Change the name,Poke music / Poke twitch,cozy,Playthroughs / Music Streams,Breakcore ,HasanAbi,Terraria Calamity,,xdd,Eastward / Dark Souls 3,The End Of Evangelion,Lana Del Rey / FKA Twigs,Frank Ocean - Blond,Kung pao chicken,"You could take in consideration more genders than ""Cis"" or ""Trans"", like Non-Binary, Agender... Maybe ""questionning"" or ""Other"" could be great idk, but its alright <3"
3/25/2025 10:18:51,25-32,"5'3"" to 5'6""",175-224,Bachelor's,Part time,Less than $20k,North America,Asian / Pacific Islander,Male,Straight,Cisgender,Christian,Conservative,Single,North Carolina (NC),,Cat,Tried and quit,Edible,No,No,No,No,No,No,No,No,No,No,No,No,No,No,Yes,A few times a year,"Yes, I have VR",No,No,No,No,No,2,Weed Son,Prime subbed,Twitch Sidebar / Dashboard,Yes,Yes,Yes,"Desktop, Mobile",Every stream,Seldom chatter,No,"Yes, but not active","Yes, but not active",Streamer collab,1-2,2-3,A healthy mix of both,4,5,3,5,5,5,5,5,5,4,5,5,5,5,1,5,5,5,5,5,5,5,1,1,5,2023,I dont care,Keep the lawls,Poke music / Pokelawls twitch,,,,,,,,,,,,,
3/25/2025 10:22:02,25-32,"6' to 6'3""",225-274,Bachelor's,Full time,$50k-$100k,North America,White,Male,Bisexual / Pansexual,Cisgender,Atheist / Agnostic,Liberal,Single,Minnesota (MN),,No pets,A few times a year,Edible,Yes,Yes,No,No,No,No,No,No,No,No,No,Yes,Yes,No,Yes,A few times a month,"Yes, I have VR",No,No,Yes,No,No,1,League Daughter,Prime subbed,"Mobile Notifications, Discord notications",No,Yes,Yes,"Desktop, Mobile",Every stream,Seldom chatter,No,"Yes, but not active",No,Streamer collab,5-6,2-3,A healthy mix of both,5,2,5,3,5,2,4,3,4,4,1,2,4,1,5,5,5,3,3,3,5,5,1,1,4,2018,I dont care,Change the name,I don't care,His humor and Good Vibes,Games and Drama Free Streams,As long as Poke has fun with it.,PayMoneyWubby,GTA V Roleplay,CYR,uuh,Dragon Age Inquisition ,Lord of the Rings: Return of the King,Wardruna,Tron: Legacy,Mashed Potatoes,The open eneded questions are going to be a nightmare to sort though. Less open ended variance. (Good questions are favorite movie? Rather than What should poke do to improve____? There is going to be a crazy amount of variance)
3/25/2025 10:24:39,19-24,"4'11"" to 5'2""",Under 125,Associates / Trade,Unemployed,Less than $20k,North America,White,Female,Straight,Cisgender,Christian,Centrist,Single,Florida (FL),,"Dog, Cat",Never tried it,,No,No,No,No,Yes,No,No,No,No,No,No,No,No,No,Yes,A few times a month,No VR,No,No,No,No,No,2,League Daughter,Prime subbed,"Mobile Notifications, Discord notications",Yes,Yes,Yes,"Desktop, Mobile",Every stream,Lurker,No,"Yes, but not active",No,Streamer collab,7-8,2-3,A healthy mix of both,2,3,3,4,4,4,5,3,3,3,2,3,4,3,2,4,3,4,4,3,4,4,2,2,1,2022,I dont care,Keep the lawls,Poke music / Pokelawls twitch,His humor LO,"I'll watch whatever as long as Poke is there
he should play more horror tho it would be content",I'm not much of a music frog but the goofy sounding beats make me laugh a lot,Probably boon,dead by daylight with dizzy and gigi,Dizzy and gigi !,Any of the cat emotes tbh ,Shadow of the colossus,Tangled,"Ray Volpe, Kai Wachi, Pendulum,... I listen to EDM mostly",Moral Panic by Nothing but Thieves,Breakfast sandwiches,was fun thanks x
3/25/2025 10:25:08,19-24,"5'7"" to 5'11""",125-174,Master's,Unemployed,Less than $20k,Europe,White,Male,Straight,Cisgender,Atheist / Agnostic,Apolitical,Single,,France,No pets,A few times a month,Joint,Yes,No,No,No,No,No,No,No,No,No,No,No,No,No,Yes,Never,No VR,No,No,No,No,No,3,Weed Son,No,Twitch Sidebar / Dashboard,No,Yes,Yes,"Desktop, Laptop, Mobile",A few times a week,Lurker,No,No,No,LSF / Reddit,3-4,2-3,A healthy mix of both,4,4,1,1,2,1,2,1,1,1,1,1,5,2,1,5,2,4,3,5,1,5,1,1,2,2018,I dont care,Keep the lawls,I don't care,chill cozy great sense of humor great music,music and contests,like everything :),forsen,anything but comp games,no one,aga,witcher 3,the batman (2022),"Isaiah Rashad, MIKE, MAVI, JPEGMAFIA, ScHoolboy Q, Alchemist,...",the house is burning isaiah rashad,pasta,
3/25/2025 10:25:58,19-24,"5'7"" to 5'11""",275-324,High school / GED,"Student, not working",Less than $20k,North America,Hispanic / Latino,Male,Straight,Cisgender,Christian,Liberal,Single,Texas (TX),,Dog,Never tried it,,Yes,No,No,No,No,No,No,No,No,No,No,No,No,No,Learners permit,A few times a year,"Yes, I have VR",No,No,No,No,No,2,League Daughter,No,"Twitch Sidebar / Dashboard, Mobile Notifications",Yes,Yes,Yes,"Desktop, Mobile",A few times a week,Seldom chatter,No,No,No,Youtube recommended / clip compilation,3-4,2-3,"Spontaneous, unpredictable content",5,2,4,1,2,1,2,1,1,1,1,1,1,1,1,1,1,1,3,1,2,4,1,1,1,2019,I dont care,Change the name,Poke music / Poke twitch,Late night chill squad/duo (w. Gigi & Dizzy) game streams,Late night chill squad/duo (w. Gigi & Dizzy) game streams,"Anything he’s passionate about is usually a banger, so whatever he wants basically.",Erobb221,Any horror game,I desperately need the old squad back,oPeepo,Batman Arkham Origins ,Jurassic Park ,C418,Minecraft Soundtrack ,"Any kind of asian noodle dish (Pad Thai, Lo Mein, Chow Mein, etc)",None
3/25/2025 10:26:14,19-24,"5'7"" to 5'11""",175-224,Bachelor's,Full time,Less than $20k,Asia,Asian / Pacific Islander,Male,Straight,Cisgender,Buddhism,Centrist,Single,,,No pets,Never tried it,Edible,No,No,No,No,No,No,No,No,No,No,No,No,No,No,Yes,A few times a year,No VR,No,No,Balding,No,No,5+,League Daughter,No,"Mobile Notifications, Discord notications",No,Yes,Yes,"Desktop, Laptop, Mobile, Tablet",A few times a month,Lurker,No,No,No,Twitch recommended,Less than one,2-3,A healthy mix of both,3,4,4,4,4,3,4,3,4,5,2,3,4,4,1,5,4,4,4,4,4,4,1,3,2,2023,Yes,I don't care,I don't care,"Funny, lighthearted and trolling",GTA RP or fun games,Let him cook,forsen,Not League,ekoP,Dance,Counter Strike,The Nice Guys ig,Mac Miller,Circles,Burger,
3/25/2025 10:27:21,25-32,"5'7"" to 5'11""",175-224,Bachelor's,Full time,$100k+,North America,White,Male,Straight,Cisgender,Other,Socialist,Married,Pennsylvania (PA),,Snake,A few times a year,Edible,Yes,Yes,No,No,No,No,No,No,No,No,No,No,No,No,Yes,A few times a year,No VR,No,No,Balding,No,Yes,2,League Daughter,No,Twitch Sidebar / Dashboard,No,No,Yes,"Desktop, Mobile",A few times a month,Seldom chatter,No,No,No,Mentioned by another streamer,1-2,2-3,A healthy mix of both,5,4,2,5,4,1,4,1,4,4,1,2,3,2,1,1,1,5,1,1,1,2,5,5,1,2018,Yes,Change the name,Poke music / Poke twitch,His personality ,Planned events that focus on poke's personality,,Jerma,,Jerma,,Halo Reach,No Country for Old Men,Nujabes,,Sushi,
3/25/2025 10:27:46,19-24,"5'3"" to 5'6""",Under 125,High school / GED,Self employed / 1099,$100k+,Europe,White,Male,Straight,Cisgender,Christian,Apolitical,Single,,Poland,"Dog, Cat, Fish, Spider, Snake",Never tried it,,Yes,No,Yes,Yes,No,No,No,No,No,No,No,No,No,No,No,Never,No VR,Yes,No,No,No,Yes,2,League Daughter,No,"Twitch Sidebar / Dashboard, Mobile Notifications",No,Yes,Dont care,Desktop,Every stream,Seldom chatter,No,No,No,Streamer collab,7-8,2-3,A healthy mix of both,4,5,2,2,5,3,5,4,5,4,2,3,2,1,1,4,2,4,5,5,5,5,1,1,3,2019,Yes,I don't care,I don't care,variety,cummunity  gaming,,forsen,,,,,,,,,
3/25/2025 10:27:48,25-32,"6' to 6'3""",175-224,Bachelor's,Full time,$20k-$50k,Europe,White,Male,Straight,Cisgender,Atheist / Agnostic,Liberal,Single,,Russia,"No pets, No but I had cats, the all died of old age",Tried and quit,,Yes,Yes,No,No,No,No,No,No,No,No,Yes,No,No,No,No,A few times a year,"Yes, I have VR",No,No,No,No,No,2,League Daughter,No,"Twitch Sidebar / Dashboard, Mobile Notifications",No,Yes,No,"Desktop, Mobile",A few times a week,Active chatter,No,No,No,Streamer collab,5-6,2-3,A healthy mix of both,3,3,2,1,2,1,2,1,1,1,2,2,2,3,4,4,4,3,3,3,2,4,1,4,5,2021,No,I don't care,I don't care,Poke is funny. Chat community is amazing. I like poke's choice of content,"Games, reacts",No,NymN,-,-,Buggin,Cyberpunk 2077,Whiplash,"Death Grips, The Doors, Aphex Twin, Four Tet",Death Grips - Exmilitary,Chicken breast and rice,pls no steal data
3/25/2025 10:28:42,19-24,"5'3"" to 5'6""",175-224,Bachelor's,Unemployed,Less than $20k,North America,White,Female,Straight,Cisgender,Atheist / Agnostic,Liberal,Dating,Texas (TX),,Cat,Never tried it,,Yes,Yes,No,No,No,No,No,No,No,No,No,No,No,No,Yes,A few times a month,"Yes, I have VR",No,No,No,No,No,1,Weed Son,No,Twitch Sidebar / Dashboard,Yes,Yes,Yes,Desktop,A few times a week,Lurker,No,No,No,"Word of mouth, from a friend",3-4,2-3,A healthy mix of both,3,4,2,2,3,3,3,3,3,2,1,1,2,2,3,3,2,3,3,2,2,2,2,2,1,2019,I dont care,Change the name,I don't care,,,,,,,,,,,,,
3/25/2025 10:30:03,25-32,"6'4""+",175-224,High school / GED,Full time,Less than $20k,North America,White,Male,Straight,Cisgender,Christian,Apolitical,Single,Florida (FL),,Cat,Always,"Bong, Dabbing, Joint, Edible",No,Yes,Yes,No,No,No,No,No,No,No,No,No,No,No,Yes,A few times a week,No VR,No,No,No,No,No,1,Weed Son,Prime subbed,"Mobile Notifications, Discord notications",Yes,Yes,Yes,"Desktop, Mobile",Every stream,Active chatter,No,"Yes, but not active",No,Streamer collab,7-8,4-6,A healthy mix of both,3,3,,2,2,2,4,4,4,4,2,3,2,2,1,3,2,3,4,2,2,3,1,3,1,2019,No,Change the name,Poke music / Poke twitch,Chill vibes. Feels like hanging with friends.,IRL,Old school hip hop beats,Imperialhal__,GTA VI,Chuck Norris,Robert,Halo,Fight Club,Gangstaar,Beastie Boys Licensed to Ill,Pizza,Ask how many months subbed next time 
3/25/2025 10:30:27,19-24,"5'3"" to 5'6""",125-174,Some college,Part time,$20k-$50k,North America,White,Female,Straight,Cisgender,Atheist / Agnostic,Liberal,Dating,Michigan (MI),,Cat,Tried and quit,,Yes,Yes,No,No,No,No,No,No,No,No,No,No,No,No,Yes,A few times a week,"Yes, I have VR",No,No,No,No,No,1,League Daughter,No,"Twitch Sidebar / Dashboard, Mobile Notifications",No,Yes,Yes,"Desktop, Mobile, Tablet",A few times a week,Lurker,No,No,No,Streamer collab,3-4,2-3,A healthy mix of both,4,3,5,3,2,2,4,3,4,4,3,3,4,4,3,4,5,5,5,4,2,5,1,2,5,2022,I dont care,I don't care,Poke music / Pokelawls twitch,Chill vibes,,,Extraemily,Elden ring nightreign ,,RAGEY,Last of us,Jumanji (1995),"Waterparks, Taylor Swift, Travis Scott",Rodeo- Travis Scott,Spaghetti ,
3/25/2025 10:31:07,33-39,"6' to 6'3""",275-324,Associates / Trade,Unemployed,Less than $20k,North America,White,Male,Straight,Cisgender,Atheist / Agnostic,Socialist,Single,New Mexico (NM),,No pets,Always,Bong,No,No,No,No,No,No,No,No,No,No,Yes,No,No,No,Yes,A few times a year,No VR,No,No,No,No,No,1,Weed Son,No,"Twitch Sidebar / Dashboard, Mobile Notifications",No,Yes,Dont care,"Desktop, Mobile",A few times a week,Seldom chatter,No,No,No,Streamer collab,11+,4-6,A healthy mix of both,5,3,3,1,4,4,4,4,5,5,5,5,5,3,1,5,4,5,5,3,1,3,4,4,4,2019,No,Keep the lawls,I don't care,"having fun, silly moments",structured/pre-planned content maybe?,"I like metal/hardcore/post hardcore, but i know poke don't fuck with it",NorthernLion,n/a,Cyr or Will Neff,Pog,n/a,n/a,"Knocked Loose, Movements, Bilmuri, Hot Mulligan, Adventurer, Protest the Hero",Happiness - Dance Gavin Dance,Pho,
3/25/2025 10:33:01,25-32,"5'3"" to 5'6""",125-174,Associates / Trade,Full time,$50k-$100k,North America,Hispanic / Latino,Male,Straight,Cisgender,Other,Liberal,Dating,Nevada (NV),,Cat,A few times a year,"Blunt, Joint, Spliff",No,No,No,No,Yes,No,No,No,No,No,No,No,No,No,Yes,Daily,No VR,No,No,No,No,No,3,Weed Son,Prime subbed,Mobile Notifications,No,No,Yes,"Laptop, Mobile, TV app",Every stream,Seldom chatter,No,No,No,Streamer collab,5-6,2-3,A healthy mix of both,4,4,4,4,4,4,4,4,4,4,4,4,4,4,4,4,4,4,4,4,4,4,1,4,4,2023,I dont care,Change the name,Poke music / Poke twitch,The soundboard need more sounds fs,Any type of content is cool with me except drama.,Not really i vibe with anything,Jerma,Gta 6,,PokeWide,Modern Warfare 2,Over the hedge,Title Fight,Feel something Movements,Steak potatoes and vegetables,
3/25/2025 10:35:02,25-32,"6' to 6'3""",125-174,Bachelor's,Full time,$50k-$100k,Africa,White,Male,Straight,Cisgender,,Apolitical,Single,,,No pets,Never tried it,,Yes,No,No,No,No,No,No,No,No,No,No,No,No,No,Yes,A few times a year,"Yes, I have VR",No,No,No,No,No,2,League Daughter,No,Twitch Sidebar / Dashboard,No,Yes,Yes,"Desktop, Mobile",A few times a month,Lurker,No,No,No,Youtube recommended / clip compilation,1-2,1,A healthy mix of both,2,2,2,3,2,5,4,2,2,2,2,4,4,3,1,3,3,2,2,2,3,2,1,2,1,2019,I dont care,I don't care,I don't care,comedy,,,,,,OrangeLeave,Outer wilds,,,Random access memories,,
3/25/2025 10:36:55,19-24,"5'7"" to 5'11""",125-174,Some college,"Student, not working",Less than $20k,Australia,Middle Eastern,Male,Straight,Cisgender,Atheist / Agnostic,Apolitical,Single,,,No pets,A few times a year,Joint,Yes,Yes,No,No,No,No,No,No,No,No,No,No,No,No,Learners permit,A few times a week,No VR,No,No,No,No,No,2,League Daughter,No,Twitch Sidebar / Dashboard,No,Yes,Dont care,Desktop,A few times a month,Seldom chatter,No,No,No,Mentioned by another streamer,5-6,2-3,A healthy mix of both,5,5,5,1,2,2,3,2,1,1,1,1,1,5,1,4,3,3,3,2,3,3,1,1,2,2017,I dont care,I don't care,Pokelawls music / Pokelawls twitch,The chill vibes both from Poke himself and the community.,,,Zoil,,,AlienPls3,Terraria,La La Land,"Weeknd, Kanye, Kendrick",My Beautiful Dark Twisted Fantasy,Loaded Fries,
3/25/2025 10:38:42,25-32,"6'4""+",225-274,Master's,Full time,$100k+,North America,White,Male,Straight,Cisgender,Atheist / Agnostic,Conservative,Single,Arizona (AZ),,Dog,A few times a month,"Blunt, Joint, Vape",Yes,Yes,No,No,No,No,No,No,No,No,No,No,Yes,No,Yes,A few times a week,"Yes, I have VR",No,No,No,Veteran,Yes,3,League Daughter,No,Twitch Sidebar / Dashboard,No,No,Dont care,Desktop,A few times a month,Lurker,No,No,No,"Word of mouth, from a friend",1-2,2-3,A healthy mix of both,3,5,2,4,3,1,3,3,2,2,3,3,4,4,4,4,4,4,4,3,3,3,1,1,3,2016 or earlier,Yes,I don't care,I don't care,n/a,n/a,n/a,Crownie_lol (the sex master),n/a,n/a,,WoW,Die Hard,,,,
3/25/2025 10:41:24,25-32,"5'7"" to 5'11""",125-174,Some college,Unemployed,$20k-$50k,Europe,White,Male,Straight,Cisgender,Atheist / Agnostic,Centrist,Single,,Norway,No pets,A few times a month,"Bong, Joint, Vape",Yes,Yes,No,No,No,No,No,No,No,No,Yes,No,No,No,Learners permit,A few times a month,"Yes, I have VR",No,No,No,Active service,No,2,Weed Son,No,Twitch Sidebar / Dashboard,No,Yes,Yes,Desktop,A few times a month,Lurker,No,No,No,Streamer collab,5-6,2-3,A healthy mix of both,4,2,3,1,2,3,5,5,1,3,1,1,1,1,2,4,3,5,5,2,1,3,1,2,2,2020,I dont care,Change the name,Poke music / Poke twitch,Variety and games with gigi,,,LIRIK,Star Citizen,21,forsenE,To the moon,Lotr trilogy,,,Taco,
3/25/2025 10:42:46,25-32,"5'7"" to 5'11""",Under 125,High school / GED,Full time,$50k-$100k,North America,White,Male,Straight,Cisgender,Atheist / Agnostic,Conservative,Single,Texas (TX),,Dog,Tried and quit,,Yes,Yes,Yes,No,No,No,No,No,No,No,No,No,No,No,Yes,Most days,"Yes, I have VR. Poke contributed",No,No,No,No,No,1,Weed Son,Normal sub,"Twitch Sidebar / Dashboard, Chatterino / Offline chatting",Yes,Yes,Yes,"Desktop, Mobile",Every stream,Seldom chatter,Yes,"Yes, but not active",No,Mentioned by another streamer,5-6,4-6,A healthy mix of both,5,5,5,5,5,4,5,4,4,5,4,5,5,4,4,4,5,4,5,5,5,4,3,3,3,2018,I dont care,Keep the lawls,Poke music / Pokelawls twitch,His humor and people his plays with,Variety coop games,Rap,Sodapoppin,SCP:5k,Ster,glorp,Garry's Mod,Primer,"Polyphia, Sleep Token, Ice Nine Kills, Whitechapel",Two by Sleep Token,Gyro,
3/25/2025 10:42:49,25-32,"6' to 6'3""",175-224,Associates / Trade,Unemployed,Less than $20k,Europe,Multiethnic,Male,Straight,Cisgender,Other,Centrist,Single,,United Kingdom,Cat,A few times a day,Vape,Yes,Yes,No,No,No,No,No,No,No,No,No,No,Yes,No,No,A few times a month,No VR,No,No,Balding,No,No,1,Weed Son,No,"Mobile Notifications, Chatterino / Offline chatting",Yes,Yes,Dont care,"Desktop, Mobile",Every stream,Active chatter,No,No,No,Streamer collab,11+,4-6,A healthy mix of both,5,5,5,3,3,3,3,2,5,5,1,3,5,5,4,3,4,2,5,3,2,1,2,3,4,2019,I dont care,Change the name,Poke music / Poke twitch,"Music, community interaction/vc, reacts, ragebaiting",IN REAL LIFE,"Hes already on the right path - I dont want to see any specific genre in general, I'd like to be surprised by something that just sounds good.",Humzh,I dont care,"peaks100, wakewilder, extraemily",LMFAO,League Of Legends,Blade,"Nujabes, CARTI, XXXTENTACION, Trippie Redd, Danil Danzheev ",MOVIE MUSIC,slow cooked lamb with rice or couscous,aga
3/25/2025 10:43:21,25-32,"5'7"" to 5'11""",125-174,Some college,Self employed / 1099,Less than $20k,North America,White,Male,Bisexual / Pansexual,Cisgender,Atheist / Agnostic,Socialist,Single,Michigan (MI),,"Dog, Cat",A few times a day,"Blunt, Vape, Edible",Yes,Yes,Yes,No,No,Yes,No,No,No,No,Yes,Yes,No,No,Yes,Never,No VR,Yes,No,No,No,No,1,Weed Son,No,Chatterino / Offline chatting,Yes,Yes,Yes,"Desktop, Mobile",Every stream,Active chatter,Yes,"Yes, but not active",No,Mentioned by another streamer,7-8,4-6,,4,3,5,2,3,4,5,5,4,3,3,3,5,2,1,3,4,3,3,4,3,5,3,3,1,2020,I dont care,Change the name,Poke music / Pokelawls twitch,"the lawls, VR, variety, just chatting",music,ambient :) ,central_committee,super smash bros melee netplay on slippi.gg,"TSM Leffen, Hasan, dizzy, central_committee, zoil, ",waga,super smash bros melee,the science of sleep,n/a,movie music by pokelawls LO,pizza,
3/25/2025 10:45:18,25-32,"6' to 6'3""",175-224,Bachelor's,Full time,$100k+,North America,White,Male,Straight,Cisgender,Atheist / Agnostic,Liberal,Dating,New York (NY),,Cat,A few times a day,"Vape, Edible",Yes,No,No,No,Yes,No,No,No,No,No,No,No,No,No,Yes,A few times a year,No VR,No,No,No,No,No,1,Weed Son,No,Twitch Sidebar / Dashboard,No,Yes,Dont care,"Desktop, Mobile, TV app",A few times a week,Seldom chatter,No,No,No,Twitch game categories,5-6,2-3,A healthy mix of both,4,4,2,2,3,3,4,2,2,4,3,3,3,3,3,3,4,4,4,3,3,4,3,3,2,2016 or earlier,No,Change the name,I don't care,Funny,Weed,,thebausffs,,,,,,,,,
3/25/2025 10:45:31,19-24,"4'11"" to 5'2""",175-224,High school / GED,Unemployed,Less than $20k,North America,White,Gender Fluid,Questioning,Transgender,Atheist / Agnostic,,Single,Connecticut (CT),,Cat,Always,"Bong, Blunt, One Hitter, Vape",Yes,No,No,No,No,No,No,No,No,No,Yes,No,No,No,No,A few times a month,"Yes, I have VR",No,Yes,No,No,No,2,Weed Son,No,"Twitch Sidebar / Dashboard, Discord notications, Chatterino / Offline chatting",Yes,Yes,Dont care,"Desktop, Mobile, TV app, Gaming console",Every stream,Seldom chatter,Yes,"Yes, but not active",No,Mentioned by another streamer,9-10,2-3,A healthy mix of both,4,3,4,5,5,3,3,1,1,3,4,1,2,4,1,4,3,3,4,2,4,3,1,1,4,2020,I dont care,Keep the lawls,Poke music / Pokelawls twitch,Sub alert timings and poke yap sessions,stuff with the community ,daria core PLEASE,Dizzy :3,hellblade senua sacrifice ,idk,catmakingpizza,idk,Wall-e,jpeg mafia,hardcore omnibus volume 1,onion bagels with a little butter,
3/25/2025 10:45:42,33-39,"6' to 6'3""",225-274,Associates / Trade,"Student, not working",Less than $20k,Europe,White,Male,Straight,Cisgender,Atheist / Agnostic,Liberal,Single,,Sweden,No pets,A few times a year,Joint,Yes,Yes,No,No,No,No,No,No,No,No,No,No,No,No,Yes,A few times a year,No VR,No,No,No,No,Yes,2,Weed Son,Prime subbed,"Twitch Sidebar / Dashboard, Chatterino / Offline chatting",Yes,Yes,Dont care,"Desktop, Mobile",A few times a week,Seldom chatter,No,No,No,Mentioned by another streamer,5-6,2-3,A healthy mix of both,4,3,2,2,4,4,4,3,4,4,3,2,3,1,2,3,3,4,4,2,1,4,1,1,1,2020,I dont care,Change the name,Poke music / Poke twitch,Chill content,IRL and Collabs,Electronic / Drum and Bass,Hrry,Atomfall,Esfand,hryLafExceptInPain,Bastion,Into the Wild,Deadmau5,Black Sabbath,Pasta Carbonara,"Maybe less personal questions, and maybe more about what I dislike about Poke streams"
3/25/2025 10:46:31,19-24,"5'3"" to 5'6""",125-174,Some college,"Student, not working",Less than $20k,North America,Multiethnic,Non Binary,Bisexual / Pansexual,Transgender,Atheist / Agnostic,Socialist,Single,Canada,,Dog,A few times a year,"Blunt, Edible",No,No,No,No,No,No,No,No,No,No,No,No,No,No,Learners permit,A few times a month,No VR,No,No,No,No,Yes,2,League Daughter,No,"Twitch Sidebar / Dashboard, Mobile Notifications",No,No,Yes,"Laptop, Mobile",A few times a week,Seldom chatter,No,No,No,Streamer collab,3-4,2-3,A healthy mix of both,4,3,2,2,2,3,4,4,2,1,3,3,3,2,2,4,3,4,4,2,3,3,2,2,2,2023,I dont care,I don't care,I don't care,Poke talking and music,Music,East coast hip hop,Jerma,Elen Ring,Jerma,ResidentSleeper ,God of War: Ragnarök ,The Hateful Eight,"A Tribe Called Quest, Nas, The Pharcyde, Tyler the Creator",The Low End Theory,Sashimi ,
3/25/2025 10:48:42,19-24,"5'7"" to 5'11""",125-174,High school / GED,Part time,$20k-$50k,North America,White,Non Binary,Bisexual / Pansexual,Transgender,Atheist / Agnostic,Socialist,Single,Canada,,"Dog, Spider",Always,"Bong, Pipe, Edible",Yes,Yes,No,No,No,No,No,No,No,No,No,No,No,No,No,A few times a month,"Yes, I have VR. Poke contributed",No,Yes,No,No,Yes,1,Weed Son,Prime subbed,Twitch Sidebar / Dashboard,No,Yes,Yes,"Desktop, Mobile",Every stream,Lurker,No,No,No,,3-4,2-3,A healthy mix of both,4,4,3,2,3,5,5,1,4,5,1,2,3,2,1,3,2,2,4,2,5,4,2,2,1,2018,I dont care,I don't care,I don't care,"His community interaction, he is really funny and good with it",Voices of the void,,Carter,"Any horror game, full playthrough.",More Jerma and Ster,Glorp,Minecraft,Pulp Fiction,Fleetwood Mac,Rumours by Fleetwood Mac,cheese,no
3/25/2025 10:49:14,25-32,"5'7"" to 5'11""",175-224,Bachelor's,Full time,$50k-$100k,Europe,Asian / Pacific Islander,Male,Straight,Cisgender,Atheist / Agnostic,Socialist,Single,,Netherlands,No pets,A few times a week,Vape,Yes,Yes,Yes,No,No,No,No,No,No,No,No,No,No,No,No,A few times a month,No VR,No,No,No,No,Yes,5+,Weed Son,Prime subbed,Twitch Sidebar / Dashboard,No,Yes,Yes,"Desktop, Laptop, Mobile",A few times a week,Seldom chatter,No,"Yes, but not active",No,Youtube recommended / clip compilation,5-6,2-3,A healthy mix of both,3,2,4,4,3,2,4,3,3,4,4,5,4,4,3,5,4,4,4,5,5,5,1,3,4,2016 or earlier,I dont care,I don't care,I don't care,Mostly just his opinion on new memes or setting the trend for something POKING,I loved poke tarkov era or GTA RP or some sort of RP,na he doing good,PSP1G (smoge) or Caedrel,Yakuza,dont care,NOTPOKING,ArmA 3,Perfect Days,Mac Miller,My beautiful Dark Twisted Fantasy,Sushi,love you 
3/25/2025 10:51:24,19-24,"5'7"" to 5'11""",125-174,Bachelor's,Part time,Less than $20k,North America,White,Male,Straight,Cisgender,Atheist / Agnostic,Liberal,Dating,Kansas (KS),,No pets,A few times a week,"Bong, Joint, Vape",Yes,No,No,No,No,No,No,No,No,No,No,No,No,No,Yes,A few times a year,No VR,No,No,No,No,No,1,League Daughter,No,"Mobile Notifications, Discord notications",No,Yes,Yes,"Laptop, Mobile, TV app, Gaming console",A few times a week,Lurker,No,No,No,Streamer collab,3-4,4-6,A healthy mix of both,,,,,,,,,,,,,,,,,,,,,,,,,,2020,No,I don't care,I don't care,,,,,,,,,,,,,
3/25/2025 10:51:45,25-32,"5'7"" to 5'11""",125-174,Bachelor's,Full time,$100k+,North America,White,Male,Straight,Cisgender,Atheist / Agnostic,Socialist,Single,Indiana (IN),,No pets,A few times a month,Edible,No,No,No,No,No,No,No,No,No,No,No,No,No,No,Yes,Never,"Yes, I have VR. Poke contributed",No,No,No,No,No,1,Weed Son,No,Mobile Notifications,No,Yes,Yes,"Desktop, Laptop, Mobile, Tablet",A few times a week,Seldom chatter,No,"Yes, but not active",No,Mentioned by another streamer,3-4,2-3,A healthy mix of both,3,5,5,2,2,2,5,2,3,3,3,3,5,4,1,4,2,3,2,2,1,2,1,1,1,2020,I dont care,I don't care,I don't care,,,,Northernlion,,,AlienUnpleased,,,,,,
3/25/2025 10:52:09,19-24,"5'3"" to 5'6""",125-174,Some college,Full time,$50k-$100k,North America,Asian / Pacific Islander,Female,Straight,Cisgender,Other,Liberal,Dating,Massachusetts (MA),,Cat,Tried and quit,,Yes,Yes,No,No,Yes,No,No,No,No,No,No,No,No,No,Yes,A few times a month,No VR,No,No,No,No,Yes,2,League Daughter,No,Twitch Sidebar / Dashboard,No,Yes,No,"Desktop, Mobile",A few times a week,Lurker,No,No,No,Mentioned by another streamer,5-6,4-6,A healthy mix of both,3,4,4,2,2,3,3,1,5,5,3,2,3,5,4,1,5,2,4,3,3,5,1,1,5,2019,I dont care,Keep the lawls,Pokelawls music / Pokelawls twitch,I like when he talks to chat and plays game that I play. I also like when he reacts to music a lot! I think my favorite streams are unironically league of legends and tiktok. My favorite streams are when he is cooking (rare).,I would like to see more cooking streams! I hope Poke will one day be comfortable with more IRL because those streams are very funny too. ,"I like when he makes music that is Drums and Bass, but also EDM/Trance.",Erobb221,I would love to see an entire completion of stardew valley.,Plaqueboymax and Erobb221,"LOL, Lemon",Stardew Valley,Fantastic Mr. Fox,"Crystal Castles, Kanye West, Imogen Heap",Crystal Castles; Crystal Castles,Dumplings,Nothing maybe favorite color or if you are the youngest/oldest sibling. I think that is kind of accurate for how a lot of people act :D
3/25/2025 10:57:00,19-24,"5'7"" to 5'11""",175-224,Bachelor's,Part time,$20k-$50k,North America,White,Female,Gay / Lesbian,Transgender,Atheist / Agnostic,Liberal,Single,North Carolina (NC),,"Dog, Cat, Fish, Bird, Guinea Pig",A few times a week,Bong,Yes,Yes,No,No,Yes,No,Yes,No,No,No,Yes,No,No,No,Yes,Never,No VR,No,No,No,No,Yes,1,League Daughter,No,Twitch Sidebar / Dashboard,No,Yes,Yes,"Desktop, Laptop, Mobile, Tablet, TV app, Gaming console",Every stream,Lurker,Yes,No,No,Music,3-4,2-3,A healthy mix of both,5,5,2,3,2,3,5,3,1,3,2,5,5,2,1,1,5,4,5,5,5,5,1,3,1,2018,Yes,Change the name,Poke music / Poke twitch,,,,,,,,,,,,,
3/25/2025 10:57:26,25-32,"6' to 6'3""",175-224,Associates / Trade,"Student, not working",Less than $20k,North America,White,Male,Straight,Cisgender,Atheist / Agnostic,Liberal,Single,Washington (WA),,No pets,Tried and quit,"Bong, Vape, Edible",No,No,No,No,No,No,No,No,No,No,No,No,No,No,Yes,A few times a month,No VR,No,No,No,No,No,2,Weed Son,No,Twitch Sidebar / Dashboard,Yes,Yes,Yes,Desktop,Every stream,Seldom chatter,No,No,No,Youtube recommended / clip compilation,7-8,2-3,A healthy mix of both,5,5,3,3,4,4,5,1,3,3,2,4,5,3,1,1,4,4,4,3,2,1,1,1,1,2021,Yes,I don't care,I don't care,Chat interaction (when not getting one guyed) ,IRL and more gaming with friends ,,Squeex,,Four Horsemen ,LO ,EA Skate ,,"Future, Young Thug, 454, Built to Spill, Duster",Barter 6 - Young Thug ,Pizza ,
3/25/2025 10:57:31,25-32,"6' to 6'3""",175-224,Bachelor's,Unemployed,$20k-$50k,Europe,White,Male,Straight,Cisgender,Atheist / Agnostic,Apolitical,Single,,United Kingdom,Dog,Never tried it,,Yes,Yes,No,No,No,No,No,No,No,No,No,No,No,No,Yes,A few times a year,"Yes, I have VR",Yes,No,No,No,Yes,2,League Daughter,No,Twitch Sidebar / Dashboard,Yes,Yes,Yes,"Desktop, Mobile",A few times a week,Lurker,No,No,No,Mentioned by another streamer,5-6,2-3,A healthy mix of both,4,4,3,1,4,4,3,3,1,1,3,3,3,2,2,1,2,4,5,4,4,4,1,3,2,2020,I dont care,I don't care,I don't care,Funny chat and actual variety,,,Quin69,,Spore,PagMan,Dynasty Warriors 8: Extreme Legends,Treasure Planet,"Mystery Skulls, Ivycomb, Basshunter, Daftpunk","Isn't really a specific album, generally specific tracks over albums","Chicken Kiev, Chips (Fries), Peas/Carrots",
3/25/2025 10:57:54,19-24,"6' to 6'3""",125-174,High school / GED,Full time,Less than $20k,Africa,White,Male,Straight,,Atheist / Agnostic,Apolitical,Single,,,Dog,Never tried it,,Yes,No,No,No,No,No,No,No,No,No,No,No,No,No,Yes,A few times a month,No VR,No,No,No,No,No,2,Weed Son,No,"Twitch Sidebar / Dashboard, Mobile Notifications",Yes,Yes,Yes,"Desktop, Mobile",Every stream,Lurker,No,No,No,Streamer collab,7-8,2-3,"Spontaneous, unpredictable content",5,3,5,2,2,1,5,3,2,4,2,1,2,1,1,2,3,4,5,3,1,5,1,2,1,2022,I dont care,I don't care,I don't care,"He's really chill, lot's of funny interactions with chat, I enjoy pretty much everything except league.","Chill random games like the one he's currently playing (Schedule I), and him just chilling and talking to chat.","I don't really pay much attention to the music content except for the random memes and funny moments, when he's making weird noises and such.",xQc and forsen.,Fortnite,xQc,Caught,Fortnite,poke stream,Not sure,Not sure,Too much to pick from,
3/25/2025 10:59:41,33-39,"5'7"" to 5'11""",225-274,Bachelor's,Full time,$50k-$100k,North America,White,Male,Straight,Cisgender,Atheist / Agnostic,Socialist,Engaged,Pennsylvania (PA),,"Cat,  Two cats",Once a day,"Pipe, Joint, Edible",Yes,Yes,Yes,Yes,Yes,Yes,,,Yes,Yes,Yes,Yes,Yes,Yes,Yes,A few times a month,"Yes, I have VR. Poke contributed",No,No,No,No,No,1,Weed Son,Normal sub,"Twitch Sidebar / Dashboard, Chatterino / Offline chatting",Yes,Yes,Yes,"Desktop, Laptop, Mobile, Tablet, TV app, Gaming console",Every stream,Active chatter,Yes,"Yes, and I'm active there",No,Mentioned by another streamer,7-8,2-3,A healthy mix of both,5,5,5,5,5,5,5,5,5,5,1,1,4,4,1,5,4,4,4,5,5,5,1,1,3,2019,I dont care,Keep the lawls,Poke music / Pokelawls twitch,I enjoy plorks comedy. The community and the randomness of the streams. More community events would be really awesome. The rust game vs Erobb was still one of my favorite days on twitch.,Community Events - IRL Streams - Less overnight Vamp streams - more stuff during the day.,Hyper Pop fits well with pokes silly ah beats,"Dareon, Summit, Lirik.. Idk bro soda before he got married",variety,more jerma ,agastoned,half life 2,nightmarebefore christmas as a kid as an adult probably The Thing,"willie nelson, marty robins, Bib, Scowl, Carti, AJJ, idk bro why you makin me do this",cant pick reall ,Sandwhiches,no idea
3/25/2025 11:02:31,19-24,"5'7"" to 5'11""",125-174,Bachelor's,"Student, not working",,Europe,Multiethnic,Male,Straight,,Islam,,Single,,United Kingdom,No pets,A few times a day,Bong,Yes,No,No,No,No,No,No,No,No,No,No,No,No,No,Learners permit,A few times a month,"Yes, I have VR. Poke contributed",No,No,No,No,No,3,Weed Son,Normal sub,"Twitch Sidebar / Dashboard, Mobile Notifications, Discord notications",Yes,Yes,Yes,"Desktop, Mobile, TV app",Every stream,Lurker,No,"Yes, but not active",No,Streamer collab,5-6,4-6,A healthy mix of both,4,4,4,3,3,5,4,4,5,5,5,5,5,5,3,5,4,4,4,5,5,4,3,3,2,2020,No,Keep the lawls,Poke music / Pokelawls twitch,variety,music,enjoy it all ,Stable Rondale,,,ome20,,Batman,CARTI,I AM MUSIC,Pizza,ok
3/25/2025 11:03:29,25-32,"5'7"" to 5'11""",125-174,High school / GED,Unemployed,Less than $20k,North America,White,Male,Straight,Cisgender,Atheist / Agnostic,Conservative,Single,Wisconsin (WI),,"Cat, Spider",A few times a month,Bong,No,No,No,No,No,No,No,No,No,No,No,No,No,No,Yes,Never,No VR,No,No,No,No,Yes,1,Weed Son,No,Twitch Sidebar / Dashboard,No,Yes,Yes,Desktop,A few times a month,Lurker,No,No,No,Streamer collab,5-6,4-6,A healthy mix of both,5,3,4,2,3,3,5,4,4,4,4,3,3,3,2,2,3,3,3,3,3,4,1,1,1,2022,I dont care,Keep the lawls,Poke music / Pokelawls twitch,dank memes,dank memes,sad,PSP1G Sadge,dank memes,dank memes,WideFridge,Bully,Good Will Hunting,Metallica,Ride The Lightning,Enchiladas,dank kush memes
3/25/2025 11:04:11,25-32,"5'7"" to 5'11""",125-174,Bachelor's,Full time,$50k-$100k,North America,White,Male,Straight,Cisgender,Atheist / Agnostic,Centrist,Single,Canada,,"Dog, Cat",Always,"Bong, Joint, Vape",Yes,Yes,No,No,No,No,No,No,No,No,No,No,No,No,Yes,A few times a week,No VR,No,No,No,No,Yes,1,Weed Son,Normal sub,"Twitch Sidebar / Dashboard, Discord notications",No,Yes,Yes,"Desktop, TV app",A few times a week,Lurker,No,No,No,Streamer collab,7-8,2-3,A healthy mix of both,5,5,5,5,5,1,5,1,5,5,1,5,5,5,5,5,1,5,5,3,5,4,1,1,3,2021,No,Change the name,Poke music / Poke twitch,,,,,,,,,,,,,
3/25/2025 11:05:12,19-24,"6' to 6'3""",225-274,Bachelor's,Unemployed,Less than $20k,Europe,White,Male,Straight,Cisgender,Atheist / Agnostic,Socialist,Single,,Greece,"Dog, Cat",Always,Joint,Yes,No,No,No,No,No,No,No,No,No,No,No,No,No,Yes,A few times a month,No VR,No,No,No,No,No,4,Weed Son,No,Twitch Sidebar / Dashboard,No,Yes,Dont care,Desktop,Every stream,Seldom chatter,No,No,No,Streamer collab,3-4,2-3,A healthy mix of both,4,4,4,4,4,3,4,4,4,4,4,4,5,4,1,5,4,4,4,4,4,4,2,3,3,2018,No,Keep the lawls,Poke music / Pokelawls twitch,"laughing reacts, rp, music creation.",rp and new album creation,i enjoy everything poke does,"xqc (when he is not talking politics and social stuff), stableronaldo, moxy, jesse",gta rp,xqc and jesse. someone needs to be the bigger person and let the petty drama behind them.,"Aware, Uware and half of poke's chat. Poke's chat is the funniest on twitch when it comes to emotes","Overwatch, Black ops 2-3, gta v.",genuinely dont know. ,"Car seat headrest, alex g, clairo, tv girl, the marias, beabadoobee",Twin Fantasy (face to face),Greek Souvlaki ,
3/25/2025 11:06:53,25-32,"6' to 6'3""",125-174,Some college,Full time,$20k-$50k,North America,White,Male,Straight,Cisgender,Atheist / Agnostic,Liberal,Single,California (CA),,No pets,Always,Vape,Yes,No,No,No,Yes,No,No,No,No,No,No,No,No,No,Yes,A few times a month,No VR,No,No,No,Veteran,No,1,Weed Son,No,Twitch Sidebar / Dashboard,No,Yes,Yes,Desktop,Every stream,Seldom chatter,Yes,No,No,"Word of mouth, from a friend",3-4,2-3,A healthy mix of both,3,4,4,1,2,3,3,2,2,2,2,2,4,4,2,5,5,4,4,4,4,3,1,1,4,2022,I dont care,I don't care,I don't care,"Your character. You seem like a cool, chill, funny dude who likes to get high. ",anything is fine ,naw ,xQc ,any ,,,,,,,,
3/25/2025 11:07:37,25-32,"6' to 6'3""",,,Full time,$20k-$50k,Europe,White,Male,Straight,,Atheist / Agnostic,,Single,,Netherlands,No pets,Tried and quit,Edible,Yes,No,No,No,Yes,No,No,No,No,No,No,No,No,No,No,A few times a year,"Yes, I have VR",No,No,Balding,No,No,2,,No,Twitch Sidebar / Dashboard,No,Yes,Dont care,Desktop,A few times a month,Lurker,No,"Yes, but not active",No,Mentioned by another streamer,Less than one,None most days,A healthy mix of both,4,3,3,5,3,3,4,4,3,3,3,4,3,3,3,4,3,3,3,3,3,3,3,3,3,2018,I dont care,I don't care,I don't care,he is funny,more random games that are dumb but unpopulair,-,I dont have a fave,-,-,KEKW The ,-,Hachi,-,-,-,
3/25/2025 11:08:55,25-32,"6'4""+",125-174,Bachelor's,Full time,$100k+,North America,White,Male,Straight,Cisgender,Christian,Conservative,Dating,Illinois (IL),,Cat,A few times a year,"Bong, Blunt, Edible",Yes,No,Yes,No,No,No,No,No,No,No,Yes,No,No,No,Yes,A few times a year,"Yes, I have VR",No,No,No,No,No,4,Weed Son,Prime subbed,Twitch Sidebar / Dashboard,No,Yes,Yes,"Desktop, Mobile, Tablet, TV app",Every stream,Seldom chatter,No,No,No,Streamer collab,11+,2-3,A healthy mix of both,4,5,3,5,4,4,5,3,3,5,1,3,4,4,2,1,2,3,5,5,5,3,1,2,1,2020,No,Keep the lawls,Poke music / Pokelawls twitch,genuinely makes me laugh and finds great underground content before its popular POKING,"just more gaming of random games, i also like collabs or trolling in online games (Cod mic trolling, Vr chat etc.)",poke needs to do more EDM music,Summit1G or RoflGator,idk i use him to find new games to play,do a roflgator VRchat dating stream,Gregory,Counter strike 2,Pulp Fiction,,,Sushi,
3/25/2025 11:09:06,25-32,"5'3"" to 5'6""",125-174,Associates / Trade,Part time,$20k-$50k,North America,Hispanic / Latino,Female,Straight,Cisgender,Atheist / Agnostic,Socialist,Engaged,"US territories (Guam, Puerto Rico, etc)",Other,Dog,Tried and quit,,No,No,No,No,No,No,No,No,No,No,No,No,No,No,Yes,A few times a year,No VR,No,No,No,No,Yes,2,League Daughter,No,Twitch Sidebar / Dashboard,No,Yes,Yes,Desktop,A few times a month,Lurker,No,No,No,Mentioned by another streamer,3-4,1,"Spontaneous, unpredictable content",3,3,3,3,3,3,3,3,3,3,3,3,3,3,3,3,3,3,3,3,3,3,3,3,3,2016 or earlier,I dont care,I don't care,I don't care,,,,,,,,,,,,,
3/25/2025 11:09:23,33-39,"6' to 6'3""",175-224,Bachelor's,Full time,$100k+,North America,Asian / Pacific Islander,Male,Straight,Cisgender,Atheist / Agnostic,Liberal,Single,Texas (TX),,No pets,Tried and quit,,Yes,Yes,No,No,No,No,No,No,No,No,No,No,No,No,Yes,A few times a month,No VR,No,No,No,No,No,3,League Daughter,No,Twitch Sidebar / Dashboard,Yes,Yes,Yes,"Desktop, TV app",A few times a week,Seldom chatter,No,No,No,Twitch game categories,5-6,4-6,A healthy mix of both,5,4,2,2,3,5,4,2,5,4,1,1,3,2,2,4,4,3,5,1,1,1,1,1,1,2017,I dont care,Change the name,I don't care,,,,Erobb221,,"Erobb221, Zoil",,,,Lil Wayne,,,
3/25/2025 11:09:49,25-32,"5'7"" to 5'11""",125-174,Bachelor's,Full time,$50k-$100k,North America,White,Male,Straight,Cisgender,Atheist / Agnostic,Socialist,Single,Virginia (VA),,"Dog, Cat",Never tried it,,No,No,No,No,Yes,No,No,No,No,No,No,No,No,No,Yes,A few times a year,No VR,No,No,No,No,No,1,League Daughter,No,Twitch Sidebar / Dashboard,Yes,Yes,Yes,"Desktop, Mobile",A few times a week,Seldom chatter,No,No,No,Host / Raid,9-10,4-6,A healthy mix of both,3,3,4,1,2,3,2,4,1,1,3,1,3,1,1,2,2,4,4,3,2,4,2,1,1,2019,I dont care,Keep the lawls,Pokelawls music / Pokelawls twitch,,,,Moonmoon,,,aga aga aga aga aga aga aga aga aga aga aga aga aga aga aga aga aga,Return of the Obra Dinn,,"Tyler the Creator, Kendrick Lamar, Don Toliver, Clairo",,Pizza,
3/25/2025 11:10:34,19-24,"5'7"" to 5'11""",225-274,Bachelor's,Unemployed,Less than $20k,North America,Indian,Male,Straight,Cisgender,Atheist / Agnostic,Socialist,Single,New Jersey (NJ),,No pets,Never tried it,,Yes,No,Yes,No,No,No,No,No,No,No,No,No,No,No,Yes,A few times a year,No VR,No,No,Balding,No,No,1,League Daughter,No,Twitch Sidebar / Dashboard,No,Yes,Dont care,Desktop,A few times a month,Seldom chatter,No,"Yes, but not active",No,"Word of mouth, from a friend",7-8,7+,A healthy mix of both,5,5,5,4,4,4,4,4,2,1,1,1,1,1,1,3,2,4,4,4,4,1,1,1,1,2021,Yes,Keep the lawls,Poke music / Pokelawls twitch,His comedic timing and chill vibes.,,,SincerelyLyn,,,mhm,Paper Mario The Thousand Year Door,Casablanca,,Ctrl by SZA,,
3/25/2025 11:11:33,25-32,"6' to 6'3""",175-224,Some college,Self employed / 1099,$100k+,Europe,White,Male,Straight,Cisgender,Christian,Centrist,Single,,Austria,No pets,Tried and quit,,No,Yes,No,No,Yes,No,No,No,No,No,No,No,No,No,Yes,A few times a month,No VR,No,No,No,Veteran,No,2,League Daughter,No,Twitch Sidebar / Dashboard,No,Yes,Yes,Laptop,A few times a month,Spammer,No,No,No,LSF / Reddit,Less than one,2-3,A healthy mix of both,5,4,5,1,3,1,5,4,1,1,1,1,4,1,1,1,1,4,4,1,1,1,1,1,,2019,Yes,Keep the lawls,Poke music / Pokelawls twitch,chill cozy vibes - funny sub alerts - good chat ,idk,Hyperpop,Papaplatte,GTA 5 Chaos mod ,Gigi,wideVIBE,Assassins Creed ,Whiplash,"Mk.Gee, mike., Billy Joel, ",the highs by mike.,smashburger,less gay questions
3/25/2025 11:11:52,25-32,"5'7"" to 5'11""",175-224,Master's,Full time,$20k-$50k,North America,Hispanic / Latino,Male,Straight,Cisgender,Atheist / Agnostic,Socialist,Dating,,,Cat,Tried and quit,,No,No,No,No,No,No,No,No,No,No,No,No,No,No,Yes,A few times a week,No VR,No,No,No,No,Yes,2,Weed Son,Prime subbed,Twitch Sidebar / Dashboard,No,Yes,Yes,"Desktop, Laptop, Mobile",A few times a month,Lurker,No,No,No,Streamer collab,7-8,2-3,A healthy mix of both,5,5,5,5,2,4,4,2,4,4,2,2,2,2,1,2,3,3,5,5,4,4,3,3,1,2020,Yes,I don't care,I don't care,Funny,,,,,,,,,,,,"Make age categories have same age ranges in each for clearer analysis, same for income "
3/25/2025 11:12:12,25-32,"6' to 6'3""",175-224,Bachelor's,Unemployed,Less than $20k,North America,White,Male,Straight,Cisgender,Atheist / Agnostic,Socialist,Single,New York (NY),,No pets,Tried and quit,"Joint, Vape",No,No,No,No,No,No,No,No,No,No,No,No,No,No,Yes,A few times a year,No VR,No,No,No,No,Yes,1,League Daughter,No,"Twitch Sidebar / Dashboard, Chatterino / Offline chatting",Yes,Yes,Yes,Desktop,A few times a week,Seldom chatter,No,No,No,Mentioned by another streamer,7-8,2-3,"Spontaneous, unpredictable content",2,2,2,3,2,4,4,4,3,3,4,4,5,4,4,5,4,5,5,3,4,5,4,4,5,2020,Yes,Keep the lawls,I don't care,Vibes,More vibes,Vibe-based music,Jerma985,idk,Jerma985,widepeepoCumflower,Elden Ring,Idk,Kendrick,To Pimp A Butterfly,Meat,
3/25/2025 11:12:33,19-24,"6' to 6'3""",175-224,Some college,Part time,Less than $20k,North America,White,Male,Straight,Cisgender,Atheist / Agnostic,Socialist,Dating,Canada,,"Dog, Cat",Always,"Bong, Blunt, Vape",Yes,No,No,No,No,No,No,No,No,No,No,No,No,No,Yes,A few times a month,No VR,No,No,Balding,No,No,3,Weed Son,No,Twitch Sidebar / Dashboard,No,Yes,Yes,Desktop,A few times a week,Lurker,Yes,No,No,Mentioned by another streamer,1-2,2-3,A healthy mix of both,4,4,4,5,4,5,4,3,4,5,3,4,5,4,1,1,1,3,4,4,4,5,1,4,1,2018,I dont care,Change the name,Poke music / Poke twitch,fat weed,co-op long drive when its good ,any music is fun content,ekop or poke 13 hours deep into a stream is always a vibe,scary games,jerma,bigfrog,bo1,,,,cum,
3/25/2025 11:13:31,25-32,"5'7"" to 5'11""",225-274,High school / GED,Part time,Less than $20k,North America,White,Male,Straight,Cisgender,Atheist / Agnostic,Liberal,Single,Florida (FL),,No pets,Never tried it,,Yes,No,No,No,Yes,No,No,No,No,No,Yes,No,No,No,Learners permit,A few times a year,"Yes, I have VR",No,No,No,No,No,1,League Daughter,No,,No,Yes,Yes,Desktop,A few times a week,Seldom chatter,No,No,No,Twitch recommended,1-2,2-3,"Spontaneous, unpredictable content",5,3,4,3,3,3,3,1,2,2,1,1,1,1,1,5,4,4,4,3,3,1,1,1,3,2017,I dont care,I don't care,I don't care,,GTA PurpleRP ,,Jerma985,,,aga,,,,,,
3/25/2025 11:16:09,25-32,"5'7"" to 5'11""",Under 125,High school / GED,Unemployed,$20k-$50k,North America,White,Female,Gay / Lesbian,Transgender,Atheist / Agnostic,Socialist,Single,Illinois (IL),,Dog,A few times a week,"Dabbing, Joint",No,No,Yes,No,Yes,No,No,No,No,No,No,No,No,No,Yes,A few times a week,No VR,No,No,No,No,Yes,2,Weed Son,No,Twitch Sidebar / Dashboard,No,Yes,No,Desktop,A few times a month,Seldom chatter,No,No,No,Streamer collab,3-4,2-3,A healthy mix of both,5,3,4,3,2,2,4,1,2,2,1,1,1,1,1,2,1,4,4,3,3,2,2,2,1,2016 or earlier,I dont care,I don't care,Poke music / Pokelawls twitch,chill vibes and chat,"variety gaming, solo or with gig",,moonmoon,,,Glorp,anno 1800,,,,,
3/25/2025 11:16:21,25-32,"5'7"" to 5'11""",225-274,Bachelor's,Full time,$20k-$50k,North America,Hispanic / Latino,Male,Bisexual / Pansexual,Cisgender,Atheist / Agnostic,Socialist,Dating,California (CA),,Dog,Always,"Bong, Blunt, Dabbing, Pipe, Joint, Vape, Edible",No,Yes,No,No,No,No,No,No,No,No,No,No,No,No,Yes,Never,No VR,No,No,No,No,Yes,2,Weed Son,No,"Mobile Notifications, Discord notications",No,Yes,Dont care,"Desktop, Mobile",A few times a week,Seldom chatter,No,No,No,Mentioned by another streamer,,2-3,A healthy mix of both,4,,5,4,4,4,5,5,5,5,3,3,4,4,3,4,3,4,4,1,3,2,2,2,1,2018,No,Keep the lawls,Poke music / Pokelawls twitch,weed,weed,weed,22weedman22,WEED,22weedman22,NoWeed,Weed Shop 3,How High,Beethoven,Because I Got High,"Asada Fries, and weed",More weed questions
3/25/2025 11:16:35,25-32,"5'7"" to 5'11""",175-224,Associates / Trade,Full time,$20k-$50k,Europe,White,Male,Straight,Cisgender,Atheist / Agnostic,Socialist,Single,,United Kingdom,No pets,Tried and quit,Joint,Yes,Yes,No,No,No,No,No,No,No,No,No,No,No,No,No,A few times a month,No VR,No,No,No,No,Yes,2,League Daughter,No,Twitch Sidebar / Dashboard,No,Yes,Yes,Desktop,A few times a week,Lurker,No,No,No,Youtube recommended / clip compilation,9-10,,"Spontaneous, unpredictable content",3,4,2,2,4,3,4,,4,3,3,3,4,3,2,3,2,2,4,3,2,5,5,5,2,2020,I dont care,I don't care,I don't care,"Love all the creative ideas, music/bumpers that kinda stuff, would love to contribute when I'm less lazy",Whatever unique creative projects poke feels like,,fors-.. Nymn/Lirik/thebausffs,,,aboba,,,,,,
3/25/2025 11:17:18,19-24,"5'7"" to 5'11""",125-174,High school / GED,Unemployed,Less than $20k,North America,White,Male,Straight,Cisgender,Atheist / Agnostic,Centrist,Single,Oregon (OR),,Cat,A few times a week,Joint,Yes,Yes,No,No,No,No,No,No,No,No,No,Yes,No,No,Yes,Never,No VR,No,No,No,No,No,1,Weed Son,No,"Twitch Sidebar / Dashboard, Chatterino / Offline chatting",Yes,Yes,Yes,Laptop,A few times a week,Seldom chatter,No,No,No,Youtube recommended / clip compilation,1-2,1,"Spontaneous, unpredictable content",1,3,4,2,1,3,5,5,3,4,2,2,2,1,3,1,1,4,3,2,3,2,2,2,2,2017,Yes,Keep the lawls,Poke music / Pokelawls twitch,"how he just streams and doesnt say anything just livestreams the game with chat, chat lowkey unreadable and unfunny sometimes but i enjoy zoning out to the stream so whatever is relaxing",game game game game game,game ,ellajaz,idc,zoil,buh2,world of warcraft,no,bladee,icedancer,steak and egg,ask if they gay next time as well
3/25/2025 11:19:30,33-39,"5'7"" to 5'11""",175-224,Some college,Unemployed,Less than $20k,Australia,Multiethnic,Male,Straight,Cisgender,Atheist / Agnostic,Centrist,Married,,Germany,Dog,Once a day,"Joint, Spliff, Edible",No,No,No,No,No,No,No,No,No,No,No,No,No,No,Yes,A few times a month,No VR,No,No,No,No,Yes,2,League Daughter,No,"Twitch Sidebar / Dashboard, Mobile Notifications",No,No,No,"Laptop, Mobile, TV app",A few times a week,Lurker,No,No,No,Youtube recommended / clip compilation,3-4,2-3,A healthy mix of both,3,3,1,4,3,4,4,2,2,2,4,3,3,2,1,5,3,3,3,4,5,3,2,2,1,2021,I dont care,Keep the lawls,Pokelawls music / Pokelawls twitch,Shit talk and RP ,RP or anything funny ,More funny free styling and collabs ,Northernlion ,RP,Myth and poke together is content. ,Don’t care ,Skate 2 or GTA 5,Kung pow or Freddie got fingered ,00s emo or sad boy rap ,Fourty hour train back to penn ,Lasagne or Japanese or Mexican ,
3/25/2025 11:20:51,19-24,"5'7"" to 5'11""",125-174,High school / GED,Part time,$20k-$50k,North America,White,Male,Straight,Cisgender,Christian,Liberal,Dating,Wisconsin (WI),,"Dog, Cat",A few times a day,"Bong, Blunt, Vape, Edible",No,No,No,No,Yes,No,Yes,No,No,No,No,No,No,No,Yes,A few times a month,No VR,No,No,No,No,No,1,Weed Son,No,Twitch Sidebar / Dashboard,No,Yes,Yes,"Desktop, Laptop",A few times a month,Seldom chatter,No,"Yes, but not active",No,Youtube recommended / clip compilation,5-6,4-6,A healthy mix of both,4,4,3,2,2,3,3,2,3,4,4,3,5,5,1,5,3,4,3,3,4,5,2,4,1,2021,Yes,Change the name,Poke music / Poke twitch,Funny moments ,Funny moments like 2021 poke moments where it was more energy / effort into the streams,Hop on my beats ,xQc and im a grown man so idc abt no drama i still watch both of u all the time ,RP/VR chat/ Minecraft,xQc pls reunite ,:D,Red Dead Redemption 2 ,The Irishman,Redda Sematary LilTracy Carti,Lil Uzi Vert vs. the World ,Chicken,
3/25/2025 11:20:54,19-24,"5'7"" to 5'11""",125-174,Some college,Other,$20k-$50k,Europe,Multiethnic,Male,Bisexual / Pansexual,Cisgender,Atheist / Agnostic,Liberal,Single,,United Kingdom,Cat,Tried and quit,,No,No,No,No,No,No,No,No,No,No,No,No,No,No,No,A few times a month,"Yes, I have VR",No,No,No,No,No,1,League Daughter,No,Twitch Sidebar / Dashboard,No,Yes,Dont care,"Desktop, Mobile",A few times a week,Seldom chatter,No,No,No,Streamer collab,5-6,2-3,A healthy mix of both,3,4,4,3,3,3,5,3,4,4,3,3,5,4,1,3,3,5,5,4,4,4,2,2,1,2019,I dont care,I don't care,Poke music / Pokelawls twitch,,,,,,,buh,,,,,,
3/25/2025 11:22:03,25-32,"6' to 6'3""",175-224,Some college,Unemployed,Less than $20k,Europe,White,Male,Straight,Cisgender,Atheist / Agnostic,Socialist,Dating,,Lithuania,No pets,Never tried it,,No,No,No,No,No,No,No,No,No,No,No,No,No,No,Yes,Never,"Yes, I have VR",No,No,No,No,No,2,League Daughter,Prime subbed,"Twitch Sidebar / Dashboard, Mobile Notifications",No,Yes,Yes,Desktop,Every stream,Lurker,No,"Yes, but not active",No,Streamer collab,5-6,2-3,A healthy mix of both,5,5,3,4,3,3,4,3,5,5,2,1,2,1,1,3,4,4,4,4,3,4,3,3,2,2017,Yes,Change the name,I don't care,Actually going live (also not during late night hours),Just going live is good enough for me,No prefrences,HasanAbi,Anything but WoW,Theresa,Any cat,GTA San Andreas (Multiplayer),Fast and Furious Tokyo Drift ,"Lil Peep, Oaf1",Don't have one,Pizza,
3/25/2025 11:22:12,19-24,"5'7"" to 5'11""",125-174,Some college,Full time,$20k-$50k,North America,White,Male,Bisexual / Pansexual,Cisgender,Atheist / Agnostic,Liberal,Dating,Illinois (IL),,Dog,A few times a month,"Vape, Edible",Yes,Yes,No,No,No,No,No,No,No,No,No,No,No,No,Yes,A few times a month,No VR,Yes,Yes,No,No,No,1,Weed Son,No,Discord notications,No,Yes,Yes,Desktop,Every stream,Lurker,No,No,No,Streamer collab,3-4,2-3,"Spontaneous, unpredictable content",5,4,4,3,4,1,4,3,4,5,3,4,5,5,1,4,4,2,4,5,5,2,2,2,4,2022,No,Keep the lawls,Poke music / Pokelawls twitch,chat interaction ,music,any,Apply,gta 6 ,Zoil,Buh,Elden Ring,Drive,"Kid Cudi, Kendrick Lamar, 2hollis",Man on the Moon: The End of Day,Orange Chicken,
3/25/2025 11:22:15,33-39,"5'7"" to 5'11""",125-174,High school / GED,Self employed / 1099,Less than $20k,North America,White,Male,Bisexual / Pansexual,Cisgender,Atheist / Agnostic,Socialist,Dating,Missouri (MO),,"Dog, Cat",Always,"Bong, Blunt, Dabbing, Pipe, Joint, Vape, Edible",No,No,No,No,No,No,No,No,No,No,No,No,No,No,Yes,Never,"Yes, I have VR. Poke contributed",No,No,No,No,Yes,1,Weed Son,No,"Twitch Sidebar / Dashboard, Mobile Notifications",Yes,Yes,Dont care,"Desktop, Laptop, Mobile, TV app",A few times a month,,No,,No,Streamer collab,5-6,2-3,A healthy mix of both,5,4,4,3,4,4,5,1,3,4,1,3,3,3,1,1,1,2,5,3,3,5,3,3,1,2020,I dont care,I don't care,I don't care,Variety gaming,I enjoy pokes co-op streams in mp games that generally involve some kind of niche content like Schedule 1 currently.,"Listen to hardcore and post hardcore(punk). Some of my favorite bands currently are Drug Church, BIB, Rabbit, High Vis, Mil Spec, Show Me the Body.",Carter(you should do a music collab),More Aneurysm IV,More Hasan.,"Mhm, Classic, or shrujj",RDR2 or Project Zomboid,Waking Life,"I already said that above. Drug Church, BIB, Rabbit, High Vis, Mil Spec, Show Me the Body",Fresh Fruit for Rotting Vegetables,Easy answer is pizza or real ramen.,"Do you. Thats what I've been here for. Feel like an OG poke frog, and yet I'm really not considering."
3/25/2025 11:22:54,19-24,"5'7"" to 5'11""",125-174,Some college,Full time,$20k-$50k,South America,White,Male,Straight,Cisgender,Atheist / Agnostic,Liberal,Single,,,Cat,A few times a week,"Blunt, Joint",Yes,No,No,No,No,No,No,No,No,No,No,No,No,No,Yes,A few times a month,No VR,No,No,No,No,No,2,Weed Son,Normal sub,"Twitch Sidebar / Dashboard, Mobile Notifications",No,Yes,Yes,"Desktop, Mobile",Every stream,Seldom chatter,No,No,No,Streamer collab,5-6,2-3,A healthy mix of both,4,5,4,3,3,3,5,2,2,4,1,2,3,3,1,1,2,3,5,4,3,3,1,2,1,2020,Yes,Keep the lawls,Poke music / Pokelawls twitch,"His wit/jokes combined with chat interactions, collabs with other streamers (i.e. the Horsemen) and music production.","Larger variety of indie games or small/unknown games, new or old. And better consistency regarding schedule.",Rap/Breakcore or Dance mixes (i.e Shoez from Movie Music),Zoil,Voices Of The Void,The Four Horsemen,buh,Red Dead Redemption 2,Interstellar,"Kendrick Lamar, Ken Carson, Metro Boomin and Pokelawls :)",DAMN.,Shawarma,
3/25/2025 11:24:29,25-32,"5'7"" to 5'11""",125-174,Bachelor's,Full time,$50k-$100k,Europe,White,Male,Bisexual / Pansexual,,Atheist / Agnostic,,Single,,Sweden,No pets,Never tried it,,Yes,Yes,No,No,No,No,No,No,No,No,No,No,No,No,Learners permit,A few times a week,No VR,No,No,No,No,No,3,,Prime subbed,Discord notications,No,Yes,Yes,"Desktop, Mobile, TV app",Every stream,Lurker,No,"Yes, but not active",No,Streamer collab,7-8,4-6,A healthy mix of both,4,3,4,5,3,3,3,1,4,4,1,3,4,2,3,2,3,4,4,3,3,4,2,2,3,2016 or earlier,I dont care,I don't care,I don't care,,,,,,,,,,,,,
3/25/2025 11:26:31,19-24,"6' to 6'3""",Under 125,Some college,Other,$20k-$50k,Europe,White,Male,Gay / Lesbian,Cisgender,Atheist / Agnostic,Socialist,Single,,Norway,Cat,A few times a year,Spliff,Yes,No,No,No,No,No,No,No,No,No,No,No,No,No,Learners permit,A few times a month,No VR,No,No,No,No,No,2,Weed Son,No,Twitch Sidebar / Dashboard,No,Yes,Yes,Desktop,A few times a week,Active chatter,No,"Yes, but not active",No,Mentioned by another streamer,5-6,2-3,A healthy mix of both,5,3,4,2,3,3,4,3,5,5,1,4,3,1,1,4,3,4,4,3,5,5,2,2,4,2018,I dont care,Keep the lawls,I don't care,Poke,IRL,no,Zoil,Voices of the void,Zoil,monkeyPls ,Little Big Planet 2,Léon: The Professional (1994),Florence + the Machine,Melodrama - Lorde,Chicken soup my mom style,
3/25/2025 11:27:44,25-32,"5'3"" to 5'6""",Under 125,Some college,"Student, not working",Less than $20k,North America,Black,Male,Bisexual / Pansexual,Cisgender,,,Single,Florida (FL),,"Dog, Cat, Fish",Never tried it,,Yes,,,,,,,,,,,,,Yes,Yes,Never,No VR,No,No,No,No,No,1,League Daughter,No,Twitch Sidebar / Dashboard,No,Yes,Dont care,Desktop,Every stream,Lurker,No,No,No,Mentioned by another streamer,11+,7+,A healthy mix of both,5,5,5,5,5,5,5,5,5,5,5,5,3,3,3,3,3,5,5,4,5,5,2,3,2,2018,Yes,Keep the lawls,I don't care,"sometimes funny, stupid all the time, gigi","if he enjoys what he is doing, it will be a good stream. more collabs with fun people.",,39daph,,,,,,,,,
3/25/2025 11:28:16,19-24,"5'7"" to 5'11""",175-224,Some college,Full time,$20k-$50k,North America,Multiethnic,Male,Straight,Cisgender,Atheist / Agnostic,Liberal,Single,Hawaii (HI),,No pets,A few times a week,"Joint, Vape, Edible",No,No,No,Yes,Yes,No,No,No,No,No,Yes,No,No,No,Yes,A few times a year,"Yes, I have VR. Poke contributed",No,No,No,No,Yes,1,Weed Son,Prime subbed,"Twitch Sidebar / Dashboard, Chatterino / Offline chatting",Yes,Yes,Yes,"Desktop, Laptop",A few times a week,Lurker,No,No,No,Youtube recommended / clip compilation,1-2,1,Planned events with set schedules,5,5,5,2,5,3,3,2,4,5,2,5,5,4,1,2,4,4,5,5,4,3,1,3,2,2019,I dont care,I don't care,I don't care,"chill, not uptight or super fake. feels like hes just gaming and trying to joke around. if it got to rigid or perfect it wouldnt feel right ",Gas station stream,house type stuff always hits,Pokimane,baldurs gate 1 w/ friends,more cochise gaming,BIGFROG,Valheim,After Hours,The Foreign Exchange,Baduizm,Kalbi,make shorter
3/25/2025 11:28:36,25-32,"5'7"" to 5'11""",175-224,High school / GED,Unemployed,Less than $20k,North America,White,Male,Straight,Cisgender,Other,Centrist,Single,New York (NY),,Cat,Always,"Bong, Joint",Yes,Yes,No,No,No,No,No,No,No,No,No,Yes,Yes,No,Learners permit,A few times a month,No VR,No,No,Yes,No,No,1,Weed Son,Gifted sub,Twitch Sidebar / Dashboard,No,Yes,Dont care,"Desktop, Laptop, Mobile",Every stream,Lurker,No,No,No,Mentioned by another streamer,11+,4-6,A healthy mix of both,3,5,3,3,4,3,4,5,3,2,2,3,3,2,3,2,3,4,5,3,5,5,1,2,3,2016 or earlier,I dont care,Change the name,Poke music / Poke twitch,He doesn't try too hard to be himself which makes his humor more genuine. He can make even the most mediocre games seem enjoyable even if its only for 5 minutes. ,"RETRO GAMES (N64, PS1/PS2, Xbox)",Drum and Bass/House,"cyr, Jerma985, willneff, erobb221, zoil",Nothing specific,cyr,omE,Ocarina of Time,The Lord of the Rings,way too many to list,impossible to pick one,lamb over rice,nop
3/25/2025 11:28:51,25-32,"6' to 6'3""",175-224,Associates / Trade,Full time,$50k-$100k,North America,Black,Male,Straight,Cisgender,Christian,Socialist,Engaged,Texas (TX),,Cat,Tried and quit,"Bong, Blunt, Dabbing, Pipe, Joint, Spliff, Vape, Edible",Yes,No,No,No,No,No,No,No,Yes,No,Yes,No,No,No,Yes,A few times a month,"Yes, I have VR",No,No,No,No,Yes,2,League Daughter,Normal sub,Twitch Sidebar / Dashboard,Yes,Yes,Yes,"Desktop, Laptop, TV app",A few times a week,Seldom chatter,No,"Yes, but not active",No,Streamer collab,5-6,2-3,A healthy mix of both,5,4,4,4,5,3,5,2,2,3,1,4,5,5,1,3,3,4,5,5,5,3,2,3,1,2020,Yes,Keep the lawls,I don't care,Funny jokes and chill vibes. Improv content always hits.,"Planned or recurring content would be nice, something to look forward to during the week.",Implementing actual instruments would be dope. Experimental rap/rock is an area he could excel.,SeanDaBlack,Don't matter as long as the vibes are right.,Hasanabi Weed Stream,Pokeing,Rocket League,Everything Everywhere All at Once,"Pink Floyd, Kendrick Lamar, Green Day, Damian Marley, Anderson Paak, Fred Again..",Wish You Were Here,Oxtail,"Thanks for including Belize in the location list, we are usually forgotten :sob:"
3/25/2025 11:28:55,25-32,"5'7"" to 5'11""",125-174,Associates / Trade,"Student, not working",$20k-$50k,Europe,White,Male,Straight,,Atheist / Agnostic,,Single,,Denmark,No pets,A few times a year,Joint,Yes,Yes,No,No,No,No,,No,No,No,No,No,No,No,Yes,A few times a month,No VR,No,No,No,Active service,No,2,League Daughter,No,Twitch Sidebar / Dashboard,No,Yes,Dont care,Laptop,A few times a month,Lurker,No,No,No,Streamer collab,5-6,4-6,A healthy mix of both,5,4,2,2,2,5,3,2,3,3,1,1,2,1,3,3,2,2,5,3,3,3,2,3,2,2016 or earlier,I dont care,I don't care,I don't care,chill funny,,,"guzu, xqc, miz, soda, xaryu, pikaboo ",variety,,,wow,,juice wrld 999,,,
3/25/2025 11:29:22,19-24,"5'7"" to 5'11""",125-174,Some college,Unemployed,Less than $20k,Australia,White,Male,Straight,Cisgender,Christian,Centrist,Dating,,,No pets,Tried and quit,"Pipe, Joint, One Hitter, Spliff",Yes,Yes,No,No,No,No,No,No,No,No,No,No,No,No,No,A few times a year,No VR,No,No,Balding,No,No,2,League Daughter,No,Twitch Sidebar / Dashboard,No,Yes,Dont care,Desktop,Every stream,Lurker,No,No,No,Mentioned by another streamer,11+,1,A healthy mix of both,4,5,2,1,3,3,5,5,2,3,1,1,4,1,2,5,2,5,5,3,,5,1,2,1,2017,Yes,Keep the lawls,Pokelawls music / Pokelawls twitch,"the intimate and relaxing nature cures my loneliness on most days. Although I don't smoke weed, use the chat or have any kind of involvement. The stream is extremely comforting and has been for many years. Poke allowed me to laugh again and seems to be the only one that can.  ","Variety gaming, Retro gaming, Roleplay, Trolling, consistency AND LESS TIKTOK STREAMS!!!!","I'm not one for knowing specific genres or sub genres, I just listen to music but, his techno stuff is fantastic. ","Erobb221, Forsen and Limmy.",No answer. ,No one. ,:),Cyberpunk 2077,Apocalypse Now 1979 Theatrical Edition,"Current 93, The Brian Jonestown Massacre, Michael Gira, Mark Kozelek",Impossible to answer. ,don't have one. ,"NO MORE TIKTOK STREAMS PLEASE FOR THE LOVE OF GOD. ARE YOU A TIKTOK STREAMER? NO YOU ARE A GAMER. Also, just a suggestion for gigi, more streams please? thx. :D "
3/25/2025 11:33:35,25-32,"6' to 6'3""",275-324,Some highschool,Unemployed,Less than $20k,North America,Native / Indigenous,Male,Straight,,Atheist / Agnostic,Conservative,Single,Canada,,Cat,Always,"Bong, Joint, Vape",No,Yes,No,Yes,No,No,No,No,No,No,Yes,No,No,No,No,Never,No VR,No,No,No,No,No,2,Weed Son,Prime subbed,Twitch Sidebar / Dashboard,Yes,Yes,Yes,"Desktop, Mobile, Tablet",Every stream,Spammer,No,"Yes, but not active",No,Youtube recommended / clip compilation,5-6,2-3,A healthy mix of both,5,5,3,3,3,3,5,5,5,5,5,5,5,5,1,4,4,5,5,4,5,5,1,3,1,2016 or earlier,No,I don't care,I don't care,the chat,more games,Noise music. like Boris & Merzbow,Poke,any scary game,Dizzy,pepeLost ,Borderlands 2,oldboy,$uicideboy$,Slipknot,Cheese,
3/25/2025 11:33:44,25-32,"4'11"" to 5'2""",225-274,Some college,Full time,$20k-$50k,North America,White,Female,Bisexual / Pansexual,Cisgender,Atheist / Agnostic,Liberal,Dating,Ohio (OH),Other,Cat,Always,"Bong, Blunt, Dabbing, Joint, Vape, Edible",Yes,Yes,No,No,No,No,No,No,Yes,No,Yes,Yes,Yes,No,Yes,A few times a month,"Yes, I have VR",Yes,No,No,No,No,1,Weed Son,Normal sub,"Twitch Sidebar / Dashboard, Mobile Notifications, Discord notications, Chatterino / Offline chatting",No,Yes,Yes,"Desktop, Tablet, TV app, Gaming console",Every stream,Active chatter,No,"Yes, but not active","Yes, but not active","Word of mouth, from a friend",11+,2-3,A healthy mix of both,5,5,3,5,5,2,5,4,4,3,2,4,5,3,2,4,4,5,5,5,5,5,1,1,2,2020,No,Change the name,Poke music / Poke twitch,"Playing games with Gigi, Dizzy, or both, variety gaming - love when Poke hard grinds a game",A healthy mix of reaction and gameplay - feels like there has been a bit too much reaction but games have been pretty dry,"I like the style Poke has going on now. Lyrics are catchy, beats are fire imo",Dizzy,I would love to see Poke play Cult of the Lamb,I would want Poke to collab with Erobb,"CatSmile, Gregory, ReallyGun/Mad","Stardew Valley / management, crafting games",All horror movies,"Lilpeep, CAS, Alt/Indie + Emo/Rap",MOVIE MUSIC,Any type of pasta dish,"Questions felt normal for a first time Community Census. Next census, depending on what questions Poke has for the community/if he wants suggestions on anything :3333"
3/25/2025 11:33:48,19-24,"6' to 6'3""",225-274,Some college,Part time,,North America,Black,Male,Straight,Cisgender,Other,Socialist,Dating,New York (NY),,Cat,A few times a day,"Bong, Blunt, Dabbing, Pipe, Vape",No,No,No,No,No,No,No,No,No,No,No,No,No,No,Yes,A few times a week,"Yes, I have VR","Yes, Poke was a reason","Yes, Poke was a reason",No,No,No,1,Weed Son,No,"Twitch Sidebar / Dashboard, Mobile Notifications",No,Yes,Yes,"Mobile, Tablet",A few times a week,Active chatter,Yes,No,No,Streamer collab,5-6,2-3,A healthy mix of both,5,4,3,3,5,4,5,5,5,5,4,5,5,5,1,5,5,5,5,5,5,5,5,5,1,2023,No,Keep the lawls,Poke music / Pokelawls twitch,The scuffedness of it I like when he plays stuff on the projector and plays games at the same time,,,,,,,,,,,,
3/25/2025 11:36:20,16-18,"6' to 6'3""",175-224,High school / GED,Unemployed,Less than $20k,Europe,White,Male,Bisexual / Pansexual,Cisgender,Atheist / Agnostic,Socialist,Single,,Norway,No pets,Never tried it,,Yes,No,No,No,Yes,No,No,No,No,No,No,No,No,No,No,Never,"Yes, I have VR","Yes, Poke was a reason","Yes, Poke was a reason",No,No,No,2,Weed Son,Normal sub,"Discord notications, Chatterino / Offline chatting",Yes,Yes,No,Desktop,Every stream,Seldom chatter,No,"Yes, but not active",No,Youtube recommended / clip compilation,3-4,2-3,A healthy mix of both,4,5,4,5,2,1,5,1,4,4,1,4,3,1,1,5,3,5,3,4,2,5,3,3,1,2021,Yes,Keep the lawls,Poke music / Pokelawls twitch,Random tangents and VR streams.,"VR streams, IRL streams and more random games.",House music.,Zoil.,Battlefield 1.,Zoil,Fuh,Death Stranding,Book of Eli.,"Tyler the Creator, Kendrick Lamar.",IGOR.,Moussaka.,
3/25/2025 11:37:15,25-32,"5'7"" to 5'11""",175-224,Some college,Unemployed,Less than $20k,North America,Hispanic / Latino,Male,Bisexual / Pansexual,Cisgender,Atheist / Agnostic,Liberal,Single,California (CA),,No pets,Never tried it,,Yes,Yes,No,No,No,No,No,No,No,No,No,No,No,No,No,Daily,"Yes, I have VR. Poke contributed",No,"Yes, Poke was a reason",Balding,No,Yes,5+,League Daughter,No,"Twitch Sidebar / Dashboard, Mobile Notifications, Discord notications, Chatterino / Offline chatting",Yes,Yes,Dont care,"Desktop, Mobile, TV app, Gaming console",Every stream,Lurker,No,"Yes, but not active","Yes, but not active",Streamer collab,11+,7+,A healthy mix of both,5,5,5,5,5,5,5,5,5,5,5,5,5,5,1,4,3,5,5,5,5,5,5,5,1,2019,Yes,Keep the lawls,Poke music / Poke twitch,Chill streams with Gigi,Virtual Reality ,Dance Gavin Dance like song,Will Neff,Dune Awakening,Ironmouse,KEKW,Kingdom Hearts Two,About Time,Chiodos,Bone Pallace Ballet,Taco Bell,
3/25/2025 11:37:33,33-39,"6' to 6'3""",175-224,Bachelor's,Full time,$50k-$100k,North America,White,Male,Straight,Cisgender,Atheist / Agnostic,Socialist,Dating,Illinois (IL),,No pets,A few times a week,"Vape, Edible",Yes,No,No,No,No,No,No,No,No,No,No,No,No,No,Yes,A few times a month,"Yes, I have VR",No,No,No,No,Yes,2,Weed Son,No,,No,Yes,Yes,Desktop,A few times a week,Seldom chatter,No,No,No,Streamer collab,1-2,2-3,A healthy mix of both,4,2,4,1,1,4,5,2,2,3,1,2,2,1,1,3,3,4,5,2,1,3,2,2,1,2020,I dont care,Keep the lawls,Poke music / Pokelawls twitch,,,,Jerma985,,Jerma985,KEKW,Super Smash Brothers N64,28 Days Later,Radiohead,,,
3/25/2025 11:38:26,19-24,"5'3"" to 5'6""",Under 125,Some highschool,Unemployed,Less than $20k,North America,White,Male,Bisexual / Pansexual,Cisgender,Atheist / Agnostic,Centrist,Single,Illinois (IL),,"Dog, Cat",Tried and quit,Pipe,No,No,No,No,Yes,No,Yes,No,No,No,Yes,No,No,No,No,A few times a month,No VR,Yes,Yes,No,No,No,1,Weed Son,Prime subbed,"Twitch Sidebar / Dashboard, Mobile Notifications, Chatterino / Offline chatting",Yes,Yes,Yes,"Desktop, Mobile, TV app",Every stream,Seldom chatter,Yes,"Yes, but not active","Yes, and I'm active there",Youtube recommended / clip compilation,5-6,2-3,A healthy mix of both,3,2,3,3,2,3,4,4,3,3,4,4,4,3,1,2,2,3,3,3,3,4,1,2,1,2019,I dont care,Keep the lawls,Pokelawls music / Pokelawls twitch,"FL Studio, Horror games, VR shit, VRChat, New games, Reels, Typing “test” on youtube and seeing who is live, and VOICES OF THE VOIIDD",More FL and Horror games,"I just love seeing the process of Poke recording vocals, doesn't matter what genre to me. But i think he should maybe try experimenting with cloud rap type shit","xQc, i just ignore beef",Dollmare,"Not sure, maybe squeex or deme",“Yawn”,Luigis Mansion: Dark Moon,"Currently its, “Puss in Boots: The Last Wish”","Joey Valence and Brae, Tyler the Creator, Sub Urban, Bill Wurtz, Lil Darkie, ",“Chromakopia” ,Mcdonalds,
3/25/2025 11:40:38,33-39,"4'11"" to 5'2""",175-224,Bachelor's,Part time,$20k-$50k,North America,White,Female,Gay / Lesbian,Cisgender,Atheist / Agnostic,Socialist,Married,Oklahoma (OK),,"Dog, Cat",Always,"Dabbing, Joint, Edible",No,Yes,No,No,No,No,No,No,No,No,No,No,No,No,Yes,A few times a month,No VR,No,No,No,No,Yes,1,Weed Son,No,Twitch Sidebar / Dashboard,No,No,Yes,"Desktop, Laptop, Mobile, Gaming console",A few times a week,Seldom chatter,No,No,No,Streamer collab,7-8,4-6,A healthy mix of both,4,3,3,3,3,3,4,3,3,4,3,3,5,5,4,5,5,5,5,3,3,4,4,4,3,2022,No,I don't care,I don't care,He's casual and real with us. ,Just Poke having fun,Anything he's into.,TakeNo_Chance,love GTA RP content and any new games that drop are fun to watch him play.,idk Poke doesn't need anyone to be entertaining,any dancing emote,Fable 2,Fight Club,Circa Survive and Rainbow Kitten Surprise,Juturna by Circa Surive,Nachos,this was fun
3/25/2025 11:42:06,25-32,"6' to 6'3""",325+,Bachelor's,Unemployed,Less than $20k,Europe,Asian / Pacific Islander,Male,Bisexual / Pansexual,Cisgender,Atheist / Agnostic,Socialist,Single,,Russia,Dog,Never tried it,,Yes,No,No,No,No,No,No,No,No,No,No,No,No,No,No,A few times a week,No VR,No,No,Yes,No,No,4,Weed Son,No,Twitch Sidebar / Dashboard,No,Yes,Yes,"Desktop, Mobile",A few times a week,Active chatter,No,No,No,Streamer collab,5-6,4-6,Planned events with set schedules,3,5,4,3,1,4,5,3,3,1,1,3,2,3,1,5,5,5,5,5,5,5,3,3,1,2019,Yes,Keep the lawls,Poke music / Pokelawls twitch,"Chill, dontgiveafuck-escapist type of behaviour. life is depressing and poke's stream is really helpful with battling fear and anxiety. also interaction with chat is on a great level","indie games, horror games with webcam, irl streams from time to time, tier lists",not really a music content enjoyer,HasanAbi Squeex LIRIK NMPLOL,"Caribbean Legend or Sea Dogs, Sea of Thieves",Jerma Hasan Squeex Ludwig OTK,YesYes NoNo Awkward Smile Tomfoolery,Witcher 3 and Life is Strange,Batman 2022,"Imagine Dragons XXXTentacion Billie Eilish, Lead Horizon, Lana Del Rey",ATTENTION ATTENTION (2018) by Shinedown,Lasagna,
3/25/2025 11:42:17,25-32,"6' to 6'3""",175-224,Some college,Unemployed,Less than $20k,Europe,White,Male,,Cisgender,Atheist / Agnostic,Socialist,Single,,Germany,Dog,A few times a year,"Bong, Spliff",Yes,No,No,No,No,No,No,No,No,No,No,No,No,No,No,A few times a year,No VR,No,No,No,No,Yes,2,Weed Son,No,"Twitch Sidebar / Dashboard, Mobile Notifications",No,Yes,Yes,Desktop,A few times a week,Lurker,No,No,No,Streamer collab,5-6,4-6,A healthy mix of both,4,4,3,4,5,5,5,4,5,2,2,3,3,1,1,1,2,4,5,5,4,4,2,3,3,2017,I dont care,I don't care,Poke music / Pokelawls twitch,Out of nowhere funny moments,Co-op gaming,sextrance,ster,Voidigo,Squeex,omeCrash,Zelda,Alien,gorillaz,Bonito Generation,poke bowl,less questions 
3/25/2025 11:42:45,25-32,"6' to 6'3""",175-224,Bachelor's,Full time,$50k-$100k,Europe,White,Male,Straight,Cisgender,Atheist / Agnostic,Liberal,Single,,Germany,No pets,A few times a month,"Blunt, Edible",Yes,No,No,No,No,No,No,No,No,No,No,No,No,No,Yes,A few times a month,No VR,No,No,No,No,Yes,2,Weed Son,Gifted sub,Twitch Sidebar / Dashboard,No,Yes,Yes,"Desktop, Laptop, Tablet",Every stream,Lurker,No,No,No,Streamer collab,5-6,4-6,"Spontaneous, unpredictable content",5,4,5,4,4,3,5,3,3,3,5,4,5,3,2,5,3,5,5,5,5,5,1,1,2,2020,No,Keep the lawls,Pokelawls music / Pokelawls twitch,"Poke is always very chill and funny, love this content ","Music streams, variety games ",,Distortion2,"No particular game, just different indie games",Sodapoppin,catGroove,Minecraft,Batman THE DARK KNIGHT,"The Weeknd, ye",beerbongs & bentleys by Post Malone,Pizza,Maybe add an option to point out our hobbies outside of watching streams
3/25/2025 11:42:48,19-24,"5'7"" to 5'11""",125-174,Associates / Trade,"Student, not working",Less than $20k,Europe,Middle Eastern,Male,Bisexual / Pansexual,Cisgender,Atheist / Agnostic,Socialist,Single,,Other,No pets,Never tried it,,Yes,No,No,No,No,No,No,No,No,No,Yes,No,No,No,No,A few times a year,No VR,No,No,Balding,No,No,2,League Daughter,No,Twitch Sidebar / Dashboard,No,Yes,Yes,"Desktop, Mobile",A few times a week,Lurker,No,"Yes, but not active",No,Youtube recommended / clip compilation,5-6,2-3,A healthy mix of both,5,4,4,5,5,5,5,3,4,5,1,2,4,2,1,4,4,3,4,4,4,4,5,5,2,2016 or earlier,I dont care,Change the name,Poke music / Poke twitch,"Occasional youtube and reddit reacting, his laugh. Trolling randoms in online games.",More vr games and small interesting indie games. More IRL. Party games are really fun like Monopoly and Mario Party. ,rage and WalterVibe type music,"Elis , HasanAbi , NymN , supertf","vrchat, phasmophobia","zoil , nymn",elisSpin,The Witcher 3: Wild Hunt,Princess Mononoke,"Pink Floyd, Aseul, Loona, ",Animals by Pink Floyd,Pizza,
3/25/2025 11:42:55,16-18,"5'7"" to 5'11""",Under 125,Some highschool,Unemployed,Less than $20k,Europe,White,Male,Straight,,Atheist / Agnostic,Liberal,Single,,United Kingdom,"Dog, Cat",Tried and quit,,No,No,Yes,No,No,No,No,No,No,No,No,No,No,No,No,A few times a year,No VR,No,No,No,No,No,1,Weed Son,Gifted sub,Chatterino / Offline chatting,Yes,Yes,Dont care,Desktop,Every stream,Seldom chatter,No,No,No,Twitch recommended,11+,4-6,A healthy mix of both,5,3,5,5,3,4,4,2,5,5,2,2,2,2,1,4,3,5,5,4,4,5,1,1,1,2020,I dont care,Keep the lawls,Pokelawls music / Pokelawls twitch,Poke's personality and sense of humor,"Voices of the void, In real life (IRL), VR, Gigi Co-op, Community content",,sennyk4,Voices of the void,sennyk4,BugginMyself,Elden Ring,,"Klein, Jane remover",Cave in the wind,Chicken,
3/25/2025 11:46:14,25-32,"5'3"" to 5'6""",125-174,High school / GED,Full time,Less than $20k,Asia,Asian / Pacific Islander,Male,,Cisgender,Atheist / Agnostic,Socialist,Single,,,No pets,Tried and quit,,Yes,Yes,No,No,No,No,No,No,No,No,No,No,No,No,Yes,A few times a year,"Yes, I have VR",No,No,No,No,No,2,Weed Son,No,Twitch Sidebar / Dashboard,No,Yes,Yes,Desktop,A few times a week,Seldom chatter,No,No,No,Twitch recommended,11+,4-6,A healthy mix of both,3,3,3,3,3,3,3,3,5,5,5,5,5,5,3,3,4,3,3,3,3,3,5,5,3,,Yes,Change the name,Poke music / Poke twitch,"Humor, chill",Planned content,,,,,,,,,,,"tried weed but didn't really quit, i just haven't done it in years"
3/25/2025 11:46:45,25-32,"4'11"" to 5'2""",175-224,Some college,Unemployed,Less than $20k,Asia,Asian / Pacific Islander,Male,Bisexual / Pansexual,Cisgender,Islam,Liberal,Single,,,Cat,Tried and quit,,,,,,,,,,,,Yes,,,,Yes,A few times a year,"Yes, I have VR. Poke contributed",No,No,No,No,Yes,3,Weed Son,No,Twitch Sidebar / Dashboard,No,Yes,Dont care,Desktop,A few times a week,Seldom chatter,No,"Yes, but not active",No,Youtube recommended / clip compilation,5-6,2-3,A healthy mix of both,5,4,4,2,4,3,5,2,5,4,1,4,3,2,1,1,1,5,5,4,5,5,1,4,1,2017,Yes,Change the name,Poke music / Poke twitch,"Funny stuff, like chat interaction or games",Complete playthrough of any story games (AAA games) once in a while seems nice,more catchy Electronic/Dance,forsen & zoil,co-op Subnautica 2,"zoil, nymn, or anyone he's comfortable with",BrokeBack and everything from elis,Nier Automata,Cloverfield,M83,Discovery (Daft Punk),Taiwanese Fried Chicken,
3/25/2025 11:47:06,33-39,"6'4""+",175-224,Master's,"Student, not working",Less than $20k,Europe,White,Male,Straight,Cisgender,Christian,Liberal,Dating,,Finland,No pets,Tried and quit,,No,Yes,No,No,No,No,No,No,No,No,No,No,No,No,Yes,A few times a month,No VR,No,No,No,Veteran,Yes,5+,Weed Son,No,Twitch Sidebar / Dashboard,No,Yes,Yes,Desktop,A few times a week,Lurker,No,No,No,LSF / Reddit,3-4,2-3,A healthy mix of both,4,2,2,3,3,4,4,4,4,4,4,4,3,2,3,5,2,4,4,3,3,4,3,3,2,2020,I dont care,I don't care,I don't care,Humour,Humour,,,,,,Dota,Blade,,,,
3/25/2025 11:47:54,25-32,"6' to 6'3""",125-174,Some college,"Student, not working",Less than $20k,Europe,White,Male,Questioning,Cisgender,Atheist / Agnostic,Socialist,Single,,Germany,No pets,A few times a day,"Vape, Edible",Yes,Yes,No,No,No,No,No,No,No,No,No,No,No,No,Yes,A few times a year,No VR,No,Yes,Yes,No,No,2,League Daughter,No,Twitch Sidebar / Dashboard,Yes,Yes,Dont care,Desktop,A few times a month,Lurker,No,No,No,Streamer collab,5-6,2-3,A healthy mix of both,5,5,5,5,5,3,3,1,4,2,1,1,5,3,2,3,2,4,5,5,5,1,1,1,1,2018,I dont care,Keep the lawls,I don't care,I enjoy a variety of react Randertal and gaming content. Usually the guy gets hung up on a game and plays 12+ hours straight so I usually don't watch for that long. Community driven content is always good as they're usually funny as shit.,"I like the music content, but you can't do that too often so it remains special. Idk",,"I am a 62 month NymN sub, so i guess that NymN guy is pretty pog.",,forsen,TankYou,Europa Universalis IV,the intouchables,"Tyler, the Creator, Frank Ocean, Kendrick",Blonde or Igor,pork tenderloin with some good fucking sauce,
3/25/2025 11:48:06,25-32,"5'7"" to 5'11""",175-224,Bachelor's,Full time,$50k-$100k,North America,White,Male,Straight,,Atheist / Agnostic,Conservative,Single,Washington (WA),,Cat,Always,"Bong, Joint, One Hitter, Vape",Yes,Yes,No,No,No,No,No,No,No,No,Yes,No,No,Yes,Yes,A few times a year,"Yes, I have VR",No,No,No,No,Yes,1,Weed Son,Prime subbed,Twitch Sidebar / Dashboard,No,Yes,Yes,"Desktop, Mobile",A few times a week,Lurker,No,No,No,Streamer collab,5-6,4-6,A healthy mix of both,2,5,2,4,4,4,4,2,4,5,3,5,1,1,4,3,3,4,4,4,4,4,3,5,3,2017,Yes,Keep the lawls,Pokelawls music / Pokelawls twitch,Personality,Collaboration IRL,,Sodapoppin,7 Days to die,Erobb221,,God of War,Avatar,,,Pizza,
3/25/2025 11:49:48,33-39,"5'7"" to 5'11""",125-174,Bachelor's,Self employed / 1099,$20k-$50k,North America,White,Male,Straight,,Christian,Conservative,Married,Iowa (IA),,"Dog, Spider",Never tried it,,Yes,Yes,No,No,No,No,No,No,No,No,No,No,No,No,Yes,Never,No VR,No,No,Balding,No,Yes,3,League Daughter,No,Twitch Sidebar / Dashboard,No,No,Yes,"Desktop, Tablet",A few times a week,Lurker,No,No,No,Streamer collab,3-4,2-3,A healthy mix of both,4,2,2,1,2,2,5,3,3,3,2,3,3,3,2,4,4,3,5,2,3,4,4,4,3,2016 or earlier,Yes,I don't care,I don't care,Not afraid to be silly.,,,xQc,,xQc,LUL,Elder Scrolls: Oblivion,Lord of the Rings,City Alight,,Orange Chicken,
3/25/2025 11:50:01,19-24,"5'7"" to 5'11""",175-224,Bachelor's,"Student, not working",Less than $20k,North America,White,Male,Bisexual / Pansexual,Cisgender,Atheist / Agnostic,Liberal,Single,South Carolina (SC),,"Dog, Cat",Never tried it,,Yes,No,No,No,No,No,No,No,No,No,No,No,No,No,Yes,Never,"Yes, I have VR",No,No,Balding,No,No,1,League Daughter,No,Twitch Sidebar / Dashboard,No,Yes,Yes,Desktop,A few times a month,Lurker,No,No,No,Twitch game categories,7-8,2-3,A healthy mix of both,3,5,1,1,1,1,3,3,1,1,3,3,5,5,1,1,5,5,5,1,1,5,1,1,1,2016 or earlier,I dont care,Keep the lawls,Poke music / Pokelawls twitch,funny guy,Music Content,All Genres,Penta,VR Chat,,pepw,Skyrim,Nightcrawler,Polyphia,My Beautiful Dark Twisted Fantasy,Taco,
3/25/2025 11:50:43,25-32,"6'4""+",225-274,Bachelor's,Full time,$20k-$50k,North America,White,Male,Bisexual / Pansexual,Cisgender,Other,Apolitical,Single,Indiana (IN),Other,No pets,Tried and quit,Bong,Yes,Yes,No,No,No,No,No,No,No,No,No,No,No,No,Yes,A few times a week,No VR,No,No,No,Veteran,Yes,1,League Daughter,Normal sub,Twitch Sidebar / Dashboard,No,Yes,Yes,"Desktop, Mobile, Tablet",A few times a week,Lurker,No,No,No,Streamer collab,11+,4-6,A healthy mix of both,2,3,4,1,2,1,1,1,1,1,1,1,2,1,2,1,2,2,4,1,1,2,1,1,4,2018,I dont care,I don't care,I don't care,Poke and gigi relationship watching them have fun together,Coop with giig,Nah ,Sneakylol he’s the reason I joined twitch ,Whatever he wants but he’s always picking good games,Giig,buhFlipExplode ,Gears of War 2,Meet Joe Black,Fall Out Boy,From Under the Cork Tree,Greek/Gyros and shit,This was chill
3/25/2025 11:50:48,19-24,"6' to 6'3""",125-174,Some college,Unemployed,Less than $20k,Europe,White,Male,Straight,,Atheist / Agnostic,Apolitical,Single,,Portugal,No pets,A few times a year,"Bong, Edible",Yes,No,No,No,No,No,No,No,No,No,No,No,No,No,Yes,A few times a year,No VR,No,"Yes, Poke was a reason",No,No,Yes,3,Weed Son,No,"Twitch Sidebar / Dashboard, Chatterino / Offline chatting",Yes,No,Yes,"Desktop, Mobile",Every stream,Seldom chatter,No,No,No,Streamer collab,11+,4-6,A healthy mix of both,4,5,5,5,5,5,5,2,4,5,4,4,3,2,2,3,4,5,5,5,5,5,1,1,3,2018,I dont care,I don't care,I don't care,,,,,,,,,,,,chicken breast breast breast,Catsmile
3/25/2025 11:51:38,25-32,"5'3"" to 5'6""",Under 125,High school / GED,Full time,$20k-$50k,North America,White,Male,Straight,,,,Dating,Illinois (IL),,"Dog, Cat",Always,"Dabbing, Vape",Yes,No,No,No,No,No,Yes,No,No,No,Yes,No,No,No,Yes,Never,No VR,No,No,No,No,Yes,2,Weed Son,Prime subbed,"Twitch Sidebar / Dashboard, Mobile Notifications, Email notifications, Discord notications",Yes,Yes,Yes,"Desktop, Mobile, TV app",Every stream,Seldom chatter,No,"Yes, but not active","Yes, but not active",Twitch recommended,5-6,2-3,A healthy mix of both,5,5,3,3,5,2,3,3,2,2,1,1,5,3,1,5,1,3,4,4,4,5,1,1,3,2018,I dont care,Keep the lawls,Poke music / Pokelawls twitch,#1 Poke is funny as fuck and very entertaining especially when he has his friends around him and he's having a good time. #2 shall we?  #3 music taste i get alot of good music from poke,MUSIC STREAMS AND GAMES NO MORE TIKTOK AND INSTAGRAM, Whatever makes him happy just keep making music,Summit1g,,,catJAM,Final fantasy 9 ,Pokemon 2000,Mac miller ,Faces,Nachos,
3/25/2025 11:52:55,19-24,"6' to 6'3""",125-174,High school / GED,"Student, not working",Less than $20k,Europe,White,Male,Straight,Cisgender,Atheist / Agnostic,Liberal,Single,,Netherlands,"Dog, Cat",Tried and quit,,No,Yes,No,No,No,No,No,No,No,No,Yes,No,No,No,Yes,A few times a month,"Yes, I have VR. Poke contributed",No,No,No,No,No,2,Weed Son,No,"Twitch Sidebar / Dashboard, Mobile Notifications",Yes,Yes,Yes,"Desktop, Mobile",A few times a week,Seldom chatter,No,"Yes, but not active",No,Streamer collab,3-4,2-3,"Spontaneous, unpredictable content",5,3,2,3,3,5,4,4,4,3,3,5,4,3,2,4,4,5,5,5,4,4,3,4,2,2021,I dont care,I don't care,I don't care,Community Content,Community events,rap/vibe music,Velcuz,7 days to die,"zoil, sennyk4, dizzy",Bla,The Walking Dead,Interstellar ,don't have one,don't have one,Lasagna,
3/25/2025 11:53:28,25-32,"5'7"" to 5'11""",125-174,Bachelor's,"Student, not working",$20k-$50k,North America,White,Male,Straight,Cisgender,Other,Liberal,Single,California (CA),,"Dog, Cat",Always,"Bong, Vape",No,No,No,No,No,No,No,No,No,No,No,No,No,No,Yes,Never,No VR,No,No,No,No,No,1,Weed Son,Prime subbed,Discord notications,Yes,Yes,Yes,"Desktop, Mobile",Every stream,Active chatter,No,"Yes, but not active",No,Streamer collab,3-4,2-3,A healthy mix of both,3,4,5,2,4,2,4,3,5,5,2,3,5,5,1,2,2,4,4,4,5,3,1,1,1,2020,I dont care,Keep the lawls,I don't care,,,,cyr,,cyr,glorp,,,Mac Miller,Faces,Pizza,
3/25/2025 11:53:37,16-18,"6'4""+",225-274,Associates / Trade,Part time,Less than $20k,North America,White,Male,Straight,,Christian,Conservative,Dating,Michigan (MI),,Dog,A few times a week,"Vape, Edible",No,No,No,No,No,No,No,No,No,No,No,No,No,No,Yes,A few times a year,"Yes, I have VR. Poke contributed",No,No,No,No,No,1,League Daughter,Prime subbed,Twitch Sidebar / Dashboard,No,No,Yes,"Desktop, Mobile",A few times a week,Lurker,No,No,No,Youtube recommended / clip compilation,1-2,2-3,A healthy mix of both,5,5,3,2,4,3,3,1,2,3,1,1,1,1,1,5,1,1,5,3,4,4,1,1,1,2017,I dont care,Keep the lawls,I don't care,tbh i like his youtube videos more because im just not a big stream watching guy but i like when hes actively interacting with chat with his webcam is on. not when he's cam off playing a game silent for 12 hours straight.,Gta (grand theft auto 5) roleplay. Bogg Dann. Need him back.,I usually skip the music part,Summit1g,Grand Theft Auto 5 Roleplay,"XQC, Summit1G, Jesse",pokeSMOKE,Red Dead Redemption 2,Django Unchained,"""Who's Who""",Ulterior Motives,Pineapple,feels like im being interrogated 
3/25/2025 11:54:08,25-32,"6'4""+",325+,Bachelor's,Full time,$20k-$50k,North America,White,Male,Bisexual / Pansexual,Cisgender,Atheist / Agnostic,Liberal,Single,Massachusetts (MA),,Cat,Always,"Bong, Blunt, Dabbing, Spliff",Yes,Yes,No,No,Yes,No,No,No,No,No,Yes,No,No,Yes,No,A few times a year,No VR,No,No,No,No,Yes,5+,Weed Son,Normal sub,"Twitch Sidebar / Dashboard, Discord notications",No,Yes,Yes,"Desktop, Mobile",Every stream,Seldom chatter,No,"Yes, and I'm active there",No,Twitch recommended,9-10,2-3,A healthy mix of both,4,2,4,5,4,5,5,4,5,3,5,4,5,5,5,4,5,5,5,5,5,5,2,3,4,2019,I dont care,Change the name,Poke music / Poke twitch,Poke is a rather chill person and can be calm most of the time. I enjoy him telling his life stories and what he has been through. The games he plays are really fun as well. ,"More IRL, vlog streams, cooking streams are always fun, view involved content ",Jungle or Bass,Bucklington,,SodaPoppin,7tv,Bioshock,Silence of the Lambs,George Harrison,Demon Days,Mangos,None right now
3/25/2025 11:54:46,25-32,"5'7"" to 5'11""",125-174,High school / GED,Full time,Less than $20k,Europe,White,Male,Straight,Cisgender,Atheist / Agnostic,Socialist,Dating,,Germany,No pets,A few times a month,,Yes,Yes,No,No,Yes,No,No,No,No,No,No,No,No,No,Yes,A few times a year,No VR,No,No,No,No,Yes,2,League Daughter,No,Twitch Sidebar / Dashboard,No,No,Dont care,"Desktop, Laptop, Mobile, Tablet, TV app, Gaming console",A few times a week,Seldom chatter,No,No,No,"Word of mouth, from a friend",5-6,4-6,A healthy mix of both,2,4,3,5,3,3,4,3,2,2,1,4,3,2,1,5,5,5,5,5,3,5,1,2,2,2020,I dont care,I don't care,I don't care,It feels open and honest. Very funny.,I think you're doing well as you are now.,,No really favorites. Usually I just watch specific games.,Ashes of creation.,,,"Gloria Victus, but it’s cancelled now.",The Beautiful Mind,"Alternative Emo is big for me, but I listen to a lot of different stuff",,Anything Mexican cuisine ,
3/25/2025 11:56:01,25-32,"5'7"" to 5'11""",225-274,High school / GED,Unemployed,Less than $20k,Asia,Middle Eastern,Male,Straight,Cisgender,Atheist / Agnostic,Socialist,Single,,Other,Dog,A few times a year,"Bong, Joint, Spliff",No,No,Yes,Yes,Yes,No,No,No,No,No,Yes,No,No,No,Yes,A few times a week,"Yes, I have VR. Poke contributed",No,No,No,No,Yes,2,Weed Son,Prime subbed,"Twitch Sidebar / Dashboard, Mobile Notifications",No,Yes,Dont care,"Desktop, Laptop, Mobile, Tablet, TV app",Every stream,Lurker,No,"Yes, but not active",No,Host / Raid,3-4,2-3,A healthy mix of both,4,4,4,4,4,5,5,5,5,5,3,4,3,2,1,5,2,3,5,5,4,5,1,1,1,2018,I dont care,Change the name,Poke music / Poke twitch,communicating with random people in games,Roleplay,Synthwave,forsen,Mount & Blade II: Bannerlord,Jerma985,pokeSPIN,Mass Effect 2,Whiplash,Radiohead,OK Computer,Pizza,
3/25/2025 11:56:06,25-32,"5'7"" to 5'11""",125-174,High school / GED,Unemployed,Less than $20k,North America,White,Male,Straight,Cisgender,Other,Apolitical,Single,Delaware (DE),,No pets,Always,"Bong, Pipe, Vape",No,No,No,No,No,No,No,No,No,No,No,No,No,No,Yes,A few times a year,No VR,No,No,Balding,No,No,1,Weed Son,No,"Twitch Sidebar / Dashboard, Chatterino / Offline chatting",No,Yes,Yes,"Desktop, Mobile",Every stream,Lurker,No,No,No,Twitch game categories,11+,7+,"Spontaneous, unpredictable content",4,3,3,3,3,3,5,5,3,3,4,4,4,2,1,5,4,4,4,2,3,2,1,1,1,2016 or earlier,I dont care,Keep the lawls,Pokelawls music / Pokelawls twitch,gaming on anything that isn't a massive multiplayer online and isn't a multiplayer online battle arena.,"anything but a massive multiplayer online, multiplayer online battle arena, tiktok, or linus",bass distortion and plork ish,berrycrepe,"gta5 rp, i wanna be the boshy","pritty, dizzy","glorp, buggin, gregory",final fantasy 7,movie music,"the disco biscuits, orchard lounge, chief kaya","this disco biscuits live from that tent bonnaroo - manchester tennessee - june 13, 2008",cashews,change the census to a family feud questionnaire 
3/25/2025 11:58:56,25-32,"6' to 6'3""",225-274,Associates / Trade,Full time,$100k+,Europe,White,Male,Straight,Cisgender,Atheist / Agnostic,Centrist,Single,,Norway,"Dog, Cat",A few times a year,"Joint, Edible",Yes,Yes,No,No,No,No,No,No,No,No,No,No,Yes,No,Learners permit,A few times a month,"Yes, I have VR. Poke contributed",No,No,No,No,No,2,League Daughter,No,Twitch Sidebar / Dashboard,No,Yes,Yes,"Desktop, TV app",A few times a month,Lurker,No,"Yes, but not active",No,Streamer collab,1-2,2-3,A healthy mix of both,4,3,5,4,4,4,2,1,2,3,3,3,3,3,2,1,3,3,5,5,4,3,1,1,3,2019,I dont care,I don't care,I don't care,Mix of both chilling with TikTok and chat and co-op gaming,,,Sodapoppin,,,OMEGALUL,Kingdom Come Deliverance 2,Lord of the Rings,Post Malone,,,"To the question of ""Are you subscribed?"" you could also ask if people have subscribed previously and maybe why they no longer subscribe"
3/25/2025 11:59:57,25-32,"6' to 6'3""",275-324,Bachelor's,Part time,Less than $20k,Europe,Black,Male,Bisexual / Pansexual,Cisgender,Atheist / Agnostic,Socialist,Single,,United Kingdom,Cat,A few times a day,Joint,Yes,No,No,No,Yes,No,No,No,No,No,No,No,No,No,Yes,A few times a month,No VR,No,No,No,No,Yes,2,Weed Son,No,"Twitch Sidebar / Dashboard, Discord notications",No,Yes,No,Desktop,Every stream,Active chatter,No,"Yes, but not active",No,Twitch recommended,5-6,2-3,"Spontaneous, unpredictable content",4,5,2,3,3,4,5,1,5,5,4,5,5,4,1,1,4,4,4,3,4,5,3,5,1,2017,I dont care,Change the name,Poke music / Poke twitch,"Unpredictable and funny, can't guess what is next but I know I will laugh", VR with roflgator and four horsemen,Witch house. I need poke to listen to SALEM,dizzy,"Dark and Darker,  but like seriously.",anyone who can rap on the beats with him,Pfffftt,smite,Requiem for a Dream,SALEM,YES I SMOKE CRACK,shrimp,stop going live at 1am EU when I have work in the morning please and thank you
3/25/2025 12:00:31,19-24,"5'7"" to 5'11""",125-174,High school / GED,Part time,Less than $20k,North America,White,Male,Straight,Cisgender,Christian,Liberal,Dating,California (CA),Other,No pets,A few times a day,"Bong, Joint, Vape",Yes,Yes,No,No,No,No,No,No,Yes,No,Yes,No,No,No,Yes,A few times a week,No VR,No,No,No,No,No,1,Weed Son,Prime subbed,Twitch Sidebar / Dashboard,No,Yes,Yes,"Desktop, Mobile",A few times a week,Seldom chatter,No,"Yes, but not active",No,Streamer collab,1-2,2-3,A healthy mix of both,4,3,5,3,4,3,5,4,5,5,4,4,5,5,2,1,2,4,5,5,4,4,1,3,1,2019,I dont care,Keep the lawls,Poke music / Pokelawls twitch,"I like smoking weed with poke when he streams, and I think his interaction with his chat is really good.","I'm not too picky, mainly less league and wow. Absolutely no more valorant though. ","He's already started to dwell into it, but I have a lot of fun watching Poke work on edm/techno beats on stream.",Nowadays I honestly don't watch other streamers. Maybe I'll put on Fulcrum's stream if he's live and poke isn't lol,"He'll never play it, but Fallout New Vegas would be so fun to watch.",PEAKS100,WideHardo,"I'm embarrassed to say, but probably Destiny 2.",Pulp Fiction ,"Lucki, Future, been listening to a lot of Veeze lately.",Rodeo by Travis Scott.,"At the moment, Buffalo Wings ",N/A (this was a lot of fun ngl)
3/25/2025 12:00:57,19-24,"6' to 6'3""",175-224,Some highschool,Part time,Less than $20k,North America,White,Male,Questioning,,Atheist / Agnostic,Liberal,Single,Canada,,No pets,Tried and quit,"Joint, Vape",No,No,No,No,No,No,No,No,No,No,No,No,No,No,Yes,Never,"Yes, I have VR",No,No,No,No,No,1,League Daughter,Normal sub,Twitch Sidebar / Dashboard,No,No,Dont care,"Desktop, Mobile",A few times a week,Lurker,No,No,No,Streamer collab,3-4,2-3,A healthy mix of both,2,3,5,3,4,4,4,3,3,3,2,5,5,3,1,4,2,4,5,5,4,5,1,2,2,2021,I dont care,I don't care,I don't care,fart lololololol,idc,eurobeat or something with complex rhythm stuff,p̶s̶p̶1̶g̶ Lirik,vintage story,ME!!!! just kidding,the cat one,motor town,the aristocats,summit1g,idk,mr noodles,nah
3/25/2025 12:03:14,19-24,"5'7"" to 5'11""",275-324,High school / GED,Part time,Less than $20k,North America,White,Male,Bisexual / Pansexual,Cisgender,Atheist / Agnostic,Liberal,Single,Kentucky (KY),,No pets,Always,"Bong, Blunt, Joint, Vape, Edible",No,Yes,Yes,No,Yes,No,No,No,No,No,Yes,No,No,No,Yes,Most days,"Yes, I have VR",No,No,No,No,No,1,Weed Son,Prime subbed,"Twitch Sidebar / Dashboard, Discord notications",No,Yes,Dont care,"Desktop, Mobile",Every stream,Seldom chatter,No,"Yes, but not active",No,Mentioned by another streamer,11+,4-6,"Spontaneous, unpredictable content",4,4,3,3,3,2,4,3,4,5,3,5,5,5,1,4,3,3,4,5,5,4,2,4,1,2018,No,Keep the lawls,Poke music / Pokelawls twitch,I think his style of humor and his ability to react to any situation makes him very enjoyable,playing shitty LIDL games,Any genre is awesome,MurderCrumpet or Jerma985,more Roblox,Jerma985 IRL collab,sumsum,Morrowind,La La Land,"Tame Impala, The Strokes, Austin Weber",Love Songs for No One - Austin Weber,pizza,
3/25/2025 12:04:19,25-32,"5'7"" to 5'11""",125-174,Some college,Full time,Less than $20k,Europe,White,Male,Straight,Cisgender,Atheist / Agnostic,,Single,,United Kingdom,No pets,Tried and quit,Joint,No,No,No,No,No,No,No,No,No,No,No,No,No,No,No,A few times a week,No VR,No,No,Balding,No,No,1,Weed Son,Normal sub,"Twitch Sidebar / Dashboard, Discord notications",No,Yes,Yes,"Desktop, Mobile",Every stream,Lurker,No,"Yes, but not active",No,Twitch recommended,3-4,2-3,"Spontaneous, unpredictable content",4,4,4,4,4,4,4,4,2,4,3,4,4,3,1,3,3,3,4,3,4,4,1,1,1,2019,I dont care,I don't care,I don't care,when he farts and everyone types LO pure comedy,more farts for sure and just poke being happy playing games,,Jerma/Bedbanana ,i will watch poke play anything,,waitwhat,Gears of war,fury or 13 hours ,"aak3, usedcvnt, LOMAJI, timesgone",Movie Music,shepherd's pie,
3/25/2025 12:06:27,25-32,"5'7"" to 5'11""",175-224,High school / GED,Part time,$20k-$50k,North America,Hispanic / Latino,Male,Straight,Cisgender,Atheist / Agnostic,Liberal,Single,Florida (FL),,Cat,Always,Vape,Yes,No,Yes,No,No,No,No,No,No,No,No,No,Yes,No,Yes,Never,No VR,No,No,Balding,No,Yes,2,Weed Son,No,Twitch Sidebar / Dashboard,No,Yes,Yes,Desktop,Every stream,Lurker,No,No,No,Twitch game categories,7-8,2-3,A healthy mix of both,5,5,3,2,3,3,3,3,3,3,3,1,4,3,2,1,4,5,5,4,4,4,1,1,2,2018,I dont care,Change the name,Poke music / Poke twitch,Good background stream to have while playing games. Drugs are optional.,4 Horsemen,City pop,Clint Stevens :(,Halo campaign with Giig,Lacari,Glorp,,Pulp Fiction,"Nirvana, Disturbed, Pink Floyd, Beatles.",Wish you were here,Sushi,
3/25/2025 12:07:11,19-24,"5'7"" to 5'11""",125-174,Some college,Full time,$50k-$100k,North America,White,Male,Straight,,Atheist / Agnostic,Socialist,Single,New York (NY),,Cat,A few times a day,"Bong, Edible",No,No,Yes,No,Yes,Yes,Yes,No,No,No,Yes,No,No,No,Yes,A few times a month,No VR,No,No,Balding,No,Yes,1,Weed Son,Prime subbed,Discord notications,Yes,Yes,Yes,"Desktop, Laptop, Mobile, Gaming console",Every stream,Seldom chatter,Yes,"Yes, but not active",No,Streamer collab,3-4,2-3,A healthy mix of both,4,4,3,3,4,2,3,4,5,3,4,3,5,5,1,4,4,4,5,5,5,4,4,4,1,2018,No,I don't care,Poke music / Pokelawls twitch,"Irony jokes, fart Lo, music making streams are goated",POKE MOMENTS S5? COMEBACK PLEASE,any music genre bro as long as you making music,Summit1gyatt,whatever game he wants to play (VotV after new update),The horseman ,catBoom,Outer Wilds changed my brain chemistry somehow,Wall-E,"Mac Miller, Twenty One Pilots",Landmark - Hippo Campus (indie genre),Poke's Salsa,"This was pretty fun, some multiple choice goofy questions could go hard."
3/25/2025 12:08:06,19-24,"5'3"" to 5'6""",Under 125,Some college,"Student, not working",Less than $20k,Europe,Multiethnic,Female,Straight,Cisgender,Atheist / Agnostic,,Dating,,Netherlands,No pets,A few times a year,"Joint, Edible",No,Yes,Yes,No,Yes,No,No,No,Yes,No,No,No,No,No,No,Never,"Yes, I have VR",No,No,No,No,No,4,Weed Son,Normal sub,"Twitch Sidebar / Dashboard, Mobile Notifications, Discord notications",No,Yes,Yes,Desktop,A few times a week,Lurker,No,"Yes, and I'm active there",No,Youtube recommended / clip compilation,3-4,2-3,A healthy mix of both,4,5,4,3,5,2,5,2,5,5,1,2,4,2,1,5,2,5,5,5,5,5,1,3,1,2021,No,Keep the lawls,I don't care,He's real/himself and gives old twitch vibes. Nicest community out there <3,"More horror games, multiplayer or not! Chill laid back games are nice too, like Schedule I",,,,,glorp,Old School Runescape,,,,,
3/25/2025 12:09:49,19-24,"5'7"" to 5'11""",Under 125,High school / GED,Unemployed,Less than $20k,North America,Multiethnic,Male,Straight,Cisgender,Atheist / Agnostic,Liberal,Single,Michigan (MI),,Cat,A few times a week,Vape,No,No,No,Yes,Yes,No,No,No,No,No,No,No,No,No,Learners permit,A few times a month,No VR,No,No,No,No,Yes,1,Weed Son,Normal sub,"Twitch Sidebar / Dashboard, Chatterino / Offline chatting",Yes,Yes,Dont care,"Desktop, Mobile",Every stream,Active chatter,Yes,"Yes, but not active",No,Youtube recommended / clip compilation,5-6,4-6,A healthy mix of both,4,3,4,4,3,3,3,2,1,3,2,2,3,2,1,2,2,5,3,3,2,5,1,1,1,2017,I dont care,Change the name,Poke music / Poke twitch,Interacting witch chat reacting,Horror,Stuff that he’s not into usually ,Erobb221,"More horror, my fav is outlast",Peaks100,Lemon,Minecraft,Parasite,Kanye solo Radiohead band,Kid A by radiohead,Chicken Parmesan ,
3/25/2025 12:10:07,25-32,"6' to 6'3""",175-224,High school / GED,Full time,$20k-$50k,North America,Multiethnic,Male,Straight,Cisgender,Other,Centrist,Single,Louisiana (LA),,No pets,A few times a day,Vape,Yes,No,No,No,No,No,No,No,No,No,No,No,No,No,Yes,A few times a month,"Yes, I have VR",No,No,No,No,No,1,Weed Son,Normal sub,Twitch Sidebar / Dashboard,No,Yes,Yes,Desktop,,Active chatter,No,"Yes, but not active","Yes, but not active",Streamer collab,7-8,2-3,A healthy mix of both,5,4,4,3,4,3,4,2,4,3,2,3,2,2,1,3,4,5,5,4,4,4,2,3,3,2023,I dont care,Keep the lawls,I don't care,,,,,,,,,,,good kid madd city,Ramen,
3/25/2025 12:10:31,19-24,"5'3"" to 5'6""",Under 125,High school / GED,Unemployed,$20k-$50k,Europe,White,Male,Straight,Cisgender,Atheist / Agnostic,,Dating,,Norway,No pets,Once a day,"Bong, Joint",Yes,No,No,No,No,No,No,No,No,No,Yes,No,No,No,No,A few times a month,"Yes, I have VR. Poke contributed",No,No,No,No,No,3,Weed Son,Normal sub,"Twitch Sidebar / Dashboard, Mobile Notifications, Discord notications",No,Yes,Yes,"Desktop, Mobile, TV app",Every stream,Lurker,No,"Yes, but not active",No,Youtube recommended / clip compilation,3-4,2-3,A healthy mix of both,4,3,3,3,2,2,5,3,2,3,1,5,3,3,1,3,1,4,5,2,,3,1,1,1,2019,No,I don't care,Poke music / Pokelawls twitch,chat for the most part,"I want more coop games, core keeper was really fun to watch ","i feel like your more of an expert when it comes to music and that you should make music you like, not just make country music since 2 chatters wants it ",Dizzy & Zoil,Outer Wilds could be good and one of the Borderlands could be fun,I dont really care for collabs but since zoil is in the US again that can be fun,pickle or Lurkin,got to be Team fortress 2 since it was the game i grew up with,i dont know to be honest,no glazing i either got to say pritty or poke,i dont have one,"Subway ""The Subway Melt""",
3/25/2025 12:11:23,16-18,"6' to 6'3""",175-224,High school / GED,"Student, not working",Less than $20k,Europe,White,Male,Straight,Cisgender,Atheist / Agnostic,Centrist,Single,,Austria,"Dog, Cat",A few times a year,Edible,No,No,No,Yes,No,No,No,No,No,No,No,No,No,No,No,Never,No VR,No,No,Balding,No,No,3,Weed Son,No,"Twitch Sidebar / Dashboard, Chatterino / Offline chatting",Yes,Yes,Yes,"Laptop, Mobile",A few times a week,Lurker,No,No,No,Streamer collab,5-6,2-3,A healthy mix of both,4,3,5,3,3,4,5,3,4,4,3,5,4,2,1,5,2,3,5,3,3,3,1,2,1,2019,I dont care,Keep the lawls,I don't care,"Facecam on content, party games with friends, IRL streams, voices of the void, VR chat","Party games, Poke trolling during IRL streams",Classical,"Velcuz, Forsen, Jerma985, Sennyk4, Nymn, Ohnepixel",GTA chaos mod perhaps,More Jerma,omePls,Terreria,Goodfellas,"MF DOOM and aliases, Jev, Gorillaz, Slick Rick, Fugees, Tame Impala",MM..FOOD,Any seafood,
3/25/2025 12:11:50,25-32,"5'7"" to 5'11""",125-174,High school / GED,Unemployed,Less than $20k,North America,White,Male,Bisexual / Pansexual,Cisgender,Atheist / Agnostic,Liberal,Single,Michigan (MI),,No pets,A few times a day,Vape,No,No,No,No,No,No,No,No,No,No,No,No,No,No,Yes,Most days,No VR,No,No,No,No,No,1,Weed Son,Normal sub,Twitch Sidebar / Dashboard,No,Yes,Dont care,Desktop,Every stream,Active chatter,No,No,No,Streamer collab,5-6,2-3,A healthy mix of both,4,3,5,4,3,3,5,5,5,5,3,5,5,5,1,5,3,5,5,5,5,5,1,1,1,2019,I dont care,Change the name,Poke music / Poke twitch,"Music Production will always be top of the list, React content, then variety gaming. Competitive stuff is okay at times like Marvel Rivals and League but, in moderation forsure. I enjoy the stream more for the comedy and music aspects than anything else. ","More RELEASED music, more standing on business the way you have with drama. more just being you. aga","EDM forsure, but i like all genres, and would forsure like to see him mess around some alternative/pop punk styles","Dizzy, he da goat and really the only other person i watch as regularly as poke and gigi",Zelda and more classic nostalgia games,no preference honestly ,LO,Zelda OOT,goodfellas,Excision da goat,way too many good ones to pick a favorite ,chicken alfredo ,
3/25/2025 12:13:03,19-24,"5'7"" to 5'11""",175-224,Some college,Unemployed,Less than $20k,Europe,White,Male,Straight,,Christian,,Single,,Finland,No pets,Never tried it,,Yes,Yes,No,No,Yes,No,No,No,No,No,No,No,No,No,No,A few times a year,"Yes, I have VR",No,No,No,Active service,No,5+,League Daughter,No,Twitch Sidebar / Dashboard,No,Yes,Dont care,Desktop,A few times a week,Lurker,No,No,No,Mentioned by another streamer,1-2,2-3,A healthy mix of both,2,4,5,1,1,2,4,1,5,5,1,2,2,1,1,3,2,2,2,2,3,4,1,5,2,2019,I dont care,Keep the lawls,Poke music / Pokelawls twitch,Tiktoks,mic trolling in public lobbies,previous albums have been good,Forsen,ETS2 MP,Forsen,TrollDespair,Evolve,dont watch movies + cant recall the ones that were good that i've watched,"Daft Punk, Kanye West, KID CUDI, Mos Def, $UICIDEBOY$",Discovery - Daft Punk,Salmon soup,Come to EU twitch con one of these years bruv
3/25/2025 12:13:24,19-24,"6' to 6'3""",175-224,Bachelor's,Part time,$20k-$50k,North America,Asian / Pacific Islander,Male,Straight,Cisgender,Atheist / Agnostic,Centrist,Dating,Virginia (VA),Other,No pets,Always,"Pipe, Joint, Vape",Yes,Yes,No,Yes,No,No,No,Yes,,No,Yes,Yes,Yes,No,Yes,A few times a year,No VR,No,No,No,No,Yes,2,Weed Son,Prime subbed,Discord notications,No,Yes,Yes,"Desktop, Mobile",Every stream,Lurker,No,"Yes, but not active","Yes, but not active",Twitch recommended,5-6,4-6,A healthy mix of both,5,5,5,5,5,5,5,2,3,4,1,2,5,5,2,3,3,3,5,5,3,5,1,3,2,2019,I dont care,I don't care,I don't care,"When he is in an online multiplayer environment with voice chat, its hilarious seeing him interact with random ass players laugh out loud! ","voice chat, collab content, multiplayer in general, and maybe if this sucka can stream consistently on his main that'd be a good start to ",drum and bass ethereal shit and hella loud bass too ,Lirik fs ,HORROR SINGLEPLAYER GAMES ,someone who can match his energy like cyr zoil wonky fuck uhh dareon coco those mfs ,LOUNGING the one with that ugly wonky fuck laying down ,"COUNTER STRIKE GLOBAL OFFENSIVE, just from the movement to the gunplay and the community at the time in 2015 that was peak internet",Interstellar but recently Soul was a fucking crazy watch from the animation to the story telling you could tell the appeal was not entirely meant for kids lowkey changed my life it felt freeing kinda or maybe i was just high asf ,drake!,Odesza In Return,sushi,
3/25/2025 12:13:58,19-24,"5'7"" to 5'11""",125-174,High school / GED,Full time,Less than $20k,Europe,White,Male,Straight,Cisgender,Other,Liberal,Single,,Sweden,"Dog, Cat",Never tried it,,Yes,No,No,No,Yes,No,No,No,No,No,No,No,No,No,Yes,A few times a year,No VR,No,No,No,No,Yes,2,League Daughter,No,"Twitch Sidebar / Dashboard, Chatterino / Offline chatting",Yes,Yes,Yes,"Desktop, Mobile",A few times a week,Seldom chatter,No,No,No,Mentioned by another streamer,5-6,2-3,A healthy mix of both,5,4,4,3,3,3,4,3,3,4,2,3,4,4,1,3,3,4,4,4,4,4,2,3,1,2018,Yes,Keep the lawls,Poke music / Pokelawls twitch,Variety,IRL,EDM,Sennyk4,,Roflgator,Alright,,Interstellar,"The Weeknd, Young Thug, Frank Ocean, Kendrick Lamar, Travis Scott",Blonde,Any Pasta Dish,
3/25/2025 12:14:06,19-24,"5'7"" to 5'11""",125-174,High school / GED,Unemployed,Less than $20k,North America,White,Male,Asexual / Demisexual,Cisgender,Atheist / Agnostic,Centrist,Single,Canada,,"Dog, Cat",Tried and quit,"Dabbing, Joint, Vape",Yes,Yes,No,No,No,No,No,No,No,No,No,No,No,No,Yes,Never,"Yes, I have VR",No,No,No,No,No,1,Weed Son,No,Twitch Sidebar / Dashboard,Yes,Yes,No,"Desktop, Mobile",Every stream,Seldom chatter,Yes,No,No,Streamer collab,3-4,2-3,A healthy mix of both,3,3,3,2,3,4,4,2,4,5,3,4,5,2,3,5,2,4,4,3,3,5,1,1,1,2019,I dont care,Keep the lawls,Pokelawls music / Pokelawls twitch,poke is a funny guy,play elden ring lil gup,mmmm naur,pikabooirl,Elden ring,idc,these dogshit extensions only worth 10% of the time for me ever since you streamers started using 7tv FUCK 7TV RUINED MY VHAT EXPERIENCE glorp,FF Dissidia (the good one not the gacha one),Blades of Glory,"Grimes, low roar",dunno maybe ezduzit,Sushi,glorp
3/25/2025 12:14:13,19-24,"5'7"" to 5'11""",175-224,High school / GED,Unemployed,Less than $20k,North America,White,Male,Straight,Cisgender,Other,Centrist,Single,Canada,,No pets,Never tried it,,Yes,Yes,No,No,No,No,No,No,No,No,No,No,No,No,No,A few times a month,No VR,No,No,No,No,No,2,League Daughter,No,"Twitch Sidebar / Dashboard, Mobile Notifications",No,Yes,Yes,Desktop,A few times a month,Seldom chatter,No,No,No,Mentioned by another streamer,5-6,7+,A healthy mix of both,3,4,4,2,1,4,4,4,5,3,4,4,5,3,2,4,3,4,5,3,4,4,1,2,3,2021,I dont care,Change the name,Poke music / Poke twitch,"Music Prod, Random chill stuff","Music Prod, Random chill stuff",Dont care,"Faze boys rn, but ill watch whatever is content",,,,,,"Newer : Yeat, Drake, Cochise, J Cole, Kendrick Lamar, Travis Scott, Little Simz, PinkPantheress. Older : Eminem, DMX, 2Pac, 50 Cent, Snoop Dogg, Slick Rick, Nas, Busta Rhymes, Kanye West",,,
3/25/2025 12:15:37,33-39,"5'7"" to 5'11""",175-224,Some college,Self employed / 1099,Less than $20k,North America,White,Female,Straight,Cisgender,Atheist / Agnostic,Liberal,Married,Illinois (IL),,Dog,A few times a day,"Vape, Edible",Yes,Yes,No,No,No,No,No,No,Yes,No,No,No,No,Yes,Yes,A few times a week,"Yes, I have VR. Poke contributed",No,No,No,No,No,1,Weed Son,No,"Twitch Sidebar / Dashboard, Chatterino / Offline chatting",Yes,Yes,Yes,"Desktop, TV app",Every stream,Lurker,No,"Yes, but not active",No,Twitch game categories,5-6,2-3,A healthy mix of both,2,4,4,3,2,2,3,3,4,4,,5,4,2,3,3,2,4,3,3,2,4,1,2,3,2016 or earlier,I dont care,I don't care,I don't care,getting hyperfocused on random simulator/roguelike games or making music are my favorite streams,More random simulator games that I can get addicted to.,Whatever he's enjoying and vibing out with. That's what makes it enjoyable for me. ,Moonmoon,Whatever he gets hyperfixated on lol. Much more enjoyable to watch someone play something they like than something they think they should play.,Ster and Jerma,dogHeh,Binding of Isaac,Inglorious Basterds,"Fleetwood Mac, Simon & Garfunkel, Queen",Don't really have one,Potatoes,
3/25/2025 12:16:16,19-24,"5'7"" to 5'11""",175-224,Some college,"Student, not working",Less than $20k,Asia,Middle Eastern,Male,Straight,Cisgender,Islam,Centrist,Single,,,No pets,Never tried it,,Yes,No,No,No,No,No,No,No,No,No,Yes,No,No,No,No,A few times a week,No VR,No,No,No,No,No,2,League Daughter,Normal sub,Mobile Notifications,No,Yes,Yes,"Desktop, Mobile",A few times a week,Seldom chatter,No,"Yes, but not active",No,Mentioned by another streamer,1-2,2-3,A healthy mix of both,3,4,5,4,3,2,4,3,2,2,4,5,4,2,1,2,1,3,3,3,4,3,1,2,1,2022,I dont care,Keep the lawls,I don't care,his jokes and the weird unknown games hes always finding,"nothing particular, im happy with the channel rn",no preference,"Lacari, Drututt",SCP: secret lab would be giga peak perhaps,nobody in particular,PagBounce,Library of Ruina,The Truman Show,"Kanye West (pre-2020), Frank Ocean, Kendrick Lamar, Vince Staples",Late Registration,Shawarma,luv pok
3/25/2025 12:17:37,25-32,"5'7"" to 5'11""",175-224,Master's,Full time,$100k+,North America,White,Male,Bisexual / Pansexual,Cisgender,Atheist / Agnostic,Centrist,Engaged,Texas (TX),,Dog,Once a day,"Pipe, Vape, Edible",Yes,Yes,No,No,No,No,No,No,No,No,No,No,No,No,Yes,A few times a month,"Yes, I have VR. Poke contributed",No,No,No,No,Yes,2,Weed Son,No,"Twitch Sidebar / Dashboard, Mobile Notifications",No,Yes,Yes,"Desktop, Laptop, TV app",A few times a week,Seldom chatter,No,No,No,"Word of mouth, from a friend",9-10,2-3,A healthy mix of both,3,4,2,2,3,4,5,4,1,3,1,3,2,1,1,2,1,3,5,2,5,5,1,1,1,2016 or earlier,I dont care,I don't care,I don't care,"Poke is a real one and has a kind, gentle soul. He has a good brand of comedy, being kinda goofy with some good fuckin timing. Just enough interaction with chat and fun tts. ","More variety and gaming with some other chill, funny people. When you play shitty random games and are just chillin it's a major vibe sir.",Do what you feel is right. Rap/hiphop is a pretty good medium for entertaining songs I think because you can kinda do anything with it.,Vincent Sauce or Jerma or Quin69,Any coop game with the homies that looks fun,Whoever he fuckin wants to..,monakS,Fuck man.. maybe Disco Elysium or Path of Exile,Bloodsport (1988),"Black Sabbath/Ozzy, Pink Floyd, David Bowie",Pink Floyd - Wish You Were Here,Fuck man.... Probably some curry or a crazy pizza,
3/25/2025 12:19:41,19-24,"5'3"" to 5'6""",Under 125,Some college,"Student, not working",,South America,Multiethnic,Male,Bisexual / Pansexual,Cisgender,Other,Centrist,Single,,,Dog,Never tried it,,No,No,No,No,No,No,No,No,No,No,Yes,No,No,No,No,A few times a year,No VR,No,No,No,No,Yes,2,League Daughter,No,Chatterino / Offline chatting,Yes,Yes,Dont care,Desktop,Every stream,Seldom chatter,Yes,No,No,Streamer collab,11+,4-6,Planned events with set schedules,4,5,5,3,4,4,4,3,5,5,2,3,5,2,2,2,2,3,4,4,3,4,1,1,1,2022,I dont care,I don't care,Poke music / Pokelawls twitch,,,,MoonMoon,,,Buggin,Shadow of the Colossus,Too many movies,"Gorillaz, Misfits, La Femme, Jorge Ben Jor, Lebanon Hanover, Arctic Monkeys, Paris Texas, Charlie Brown Jr., Belchior",A Tabua De Esmeralda - Jorge Ben,, Australia is not a continent; idk what New Zealanders would pick in the continent section. Maybe just put Oceania as an option.
3/25/2025 12:19:47,25-32,"6'4""+",125-174,Bachelor's,Other,Less than $20k,North America,White,Male,Straight,Cisgender,Atheist / Agnostic,Socialist,Dating,Massachusetts (MA),,No pets,Always,"Bong, Dabbing, Joint",Yes,Yes,No,No,No,No,No,No,No,No,No,No,No,No,Yes,A few times a month,No VR,No,No,No,No,No,1,Weed Son,No,"Twitch Sidebar / Dashboard, Mobile Notifications",No,Yes,Yes,"Desktop, Laptop, Mobile",A few times a week,Seldom chatter,No,No,No,Streamer collab,3-4,4-6,A healthy mix of both,3,5,4,2,3,5,3,1,2,4,4,1,4,4,5,4,1,4,4,2,3,4,1,1,1,2021,I dont care,Keep the lawls,Poke music / Pokelawls twitch,"Man I have so much love for what Poke is able to do on this platform. He definitely takes a passive approach in his content a lot of the time, but I feel when he does, it allows the chat to interact with each other in the most chill way possible. It's like a virtual blunt rotation as we listen to music together and laugh at farts. I wish Poke knew that we love this, (at least I do) and he shouldn't feel guilty for choosing to take this passive approach. I also love when he is talkative and engages more of course, but I always love when I'm able to cozy up with my bong and say cheers to chat and just watch a game. There really isn't a stream like Poke's, it is the stoner corner of twitch. Best emotes, best alerts, some of the funniest bits I've seen are from Poke. I also love that I am able to consider him a music artist that I genuinely enjoy, and it's hype as fuck when he shows us sneak peaks of new beats or a song. I think he could absolutely do more committed music streams and just let chat jam the fuck out.","I said a lot in the first entry lol, ya more music streams but would also just love to see him play more single player games. He is so good at naturally finding funny moments when he is left to his own devices. I love the multiplayer stuff with friends and gigi but those tend to be the streams where TTS is kinda carrying in terms of turning playing the game into actual content. ","I love the genre that Poke is doing right now, it scratches an itch for me for sure. If he is confident in trying out new genres though I want to see it! He clearly has actual talent when it comes to music, he should just keep expanding his horizons! Maybe do more collabs with other artists, known or unknown, doesn't matter as long as they are vibing on making a track.","NorthernLion (I don't really have one favorite, but he is for sure a standout)",,"Poke with NorthernLion would never happen lmao but I'd lose my shit. I love that Jerma and him collab though, hope more of that happens!",Fadedthanaglorp,The Binding of Isaac: Rebirth,The Usual Suspects,"Elliot Smith, Faul Durand, Tyler the Creator, Tame Impala, Jungle, Ray Bulll",Figure 8 by Elliot Smith,Spicy Chicken in any form,"It's just great that you do this at all! Maybe a question about whether or not you listen to Poke's music and if so what is your favorite track. Mine is I Had Enough for sure, shit is fire."
3/25/2025 12:22:08,19-24,"6' to 6'3""",175-224,High school / GED,Unemployed,$20k-$50k,North America,Multiethnic,Male,Bisexual / Pansexual,Cisgender,Atheist / Agnostic,Socialist,Single,Minnesota (MN),,Dog,A few times a day,"Bong, Joint, Vape",Yes,Yes,No,No,No,No,No,No,No,No,Yes,Yes,No,No,No,Most days,"Yes, I have VR",No,No,No,No,Yes,1,Weed Son,Prime subbed,"Twitch Sidebar / Dashboard, Mobile Notifications, Chatterino / Offline chatting",Yes,Yes,Yes,"Desktop, Mobile",Every stream,Active chatter,No,No,No,LSF / Reddit,5-6,2-3,"Spontaneous, unpredictable content",4,3,5,3,2,2,4,4,3,3,4,4,3,3,3,4,3,5,5,4,4,5,4,4,1,2018,I dont care,Keep the lawls,Pokelawls music / Pokelawls twitch,funny man,horror games,,39daph,final fantaxy xiv,four horsemen,Buggin,Control,Inland Empire,Bjork and Nujabes,Metaphorical Music by Nujabes,,more horror games
3/25/2025 12:22:12,25-32,"6' to 6'3""",175-224,Bachelor's,Full time,$100k+,North America,White,Male,Straight,Cisgender,Atheist / Agnostic,Socialist,Engaged,Illinois (IL),,Cat,Once a day,"Vape, Edible",Yes,No,No,No,No,No,No,No,No,No,No,No,No,No,No,Most days,"Yes, I have VR. Poke contributed",No,No,No,No,No,1,Weed Son,Gifted sub,Twitch Sidebar / Dashboard,No,Yes,Yes,"Desktop, Mobile, TV app",A few times a week,Seldom chatter,No,No,No,Streamer collab,3-4,2-3,A healthy mix of both,3,3,3,3,3,4,4,3,3,3,3,4,3,3,2,2,3,3,4,3,4,3,4,4,2,2020,No,Change the name,Poke music / Poke twitch,,,,,,,,,,,,,I love you please ignore asmon frogs and observers 
3/25/2025 12:22:39,19-24,"5'7"" to 5'11""",125-174,High school / GED,"Student, not working",Less than $20k,North America,White,Male,Straight,Cisgender,Atheist / Agnostic,Liberal,Single,Tennessee (TN),,Dog,Never tried it,,,,,,,,,,,,,,,,Learners permit,Never,No VR,No,No,No,No,No,1,Weed Son,No,"Twitch Sidebar / Dashboard, Mobile Notifications",No,Yes,Yes,"Desktop, Mobile",Every stream,Lurker,No,No,No,Twitch recommended,5-6,2-3,A healthy mix of both,5,4,1,2,3,3,5,5,4,5,1,4,3,3,1,2,2,5,5,4,4,5,1,2,1,2022,I dont care,Keep the lawls,Pokelawls music / Pokelawls twitch,Pokes chill vibe and funny humor ,Variety single player games,Classical music,Jerma985,Half life 2,Jerma985,Omegalul,Hearts of Iron 4,The Lord of the Rings Return of the King,Kino,Twilight by Bôa,Strawberrys,
3/25/2025 12:25:06,25-32,"5'7"" to 5'11""",125-174,Master's,Other,Less than $20k,Europe,White,Male,Asexual / Demisexual,Cisgender,Atheist / Agnostic,Socialist,Single,,Finland,No pets,Never tried it,,No,No,No,No,No,No,No,No,No,No,No,No,No,No,No,A few times a week,No VR,No,No,No,No,No,5+,Weed Son,No,"Twitch Sidebar / Dashboard, Chatterino / Offline chatting",Yes,Yes,Dont care,"Desktop, Laptop",A few times a week,Lurker,No,No,No,Streamer collab,3-4,2-3,"Spontaneous, unpredictable content",4,3,5,3,3,4,3,2,3,1,3,4,5,2,1,4,3,4,3,3,4,3,2,2,1,2020,I dont care,Change the name,Poke music / Poke twitch,"The ADHD flow state streams, especially when making music but also just trying out random things.",music production and goofing around,"Traditional Middle Eastern, Balkan or Latin American music.",Zoil,no strong preferences,Hasanabi,Mhm,Victoria II,I can't choose a favorite,I can't choose a favorite,I can't choose a favorite,I can't choose a favorite,
3/25/2025 12:25:26,19-24,"6' to 6'3""",125-174,High school / GED,Unemployed,$20k-$50k,North America,White,Male,Straight,Cisgender,Atheist / Agnostic,Liberal,Dating,Wisconsin (WI),,Cat,Always,"Bong, Blunt, Dabbing, Joint, Spliff, Vape",Yes,Yes,No,No,No,No,No,No,No,No,No,Yes,Yes,No,Yes,A few times a month,"Yes, I have VR. Poke contributed",No,No,No,No,Yes,2,Weed Son,Prime subbed,"Twitch Sidebar / Dashboard, Mobile Notifications, Email notifications, Discord notications",No,Yes,Yes,"Desktop, Mobile",Every stream,Seldom chatter,No,"Yes, but not active",No,,5-6,2-3,A healthy mix of both,5,3,3,3,4,5,5,4,5,5,3,5,5,5,4,5,5,5,5,4,5,3,1,1,5,2016 or earlier,No,Keep the lawls,Pokelawls music / Pokelawls twitch,weed,weed,Cochise,XQC,Throne and Liberty,Cochise,,Borderlands 2,,"Poke, Cochise,OsamaSon,Benji Blue Bills,Babytron.Rio,RMC Mike",Dumb and Dumber 2,Crab Legs,
3/25/2025 12:25:26,25-32,"5'7"" to 5'11""",125-174,Bachelor's,Full time,$50k-$100k,North America,White,Male,Straight,Cisgender,Atheist / Agnostic,Conservative,Single,Florida (FL),,Cat,Never tried it,,Yes,Yes,No,No,No,No,No,No,No,No,Yes,No,No,No,Yes,A few times a month,No VR,No,No,No,No,No,1,Weed Son,Prime subbed,"Mobile Notifications, Discord notications",No,Yes,Yes,"Desktop, Mobile",Every stream,Seldom chatter,No,No,No,Youtube recommended / clip compilation,1-2,1,A healthy mix of both,5,5,3,4,3,4,4,4,5,5,3,5,5,3,4,3,2,3,3,3,2,5,1,2,1,2017,Yes,I don't care,I don't care,Being real and funny moments ,Voices and VR,House/Dance,None,Ape Escape (PS1),Playboi Carti,Glorp,Ocarina of Time,Drive,$uicideboy$,,,
3/25/2025 12:25:29,25-32,"5'7"" to 5'11""",125-174,Some college,Full time,$20k-$50k,Asia,Middle Eastern,Male,Straight,Cisgender,Islam,Centrist,Single,,,No pets,Never tried it,,Yes,No,No,No,No,No,No,No,No,No,No,No,No,No,Yes,Daily,No VR,No,No,Balding,No,No,2,Weed Son,No,Twitch Sidebar / Dashboard,No,Yes,Dont care,Desktop,A few times a week,Seldom chatter,No,No,No,Youtube recommended / clip compilation,3-4,2-3,A healthy mix of both,5,4,4,3,3,3,4,1,2,3,1,2,2,2,1,5,1,5,5,2,1,5,1,1,1,2016 or earlier,I dont care,I don't care,I don't care,poke's laugh,co-op games/vrchat/gtarp/any social game is funny to watch when its poke pov,"poke is creative, and i love seeing him surprising us instead of us directing him to a specific path, i'll add that sway burr remix of built differently was dope","sodapoppin, xqc, moonmoon, forsen","any new releases are fun to watch, any social game is always funny when poke does some tomfoolery","sodapoppin, roflgator, summit1g, thats like 3 different collabs for 3 different genre of games",LULW,Twisted Metal 4,kung fu hustle,2pac / yeat,All Eyez On Me,Chicken Fillet,"i don't have anything to add, i'll just say you can't please everyone, just try your best instead of trying to please others, ggs"
3/25/2025 12:32:07,25-32,"6' to 6'3""",225-274,High school / GED,Unemployed,Less than $20k,Europe,White,Male,Bisexual / Pansexual,Cisgender,Atheist / Agnostic,Liberal,Single,,Latvia,"Dog, Cat",Never tried it,,No,No,No,No,No,No,No,No,No,No,No,No,No,No,No,A few times a year,No VR,No,No,No,No,No,2,Weed Son,No,Twitch Sidebar / Dashboard,No,Yes,Yes,"Desktop, Mobile",Every stream,Seldom chatter,No,No,No,Youtube recommended / clip compilation,5-6,2-3,A healthy mix of both,4,4,4,3,4,4,4,3,4,4,3,3,3,3,2,2,2,4,4,4,3,5,3,4,1,2022,Yes,Keep the lawls,Pokelawls music / Pokelawls twitch,"Being himself, making his little stupid jokes.",Horsemen irl meetup ,Keep doing the same.,Jerma,Any VR game,Jerma,"buh, catErm",CS 1.6,no country for old men,"Mirar, Meshuggah, Humanity's last breath ",Mare,Kebab,More weed questions.
3/25/2025 12:37:35,25-32,"6' to 6'3""",175-224,Some college,"Student, not working",Less than $20k,Europe,White,Male,Straight,Cisgender,Atheist / Agnostic,Apolitical,Single,,Sweden,No pets,Never tried it,,Yes,Yes,No,No,No,No,No,No,No,No,No,No,No,No,No,A few times a month,No VR,No,No,No,No,No,3,League Daughter,No,Twitch Sidebar / Dashboard,No,Yes,Yes,Desktop,A few times a week,Seldom chatter,No,No,No,"Word of mouth, from a friend",1-2,2-3,A healthy mix of both,5,5,5,2,3,1,5,1,2,1,1,1,2,1,4,2,1,4,5,2,3,5,1,1,1,2019,I dont care,Keep the lawls,I don't care,buh,variety gaming,,forsen,,forsen,buh2,Elden Ring,lord of the rings,"yeat, yung lean and bladee",hybrid theory,kebab pizza,buh
3/25/2025 12:39:35,19-24,"5'3"" to 5'6""",125-174,Some college,"Student, not working",Less than $20k,Asia,Asian / Pacific Islander,Male,Straight,,Islam,Centrist,Single,Colorado (CO),United Kingdom,Cat,Never tried it,,No,No,No,No,Yes,No,No,No,No,No,Yes,No,No,No,No,A few times a year,No VR,No,No,No,No,No,2,League Daughter,No,"Twitch Sidebar / Dashboard, Mobile Notifications",No,Yes,Yes,"Laptop, Mobile",A few times a week,Spammer,No,No,No,Streamer collab,3-4,4-6,A healthy mix of both,4,4,4,5,5,2,5,3,3,3,1,4,3,2,1,3,2,4,4,3,2,2,1,1,1,2020,Yes,Keep the lawls,Pokelawls music / Pokelawls twitch,his glorious face cam,twerk with russel and erobb,hotel lobby music,"zoil,nymn,bajindo,eslcs,erobb221,vadikus007","any games other than league of legends, valorant, overwatch, and deadlock (this game only allowed to stream by ekoP arnoldHalt )",russel,pokewide and foodpov,gta san andreas,cars,"yung lean, kero kero bonito, and opick",bladee - working on dying,stir fried shrimp with warm rice and ice tea,can you add Rime picture in this google doc? Rime
3/25/2025 12:44:14,19-24,"6' to 6'3""",175-224,Some college,Other,Less than $20k,Europe,White,Male,Straight,Cisgender,Atheist / Agnostic,Socialist,Single,,Germany,No pets,Never tried it,,Yes,Yes,No,No,No,No,No,No,No,No,No,Yes,No,No,No,A few times a year,No VR,No,No,No,No,No,2,Weed Son,Prime subbed,Twitch Sidebar / Dashboard,Yes,Yes,Yes,"Desktop, TV app",A few times a week,Active chatter,No,"Yes, but not active",No,Youtube recommended / clip compilation,3-4,2-3,A healthy mix of both,3,4,5,2,5,5,5,3,3,2,3,4,4,3,2,5,1,5,5,4,4,5,3,3,1,2017,I dont care,I don't care,I don't care,Chat; Poke trolling random people,IRL with Gigi,Don't care for any specific genre,Sodapoppin,"Don't care, anything but League PLEASE",more horsemen content,Glorp,Terraria,Interstellar,Changes all the time,Luv Is Rage 2,Kebab,
3/25/2025 12:47:11,19-24,"6' to 6'3""",225-274,Master's,Full time,$100k+,North America,Black,Male,Straight,Cisgender,Atheist / Agnostic,Apolitical,Single,New York (NY),,Cat,Never tried it,,Yes,Yes,Yes,Yes,Yes,No,No,No,No,No,Yes,Yes,Yes,Yes,Yes,Never,"Yes, I have VR",No,No,No,No,No,2,Weed Son,Prime subbed,Chatterino / Offline chatting,Yes,No,Yes,"Desktop, Mobile, TV app",Every stream,Active chatter,Yes,No,No,Streamer collab,5-6,2-3,A healthy mix of both,5,5,3,3,5,5,5,4,5,5,3,5,5,4,1,4,3,4,4,5,5,5,1,1,1,2017,Yes,Keep the lawls,Poke music / Pokelawls twitch,The chat engagement and the ability to turn anything into content.,More random games/new releases as well as more trolling/exploring in online games.,Anything,Vinesauce,Not For Broadcast,"4 Horsemen (Vinny, Jerma, Ster)",BugginMyself,All of Davey Wreden's games.,Whiplash,JPEGMAFIA and King Gizzard & The Lizzard Wizard,The New Sound - Geordie Greep,Curry Bread,
3/25/2025 12:52:17,19-24,"6' to 6'3""",125-174,Some college,"Student, not working",Less than $20k,Europe,Multiethnic,Male,Asexual / Demisexual,Cisgender,Atheist / Agnostic,Socialist,Dating,,Germany,No pets,A few times a day,"Bong, Blunt, Joint",Yes,Yes,Yes,No,No,No,No,No,No,No,Yes,No,Yes,No,Yes,A few times a month,"Yes, I have VR. Poke contributed",No,No,Balding,No,Yes,4,Weed Son,Prime subbed,"Twitch Sidebar / Dashboard, Mobile Notifications, Discord notications, Chatterino / Offline chatting",No,Yes,Yes,"Desktop, Mobile, TV app",A few times a week,Active chatter,No,"Yes, but not active","Yes, but not active",Youtube recommended / clip compilation,1-2,2-3,A healthy mix of both,5,3,4,4,4,4,4,3,4,5,3,4,5,2,1,3,1,3,4,4,3,5,4,4,2,2020,Yes,Change the name,Poke music / Pokelawls twitch,specifically him as a human and the way he finds good entertaining things to say,something that fulfills him honestly <3,DnB would be a new one i could see Poke in,noodlenomn,Monster Hunter Wilds updates,"More musicians, and well im biased im sure there are some german streamers who would fit the vibe, Filow for example he also does a lot of FL Studio",glorp,Detroit: Become Human,Hacksaw Ridge,"Sleep Token , $uicideboy$ , nothing,nowhere. , Kendrick Lamar , Sierra Kidd , Loathe , makko , OG Keemo  ",Take Me Back To Eden,Pulled Pork Sliders (autistic basic bitch comfort food ik),i truely think the best thing for the stream that can happen in the future is pokes happiness and staying strong on the self improvement c:
3/25/2025 13:19:05,19-24,"6' to 6'3""",175-224,Some college,Full time,Less than $20k,North America,White,Male,Straight,Cisgender,Atheist / Agnostic,Liberal,Single,Canada,,,A few times a month,"Bong, Joint, Vape",Yes,Yes,Yes,Yes,Yes,No,No,No,No,No,Yes,Yes,Yes,No,Yes,A few times a year,"Yes, I have VR. Poke contributed",No,No,No,No,Yes,1,League Daughter,Prime subbed,"Twitch Sidebar / Dashboard, Mobile Notifications, Discord notications, Chatterino / Offline chatting",No,Yes,Yes,"Desktop, Mobile, TV app",Every stream,Seldom chatter,No,"Yes, and I'm active there","Yes, but not active",Streamer collab,7-8,4-6,A healthy mix of both,5,5,4,3,3,3,5,2,3,4,1,4,4,2,5,3,5,4,5,4,5,3,1,2,5,2016 or earlier,Yes,Keep the lawls,Pokelawls music / Pokelawls twitch,I like most when he play co-op games with friends that take multiple days to complete. Also when he makes stupid jokes with chat.,Co-op games.,I like any of the music he does.,"Jerma, been watching him since 2012 on youtube and twitch",V-Rising. He got me into it and I think if he were to commit like 4 days to it on a community server he would love it.,Always like when soda and poke play games,aga,Team Fortress Two,Fantastic Mr. Fox,Weezer,Pinkerton,Any kind of potatoes ,It was good. IDK ur plans but maybe a graphic to go along with all the data when you release it. Kinda like the graphics they do for the Jerma community census. pokeL  
3/25/2025 13:19:43,25-32,"6' to 6'3""",175-224,Associates / Trade,Full time,$20k-$50k,Europe,White,Male,Straight,Cisgender,Atheist / Agnostic,Conservative,Single,,United Kingdom,Cat,A few times a month,"Bong, Vape, Edible",No,Yes,Yes,Yes,Yes,No,No,No,No,No,Yes,No,No,No,Yes,A few times a month,"Yes, I have VR. Poke contributed",No,No,No,No,Yes,1,League Daughter,No,Chatterino / Offline chatting,Yes,Yes,Dont care,"Desktop, TV app",A few times a month,Lurker,Yes,"Yes, but not active",No,Mentioned by another streamer,11+,2-3,A healthy mix of both,3,4,4,5,4,5,5,2,2,3,1,5,4,4,1,3,3,5,5,4,5,4,1,1,3,2019,I dont care,Change the name,Poke music / Poke twitch,,,,Summit1g,,,,,,,,,
3/25/2025 13:25:13,19-24,"5'3"" to 5'6""",125-174,Some college,Unemployed,Less than $20k,North America,White,Female,Straight,Cisgender,Atheist / Agnostic,Centrist,Single,California (CA),,Dog,Always,Vape,Yes,No,No,No,No,No,No,No,Yes,No,Yes,No,No,No,Learners permit,Never,No VR,No,No,No,No,Yes,2,Weed Son,Normal sub,"Twitch Sidebar / Dashboard, Chatterino / Offline chatting",Yes,Yes,Yes,"Desktop, Laptop, Mobile",A few times a week,Seldom chatter,Yes,"Yes, but not active",No,Mentioned by another streamer,5-6,2-3,A healthy mix of both,5,5,5,5,5,5,5,5,5,5,5,5,5,5,5,5,5,5,5,5,5,5,1,1,5,2020,I dont care,Keep the lawls,Poke music / Pokelawls twitch,,weed <3,,,,,:33,night in the woods,,,,,please dont reveal to chat im an unemployed femcel neet thankyou
3/25/2025 13:25:36,19-24,"6' to 6'3""",125-174,Some college,Part time,$20k-$50k,North America,White,Male,Straight,Cisgender,Atheist / Agnostic,Liberal,Single,California (CA),,"Rabbit, Lizard / Reptile / Dragon",Always,"Bong, Blunt, Dabbing, Pipe, Joint, One Hitter, Spliff, Vape, Edible",Yes,Yes,Yes,No,No,No,No,No,No,No,Yes,No,No,No,Yes,A few times a month,No VR,No,No,No,No,Yes,1,Weed Son,No,Chatterino / Offline chatting,Yes,Yes,No,"Desktop, Mobile",A few times a week,Lurker,Yes,"Yes, but not active",No,Twitch game categories,Less than one,1,"Spontaneous, unpredictable content",3,3,5,4,4,2,4,3,5,5,2,2,3,3,3,5,3,4,5,5,5,5,1,1,3,2018,No,Keep the lawls,I don't care,Weed and gaming with music,IRL,Just what hes been doing so far,Summit,GTA 6,Summit,Spoingus,Idk,Idk,A,A,A,Shorter
3/25/2025 13:29:25,16-18,"5'7"" to 5'11""",Under 125,Some college,"Student, not working",Less than $20k,Europe,White,Male,Straight,Cisgender,Atheist / Agnostic,Conservative,Single,,United Kingdom,"Dog, Lizard / Reptile / Dragon",A few times a week,"Joint, Vape",Yes,No,Yes,No,Yes,No,No,No,No,No,No,No,No,No,No,Never,No VR,No,No,No,No,No,1,Weed Son,Prime subbed,Chatterino / Offline chatting,Yes,Yes,Yes,"Desktop, Mobile",A few times a week,Seldom chatter,Yes,"Yes, but not active",No,Mentioned by another streamer,1-2,1,A healthy mix of both,3,5,5,2,5,5,5,5,5,5,2,5,5,1,1,5,3,5,5,5,5,3,1,5,5,2019,I dont care,I don't care,I don't care,chilling,community based stuff,I don't care,xqc,hardcore mc,I don't care,catsJAM,Overwatch :(,Pulp fiction,Yeat,idrk,fried rice,"Ask people if they live with family, SO, student accommodation or themselves"
3/25/2025 13:30:32,25-32,"5'7"" to 5'11""",125-174,High school / GED,Full time,Less than $20k,Europe,White,Male,Straight,Cisgender,Atheist / Agnostic,Liberal,Single,,Germany,No pets,Tried and quit,,Yes,No,No,No,Yes,No,Yes,No,No,No,Yes,No,No,No,No,A few times a year,No VR,No,No,No,No,No,2,Weed Son,Normal sub,Chatterino / Offline chatting,Yes,Yes,Yes,Desktop,A few times a week,Seldom chatter,Yes,"Yes, but not active",No,Mentioned by another streamer,Less than one,None most days,"Spontaneous, unpredictable content",4,2,4,4,1,3,1,1,3,2,1,3,3,1,3,1,1,3,3,4,2,1,1,1,1,2019,I dont care,I don't care,I don't care,tiktok react,sub alert contest,,zoil,,zoil,pokeqq,factorio,three amigos,system of a down,,pizza,
3/25/2025 13:33:47,19-24,"6' to 6'3""",125-174,Some college,"Student, not working",Less than $20k,North America,White,Male,Straight,Cisgender,Christian,Centrist,Dating,California (CA),,"Dog, Cat, 2 Dogs, 2 Cats",A few times a day,"Bong, Blunt, Joint, Edible",Yes,Yes,No,No,No,No,No,No,No,No,No,No,No,No,Yes,A few times a month,"Yes, I have VR",No,No,No,No,Yes,1,Weed Son,No,"Twitch Sidebar / Dashboard, Mobile Notifications, Chatterino / Offline chatting",Yes,Yes,Yes,"Desktop, Mobile, TV app",Every stream,Active chatter,No,No,No,Youtube recommended / clip compilation,5-6,4-6,A healthy mix of both,3,4,4,4,5,5,5,3,3,4,3,4,3,3,2,4,3,4,5,3,4,5,2,3,1,2023,No,Keep the lawls,I don't care,Fart.  Content with GiGi & Others,"Maybe more viewer included content, could be fun imo.","Ima be fr, I don't watch the music creation that much. I don't dislike it but prefer other aspects. ","Ramee, Clix, Atrioc ","Honestly anything, I'm not too picky when it comes to game content. If anything something a little goofy.",Getting high with myth IRL :cinema: ,"come on, its LO ofc",Roblox Studio (i'm so deadass when i say i spend about 70% of my day in studio's),Guardians of the Galaxy Vol. 2,Drake,Whole Lotta Red,Chicken Alfredo ,buh. 
3/25/2025 13:40:51,25-32,"6' to 6'3""",225-274,High school / GED,Unemployed,Less than $20k,North America,White,Gender Fluid,Bisexual / Pansexual,Transgender,Other,Liberal,Dating,Florida (FL),,Dog,A few times a day,Bong,Yes,Yes,No,No,No,No,No,No,No,No,No,Yes,Yes,No,Yes,Never,"Yes, I have VR",Yes,Yes,No,No,Yes,1,Weed Son,Prime subbed,"Twitch Sidebar / Dashboard, Discord notications",Yes,Yes,Dont care,Desktop,Every stream,Seldom chatter,No,"Yes, but not active",No,Streamer collab,11+,2-3,A healthy mix of both,3,3,2,2,2,3,4,4,2,3,3,4,3,3,3,4,,3,3,3,3,3,1,1,2,2019,I dont care,Keep the lawls,I don't care,sense of humor and the community,variety games mostly. but anything really,currently like what he is doing ,Soda,any game really,,buh,Wow,,Tool,Lateralus,,
3/25/2025 13:43:48,25-32,"6' to 6'3""",125-174,Some college,Unemployed,Less than $20k,North America,White,Female,Straight,Cisgender,Atheist / Agnostic,Apolitical,Married,Florida (FL),Spain,Cat,Always,"Blunt, Joint",Yes,Yes,No,No,Yes,No,No,No,Yes,No,Yes,No,No,No,Yes,A few times a month,No VR,No,No,No,No,Yes,2,Weed Son,Normal sub,"Twitch Sidebar / Dashboard, Discord notications",No,Yes,Yes,"Desktop, Laptop, Mobile, TV app",A few times a week,Seldom chatter,Yes,"Yes, but not active",No,Streamer collab,3-4,2-3,A healthy mix of both,5,5,3,3,5,2,4,2,5,5,1,4,3,1,1,2,3,4,2,3,3,4,5,5,1,2020,I dont care,Change the name,Poke music / Poke twitch,Pretty much any aspect except YT/TT shorts/reels.,IRL 10000000000%,"EDM, techno, his rap is good too, but his vocab is def limited.",robcdee,I don't really care what he plays.,Zoil,duckass,Remember Me,Across the Universe,Incubus,Flower Boy,Anything pasta related.,beep
3/25/2025 13:45:57,25-32,"6' to 6'3""",175-224,Bachelor's,Part time,Less than $20k,Europe,White,Female,Gay / Lesbian,Transgender,Atheist / Agnostic,Socialist,Single,,United Kingdom,Cat,Never tried it,,Yes,Yes,Yes,No,No,No,No,No,Yes,No,Yes,No,Yes,Yes,No,A few times a week,No VR,No,No,No,No,Yes,1,League Daughter,Normal sub,"Mobile Notifications, Chatterino / Offline chatting",Yes,Yes,Yes,"Desktop, Mobile",Every stream,Seldom chatter,Yes,"Yes, but not active",No,Youtube recommended / clip compilation,7-8,2-3,A healthy mix of both,4,4,3,3,3,4,5,3,3,4,3,2,2,3,1,3,4,4,5,3,5,3,2,2,1,2017,I dont care,I don't care,Poke music / Pokelawls twitch,Settings,"Community servers like with motor town, for example, project zomboid, minecraft, 7 days to die, etc.",,deme,Project zomboid,zoil,qq,nier: automata,Treasure Planet,Chappell Roan,idk,Chilli,
3/25/2025 13:46:53,25-32,"6' to 6'3""",175-224,High school / GED,"Student, not working",Less than $20k,Europe,Hispanic / Latino,Male,Straight,Cisgender,Atheist / Agnostic,Socialist,Married,,Spain,Cat,A few times a day,"Blunt, Joint",Yes,Yes,No,No,Yes,No,No,No,No,No,No,No,No,No,No,A few times a month,No VR,No,No,No,No,Yes,3,Weed Son,Normal sub,Twitch Sidebar / Dashboard,No,Yes,Yes,"Desktop, Mobile",Every stream,Lurker,Yes,No,No,Youtube recommended / clip compilation,1-2,2-3,A healthy mix of both,5,5,1,3,3,4,3,4,4,4,3,5,5,1,1,3,5,5,5,5,,5,1,3,3,2018,I dont care,Change the name,I don't care,The vibes.,"Anything that poke feels like but just make it on a consistent schedule, not four streams a month.","Not really, I like what he does related to music streams",IlloJuan,Super Mario Sunshine,Don't really care about collabs,NOTPOKING,Super Mario Sunshine,Fight Club,,,Biscuits & gravy,
3/25/2025 14:04:15,25-32,"5'7"" to 5'11""",175-224,Some college,Self employed / 1099,Less than $20k,North America,Hispanic / Latino,Non Binary,Questioning,Cisgender,Atheist / Agnostic,Socialist,Single,Michigan (MI),,No pets,A few times a day,"Blunt, Joint",Yes,Yes,No,No,No,No,No,No,No,No,No,No,No,No,Yes,Never,"Yes, I have VR. Poke contributed",No,No,No,No,No,2,Weed Son,Normal sub,"Twitch Sidebar / Dashboard, Chatterino / Offline chatting",No,Yes,Yes,"Desktop, Mobile",Every stream,Seldom chatter,Yes,"Yes, and I'm active there",No,Music,3-4,2-3,A healthy mix of both,4,2,2,3,3,3,3,2,5,4,3,4,4,4,2,2,1,3,4,3,3,2,3,3,1,2017,No,Change the name,Poke music / Poke twitch,"gigi,","having fun making noise (music), IRL content",all bout the melody fuck a genre ,Jericho,furi,"gigi, AriAtHome",Grandma,Turok Evolutions,Dune part 2 (Timmy Chala 😘 ),"Cocorosie, Elder Island, LP, Bob Dylan, Sama' Abdulhadi, Sara Bareilles, Regina Spektor",Careful Confessions - Sara Bareilles,Stoffers Lasagna ,
3/25/2025 14:55:30,25-32,"5'7"" to 5'11""",275-324,Bachelor's,Part time,$20k-$50k,North America,White,Male,Straight,Cisgender,Atheist / Agnostic,Centrist,Single,Montana (MT),,"Dog, Cat, Bird",A few times a week,Vape,No,Yes,No,No,No,No,No,No,No,No,No,No,No,No,Yes,Never,"Yes, I have VR",No,No,Balding,No,No,1,League Daughter,No,Twitch Sidebar / Dashboard,No,Yes,Yes,Desktop,A few times a month,Lurker,No,No,No,Streamer collab,3-4,2-3,A healthy mix of both,4,3,3,2,2,3,3,2,4,3,4,4,2,2,1,5,3,4,5,2,4,4,1,1,2,2021,I dont care,Keep the lawls,I don't care,Funny,,,DougDoug,,Jesse :(,Joel,Red Dead Redemption 2,Iron Man,B.o.B,The Adventures of Bobby Ray,Chinese,
3/25/2025 14:57:03,25-32,"5'7"" to 5'11""",125-174,Master's,Full time,$50k-$100k,North America,Hispanic / Latino,Male,Straight,Cisgender,Atheist / Agnostic,Socialist,Dating,"US territories (Guam, Puerto Rico, etc)",,Cat,Always,"Bong, Blunt, Joint, Spliff, Vape, Edible",No,No,Yes,No,Yes,No,No,No,No,No,Yes,No,No,Yes,Yes,A few times a week,No VR,No,No,No,No,Yes,2,Weed Son,Normal sub,"Twitch Sidebar / Dashboard, Mobile Notifications, Discord notications",No,Yes,Yes,"Desktop, Mobile, TV app",Every stream,Seldom chatter,No,"Yes, but not active",No,Mentioned by another streamer,3-4,1,A healthy mix of both,4,4,3,4,5,5,5,5,4,5,2,2,5,2,1,2,3,3,4,5,5,5,5,5,1,2018,I dont care,Keep the lawls,Poke music / Pokelawls twitch,"Variety Gaming; Gaming w chatters; Music making; Looking at chatters' submissions (art, alerts, etc); Watching YT/TikTok",Gaming w chatters,glorpian,thespudhunter,,,,,,,,,
3/25/2025 15:59:32,19-24,"5'7"" to 5'11""",275-324,Some college,Part time,$20k-$50k,North America,White,Non Binary,Bisexual / Pansexual,Cisgender,Atheist / Agnostic,Centrist,Single,Indiana (IN),,"Dog, Chickens",A few times a day,Vape,Yes,No,No,No,No,No,No,No,No,No,Yes,No,No,No,Yes,Never,"Yes, I have VR",No,No,No,No,Yes,1,Weed Son,Prime subbed,Twitch Sidebar / Dashboard,No,Yes,Yes,"Desktop, Mobile",A few times a week,Active chatter,No,No,No,Youtube recommended / clip compilation,7-8,2-3,A healthy mix of both,5,3,4,3,4,3,3,2,3,4,4,3,5,2,1,3,3,3,3,4,4,5,2,2,1,2021,I dont care,Keep the lawls,I don't care,Farting,More farting,Fart Music,Paymoneywubby,Squad,Squuex,DemonCat,Hearts of Iron 4,Terminator 2,Kanonen fieber ,"Open mouth, open heart",Chili,Fart questions
3/25/2025 16:00:12,19-24,"5'3"" to 5'6""",125-174,High school / GED,Full time,$20k-$50k,Europe,Asian / Pacific Islander,Male,Straight,Cisgender,Christian,Centrist,Dating,,Ireland,Dog,A few times a year,Vape,Yes,Yes,No,No,Yes,No,No,No,No,No,No,No,No,No,No,A few times a month,"Yes, I have VR",No,No,No,No,No,2,Weed Son,Normal sub,Mobile Notifications,Yes,Yes,Yes,"Desktop, Mobile",Every stream,Seldom chatter,Yes,"Yes, but not active",No,Youtube recommended / clip compilation,3-4,2-3,"Spontaneous, unpredictable content",5,3,4,5,5,5,5,5,3,4,1,5,5,5,1,4,5,5,5,5,5,5,1,2,1,2020,No,I don't care,Poke music / Pokelawls twitch, the unexpected funny moments in games or in general ,more streamer collabs,the kinda house music beats ,jerma985,old cod campaign games,AriAtHome,catGroove ,deep rock galactic,Rush hour,"Rich Brian, lynyrd Skynyrd, slipknot, beabadoobee ",,Lechon,
3/25/2025 16:12:54,19-24,"5'7"" to 5'11""",225-274,Some college,Part time,$20k-$50k,North America,Hispanic / Latino,Male,Straight,Cisgender,Other,Centrist,Dating,Texas (TX),,"Dog, Cat",Never tried it,,Yes,No,No,No,No,No,Yes,Yes,No,No,No,No,No,No,Yes,A few times a month,"Yes, I have VR. Poke contributed",No,No,No,No,Yes,2,Weed Son,No,Discord notications,No,Yes,Dont care,"Desktop, Laptop",Every stream,Lurker,No,"Yes, but not active","Yes, and I'm active there",Youtube recommended / clip compilation,1-2,2-3,A healthy mix of both,4,5,5,3,5,3,5,2,4,3,1,1,5,3,1,4,4,2,3,5,5,4,1,1,1,2016 or earlier,I dont care,I don't care,Poke music / Pokelawls twitch,MUSIC,just have fun,🗣️ PLUH,plaqueboymax,risk of rain 2,jerma,gregory,borderlands 2,Chronicle,kanye west,The Life Of Pi'erre 5,shrimp alfredo,
3/25/2025 16:16:47,25-32,"5'7"" to 5'11""",125-174,Some college,Full time,$20k-$50k,Europe,White,Male,Bisexual / Pansexual,Cisgender,Atheist / Agnostic,Centrist,Single,,Germany,Dog,Tried and quit,,No,Yes,No,No,No,No,No,No,No,No,No,No,No,No,Yes,A few times a year,"Yes, I have VR. Poke contributed",No,No,No,No,Yes,4,Weed Son,Prime subbed,"Twitch Sidebar / Dashboard, Discord notications",Yes,Yes,Yes,"Desktop, TV app",A few times a month,Seldom chatter,No,"Yes, but not active",No,Youtube recommended / clip compilation,3-4,2-3,"Spontaneous, unpredictable content",3,4,4,3,3,3,5,3,4,5,3,3,5,3,3,5,3,3,3,3,3,3,3,3,1,2018,I dont care,Change the name,Poke music / Poke twitch,"gaming or music production, really any game is fun to watch if its poke (not league)",all of it,the current stuff is great,paymoneywubby,skate 3,jeram,glorp,risk of rain 2,"idk, i like a lot",too many to list,currents,ramen,
3/25/2025 16:20:40,19-24,"5'7"" to 5'11""",175-224,Doctorate,"Student, not working",Less than $20k,North America,White,Male,Straight,Cisgender,Christian,Centrist,Single,Minnesota (MN),,Dog,Tried and quit,,Yes,No,No,No,No,No,Yes,Yes,No,No,No,No,No,No,Yes,A few times a year,"Yes, I have VR",No,No,No,No,No,1,League Daughter,No,Discord notications,No,Yes,Yes,Desktop,A few times a month,Lurker,No,"Yes, but not active","Yes, and I'm active there",Streamer collab,Less than one,None most days,A healthy mix of both,4,3,2,2,3,3,3,1,2,2,1,2,3,3,2,3,3,2,3,4,4,3,2,2,2,2019,I dont care,Keep the lawls,Pokelawls music / Pokelawls twitch,"The music production and rapping streams, especially when he is freestyling with inspiration from chat is hilarious",Idk bro,I been listening to Redda lately so maybe that kind of supertrap sound could be cool to experiment with,X,The Nonary Games,"nobody specific, poke should just collab w ppl he vibes with",POGGERS,Ace Attorney,Lego Movie 1,"Trippie Redd, your best friend jippy, Nas, Tep No, Elohim",King's Disease 3,Pizza,More freaky questions pls
3/25/2025 16:22:34,19-24,"6' to 6'3""",225-274,Some college,Self employed / 1099,Less than $20k,North America,White,Male,Straight,Cisgender,Atheist / Agnostic,Centrist,Dating,California (CA),,Dog,Tried and quit,,Yes,Yes,No,No,Yes,No,Yes,Yes,No,No,Yes,No,No,No,Yes,Never,No VR,No,No,No,No,No,1,Weed Son,No,"Twitch Sidebar / Dashboard, Chatterino / Offline chatting",Yes,Yes,Dont care,Desktop,A few times a week,Lurker,No,No,"Yes, but not active",Twitch recommended,3-4,4-6,A healthy mix of both,4,4,4,3,3,2,4,2,3,4,4,4,5,5,3,4,4,3,3,2,3,3,1,1,2,2020,No,I don't care,I don't care,I enjoy the chat the most.,,EDM or Rap,xQc,,,,skate 3,donnie darko,currently osamason,"playboi carti self titled, it’s all i listened to in high school",chinese,
3/25/2025 16:25:57,19-24,"6' to 6'3""",125-174,Some highschool,Full time,Less than $20k,Europe,White,Male,Straight,Cisgender,Atheist / Agnostic,Centrist,Single,,Czechia,Dog,Always,"Bong, Spliff, Edible",Yes,Yes,No,No,Yes,No,No,No,No,No,No,No,No,No,No,Never,No VR,No,No,No,No,No,3,Weed Son,No,"Twitch Sidebar / Dashboard, Discord notications",No,Yes,Yes,"Desktop, Mobile",Every stream,Seldom chatter,No,"Yes, but not active",No,Youtube recommended / clip compilation,3-4,2-3,A healthy mix of both,3,5,3,4,5,5,4,5,4,5,5,5,5,5,5,3,4,5,5,5,5,1,2,3,3,2020,I dont care,Keep the lawls,I don't care,OMEGALOL moments,fun content,"new music trends in genres, I care only about what poke wants to experiment with",psp1g or cyr or grubby,Not League,Whoever finds poke good to collab with.,omE,CSGO or WoW,LoTR Return of the King,"Denzel Curry, Travis Scott, Snow Strippers, The Prodigy, Linkin Park, Pendulum, Nujabes, fat jon, Kanye West, Gorillaz, Fatboy Slim, Dr.Dre, Asap Rocky, Black Eyed Peas",AT.LONG.LAST.ASAP,Turkish Kebab,more weed questions please
3/25/2025 16:30:45,33-39,"5'7"" to 5'11""",225-274,Some college,Full time,$50k-$100k,North America,White,Male,Bisexual / Pansexual,Cisgender,Atheist / Agnostic,Socialist,Married,California (CA),,No pets,A few times a week,Vape,Yes,Yes,No,No,No,No,No,No,No,No,No,No,No,No,Yes,A few times a week,"Yes, I have VR",No,No,Yes,No,Yes,1,League Daughter,No,Twitch Sidebar / Dashboard,No,Yes,Yes,Desktop,A few times a month,Lurker,No,No,No,LSF / Reddit,Less than one,1,A healthy mix of both,4,4,1,3,3,2,4,3,4,3,1,4,4,1,1,5,3,4,4,2,1,4,2,2,1,2016 or earlier,I dont care,Change the name,Poke music / Poke twitch,Anything comedic/funny,GTA RP,Any genre,Jerma,,,,Grim Fandango,"Kiss Kiss, Bang Bang","Talking Heads, Ratatat, LCD Soundsystem, Girl Talk",,Teriyaki chicken and white rice,
3/25/2025 16:37:29,19-24,"6' to 6'3""",175-224,Bachelor's,"Student, not working",Less than $20k,Europe,White,Male,Straight,Cisgender,Atheist / Agnostic,Liberal,Single,,United Kingdom,No pets,A few times a year,Blunt,No,Yes,Yes,No,Yes,No,No,No,No,No,No,No,No,No,Learners permit,A few times a year,"Yes, I have VR",No,No,No,No,Yes,1,Weed Son,No,Twitch Sidebar / Dashboard,No,Yes,Yes,"Desktop, Laptop, Mobile",A few times a week,Lurker,No,No,No,"Word of mouth, from a friend",1-2,2-3,A healthy mix of both,5,4,3,2,4,4,5,1,4,5,2,3,5,5,1,2,1,3,3,5,4,3,1,1,1,2020,Yes,I don't care,Poke music / Pokelawls twitch,"Random fun games, music, when the camara is on and talking, ","kitchen streams/irl, music, not sleeper games",No,Zoil,?,Zoil,Dont have one,RD2,,"Kanye, lancey foux, carti, 2hollis ...",MBDTF,Steak,
3/25/2025 16:54:05,19-24,"5'7"" to 5'11""",175-224,High school / GED,Part time,Less than $20k,Europe,White,Male,Straight,,Atheist / Agnostic,Liberal,Single,,Lithuania,"Dog, Cat",Never tried it,,Yes,Yes,No,No,No,No,No,No,No,No,Yes,No,No,No,Yes,A few times a month,No VR,No,No,No,No,No,3,League Daughter,No,"Twitch Sidebar / Dashboard, Discord notications",No,No,Yes,Laptop,A few times a week,Lurker,No,No,No,Streamer collab,Less than one,2-3,A healthy mix of both,3,5,1,2,4,5,3,1,3,3,2,2,5,3,1,3,2,3,4,3,3,4,1,1,1,2019,Yes,I don't care,I don't care,"niche rgp games, music production","music production, irl","anything, rap, edm","no favorites, but i enjoy watching x and jesse sometimes",cs2,jesse and x,i dont usem,csgo or minecraft,dunkirk,future,astroworld,pasta,
3/25/2025 17:01:48,16-18,"5'7"" to 5'11""",Under 125,Some highschool,Unemployed,Less than $20k,North America,White,Male,Bisexual / Pansexual,Cisgender,Atheist / Agnostic,Centrist,Single,Texas (TX),,Cat,Never tried it,,No,No,No,No,Yes,No,No,No,No,No,Yes,No,No,No,No,A few times a year,"Yes, I have VR. Poke contributed",No,No,No,No,No,1,Weed Son,No,"Twitch Sidebar / Dashboard, Discord notications",No,Yes,Yes,"Desktop, Mobile, TV app",A few times a week,Seldom chatter,No,"Yes, but not active",No,Streamer collab,5-6,2-3,A healthy mix of both,3,4,3,4,2,4,5,3,2,3,3,4,3,2,1,5,3,5,5,3,2,5,2,1,1,2020,Yes,Keep the lawls,Poke music / Pokelawls twitch,"His humor, his vibes and him just being a cool guy in general",I'd love more variety/VR and less wow/lol ,,Vinesauce,I think project zomboid could be great content,The four horsemen,buh,Oneshot,Interstellar ,"Heylog, 2hollis, xona, kurtains and sleepwater",eve by heylog or boy by 2hollis,Probably something boring like pizza,
3/25/2025 17:04:33,25-32,"5'7"" to 5'11""",175-224,Bachelor's,Full time,$50k-$100k,North America,Indian,Male,Straight,Cisgender,Other,Apolitical,Single,Wisconsin (WI),,No pets,Once a day,Vape,Yes,Yes,No,Yes,Yes,No,No,No,No,No,Yes,No,No,No,Yes,Never,No VR,No,No,No,No,Yes,3,Weed Son,No,Mobile Notifications,No,Yes,No,"Desktop, Mobile",A few times a month,Lurker,No,"Yes, but not active","Yes, but not active",LSF / Reddit,1-2,2-3,A healthy mix of both,1,5,5,4,3,4,5,1,5,5,1,1,1,1,5,5,5,5,5,5,5,5,1,1,1,2017,I dont care,Keep the lawls,I don't care,"IRL Streams, LongDrive, CommunityContent,Random games with subs(snipers),","IRL Streams, LongDrive, CommunityContent,Random games with subs(snipers),",N/A,Forsen and Sodapopin,Long Drive,"Jesse, Sodapoppin, XQC,",OMEGALUL,"ps3:mw2, pc:Warframe, ios:Brawlstars,GBA:Pokemon Emerald,Gamecube:Lord of the rings third age.",Mars Attack,"Caravan Palace, Kendrick Lamar, Parov Stelar, Shubh - one love, ",Lone digger by Caravan Palace,"Mom's Homemade Butter Chicken, tastes like none other",Stop asking my security questions to get into my twitch account.
3/25/2025 17:12:41,25-32,"5'7"" to 5'11""",125-174,Bachelor's,Full time,$50k-$100k,North America,White,Male,Straight,Cisgender,Atheist / Agnostic,Centrist,Married,Canada,,Dog,Tried and quit,,Yes,Yes,No,No,No,No,No,No,No,No,No,No,No,No,Yes,Never,"Yes, I have VR. Poke contributed",No,No,No,No,Yes,1,League Daughter,No,Discord notications,No,Yes,Yes,Desktop,A few times a week,Active chatter,No,No,No,Mentioned by another streamer,3-4,2-3,A healthy mix of both,5,4,5,4,3,3,3,1,4,5,4,5,4,4,1,1,2,4,4,3,2,4,1,1,3,2020,I dont care,I don't care,Poke music / Pokelawls twitch,React,React,Phonk,Paymoneywubby,,Paymoneywubby,LO,,,,,,W
3/25/2025 17:20:50,19-24,"5'7"" to 5'11""",225-274,Some highschool,Part time,Less than $20k,Europe,White,Male,Straight,Cisgender,Christian,Centrist,Single,,Poland,"Dog, Cat",Never tried it,,No,No,Yes,No,No,No,No,Yes,No,No,No,No,No,No,No,Never,No VR,No,No,Balding,No,No,2,Weed Son,No,Twitch Sidebar / Dashboard,No,Yes,Yes,Desktop,A few times a month,Seldom chatter,No,No,"Yes, and I'm active there",Youtube recommended / clip compilation,5-6,2-3,A healthy mix of both,5,3,5,2,4,3,4,2,5,1,1,5,5,1,1,5,1,1,1,3,1,1,1,1,1,2018,Yes,Change the name,Poke music / Poke twitch,"Random unpredictable moments, example: One time he was going 
through random livestreams, and found some church shit or something like that, the sound was so fucked up it made me laugh so hard. In general not planned shit","Music production, variety games, community events",EDM in general. Maybe oldschool rap shit also ,Slayproxx (Not English),,,cmonBrug,Minecraft,Shrek,,,Chicken,
3/25/2025 17:36:29,25-32,"5'7"" to 5'11""",175-224,High school / GED,Unemployed,Less than $20k,North America,Hispanic / Latino,Male,Straight,Cisgender,Atheist / Agnostic,Liberal,Dating,Oregon (OR),,Cat,Tried and quit,Edible,Yes,Yes,No,No,No,No,No,No,No,No,No,No,No,No,Yes,A few times a month,No VR,No,No,No,No,No,2,League Daughter,Prime subbed,"Twitch Sidebar / Dashboard, Discord notications",No,Yes,Dont care,Desktop,Every stream,Seldom chatter,No,"Yes, but not active",No,Streamer collab,5-6,7+,A healthy mix of both,4,3,5,5,5,5,5,2,5,5,1,2,4,1,3,4,4,5,5,,1,5,3,2,5,2016 or earlier,Yes,Keep the lawls,Pokelawls music / Pokelawls twitch,He is really funny,League ,hyper pop,Sodapoppin,League of legends ,Sodapoppin ,Glorp,Baldurs Gate 3,Lord of the rings ,The Strokes. EDEN ,First impressions of Earth ,Sushi ,
3/25/2025 17:51:20,25-32,"5'3"" to 5'6""",Under 125,Bachelor's,Full time,$100k+,North America,White,Male,Straight,Cisgender,Atheist / Agnostic,Liberal,Married,Illinois (IL),,Dog,A few times a week,"Joint, Vape",Yes,No,No,No,No,No,No,No,No,No,No,No,No,No,Yes,A few times a month,"Yes, I have VR. Poke contributed",No,No,No,No,No,1,Weed Son,No,Twitch Sidebar / Dashboard,No,Yes,Yes,"Desktop, Mobile",A few times a week,Seldom chatter,No,No,No,Mentioned by another streamer,1-2,2-3,A healthy mix of both,4,4,4,4,5,5,5,5,5,5,4,3,4,3,2,4,5,5,5,4,5,4,2,3,5,2017,I dont care,I don't care,I don't care,"playing games with a group of people, music production","collabs, IRL, even just casual cooking or hanging out with other streamers",MOVIE MUSIC,Jerma985,Bastion,"Cyr, Jellypeanut",aga,Call of Duty Modern Warfare 1 (the original),The Grand Budapest Hotel,"Daft Punk, Vampire Weekend, 100 gecs",Channel Orange,Pizza,
3/25/2025 17:56:08,25-32,"5'7"" to 5'11""",125-174,Some highschool,Self employed / 1099,Less than $20k,Europe,White,Male,Straight,Cisgender,Other,Apolitical,Single,,Switzerland,Cat,A few times a year,"Bong, Joint",Yes,Yes,Yes,No,No,No,No,No,Yes,No,Yes,No,No,No,No,A few times a year,No VR,No,No,No,No,No,3,Weed Son,No,"Twitch Sidebar / Dashboard, Discord notications",No,Yes,Yes,"Desktop, Mobile",A few times a week,Seldom chatter,No,No,No,LSF / Reddit,7-8,2-3,"Spontaneous, unpredictable content",5,3,4,3,4,2,4,3,2,4,3,4,4,3,3,4,3,3,3,3,3,3,1,3,2,2016 or earlier,I dont care,I don't care,I don't care,"Poke is the funniest streamer, and the most spontaneous.",,,Sodapoppin,,,,,Evangelion 3.0+1.0,,,,
3/25/2025 18:07:31,19-24,"5'7"" to 5'11""",125-174,High school / GED,Part time,$20k-$50k,North America,Hispanic / Latino,Male,Straight,Cisgender,Other,,Single,California (CA),,Cat,Never tried it,,Yes,No,No,No,No,No,Yes,No,No,No,No,No,No,No,No,A few times a month,No VR,No,No,No,No,Yes,2,League Daughter,Normal sub,Discord notications,No,Yes,Yes,"Desktop, Mobile",Every stream,Lurker,No,"Yes, but not active","Yes, but not active",Twitch recommended,11+,4-6,Planned events with set schedules,5,3,5,5,1,3,3,1,4,4,3,1,3,5,1,3,3,3,3,2,1,4,1,1,1,2020,Yes,Keep the lawls,Pokelawls music / Pokelawls twitch,POKE :3,,,gortemus,,,CAUGHT,team fortress 2,interstellar,brother mynor,brother mynor - passionfruit falls,teriyaki chicken with fried rice mmmmm,"some game suggestions that poke is already interested in playing, to see if the viewer would also like to watch Hmm"
3/25/2025 18:37:41,25-32,"6' to 6'3""",125-174,Associates / Trade,Full time,$50k-$100k,North America,White,Male,Straight,Cisgender,Atheist / Agnostic,Liberal,Single,Ohio (OH),,Dog,Once a day,"Blunt, Pipe",Yes,Yes,No,No,Yes,Yes,No,No,Yes,No,Yes,Yes,Yes,No,No,Never,No VR,No,No,No,No,Yes,2,Weed Son,Normal sub,Twitch Sidebar / Dashboard,No,Yes,Yes,Desktop,Every stream,Active chatter,Yes,"Yes, but not active",No,Youtube recommended / clip compilation,1-2,2-3,A healthy mix of both,4,4,4,4,5,5,3,5,4,2,1,3,4,4,1,4,2,5,5,4,4,1,4,4,1,2020,I dont care,Change the name,Poke music / Poke twitch,He make me laugh,Just want to see the man happy and comfortable ,I was old Zon fan and have all his sound cloud stuff under different names,the four horsemen,Doing a community zomboid server would be silly ,I think Squeex and Poke humor are so good together,HampterEat,Red Dead Redemption 2,Ace Ventura When Nature Calls,Enter Shikari ,Nothing is true everything is possible - Enter Shikari,White people taco night,Love you poke and oc
3/25/2025 18:43:00,19-24,"5'3"" to 5'6""",125-174,Some highschool,Self employed / 1099,Less than $20k,North America,White,Female,Bisexual / Pansexual,Cisgender,Atheist / Agnostic,Liberal,Dating,California (CA),,"Dog, Fish, Ferret",Always,"Bong, Dabbing, Joint, Vape, Edible",Yes,No,Yes,No,No,No,No,No,No,No,No,No,Yes,No,No,Most days,"Yes, I have VR. Poke contributed",No,No,No,No,Yes,2,Weed Son,Prime subbed,"Twitch Sidebar / Dashboard, Mobile Notifications, Discord notications",No,Yes,Yes,"Desktop, Laptop, Mobile, Tablet, TV app, Gaming console",Every stream,Seldom chatter,No,"Yes, but not active",No,Streamer collab,1-2,1,A healthy mix of both,5,3,5,5,5,4,3,3,1,5,4,4,4,2,1,5,3,2,5,4,1,4,2,4,1,2018,No,Keep the lawls,Poke music / Pokelawls twitch,All of it. Everything. I literally could not care less what this guy does. I will watch every stream/clip/youtube short. ,More co-op games. Any games with friends. More contests!,Free content: Trying any genre that's currently a complete opposite and taking it seriously. Imagine this guy just making a country song. or the worst/best pop song you've ever heard.,I genuinely do not watch any other streamer!,Any,"More Jerma985 content. fr fr ts pmo, also bring back that myth guy","Reacting, DIESOFCRINGE, LO.",Life is Strange,Eternal Sunshine of the Spotless Mind,Any song with a banger beat and good vocals I'm going to listen to.,IDK!,Crablegs,
3/25/2025 18:45:17,25-32,"5'7"" to 5'11""",125-174,Bachelor's,Full time,$50k-$100k,North America,White,Male,Straight,Cisgender,Other,Liberal,Dating,New York (NY),,"Dog, Fish, Lizard / Reptile / Dragon, Turtle",A few times a year,Edible,Yes,Yes,No,No,Yes,No,No,No,No,No,No,No,No,No,Yes,A few times a month,No VR,No,No,No,No,No,1,Weed Son,Normal sub,"Twitch Sidebar / Dashboard, Email notifications",No,Yes,Yes,"Desktop, Laptop, Mobile, TV app",A few times a week,Lurker,No,"Yes, but not active",No,Mentioned by another streamer,Less than one,1,Planned events with set schedules,3,4,4,4,4,4,4,4,4,4,4,4,4,4,4,4,4,4,4,4,4,4,1,1,4,2019,I dont care,Keep the lawls,Pokelawls music / Pokelawls twitch,,,,,,,,,,,,,
3/25/2025 18:56:16,19-24,"6' to 6'3""",125-174,Some college,"Student, not working",Less than $20k,Europe,White,Male,Straight,Cisgender,Atheist / Agnostic,Liberal,Single,,United Kingdom,Cat,Tried and quit,"Bong, Joint",No,No,No,No,Yes,Yes,Yes,Yes,Yes,No,Yes,No,No,No,No,A few times a month,No VR,No,No,No,No,No,2,Weed Son,Prime subbed,Discord notications,No,Yes,Yes,"Desktop, Laptop, Mobile",A few times a week,Lurker,No,"Yes, but not active","Yes, and I'm active there",Youtube recommended / clip compilation,1-2,1,A healthy mix of both,3,5,4,3,5,3,3,2,2,4,3,4,5,3,1,1,2,3,3,5,3,5,1,2,1,2018,Yes,Keep the lawls,Poke music / Pokelawls twitch,"React, Intro Chat, Music, Funny Games, Community Events and VR","React, Music and Community events","Rap, Trance, House, Pop, Witch House, Happy Hardcore, Hardstyle, Drum and Bass and Dariacore",I only watch Poke,FL Studio,Jerma,aga,NieR:Automata,The Celebration (1998),"Porter Robinson, Jane Remover, Damian Ojeda (Sadness), Syzy, Nfract and The Smashing Pumpkins",Nurture - Porter Robinson,Pizza,
3/25/2025 19:02:44,25-32,"6' to 6'3""",175-224,Some college,Unemployed,Less than $20k,Europe,White,Male,Straight,Cisgender,Atheist / Agnostic,Apolitical,Single,,Sweden,Dog,Never tried it,,Yes,No,Yes,No,Yes,No,No,No,Yes,No,Yes,No,No,No,Yes,Never,"Yes, I have VR. Poke contributed",No,No,No,No,No,3,League Daughter,No,Twitch Sidebar / Dashboard,Yes,Yes,Yes,Desktop,A few times a month,Lurker,No,No,No,LSF / Reddit,5-6,4-6,"Spontaneous, unpredictable content",4,2,5,2,3,2,4,1,4,5,3,2,2,2,1,1,1,3,3,3,3,2,1,1,2,2017,I dont care,Change the name,Poke music / Poke twitch,"Chill, just chatting",,,Nymn,,,er,Nier Automata,Parasite,"Radiohead, Nujabes, the pillows",OK Computer,Chicken Panang Curry with Noodles,
3/25/2025 19:39:49,19-24,"6' to 6'3""",275-324,High school / GED,Part time,$20k-$50k,North America,White,Female,Bisexual / Pansexual,Transgender,Atheist / Agnostic,Socialist,Single,California (CA),,"Dog, Fish, Frog",A few times a week,"Bong, Blunt, Joint",Yes,No,Yes,No,No,No,No,No,No,No,No,No,No,No,Yes,A few times a month,"Yes, I have VR",No,No,No,No,No,3,League Daughter,Normal sub,"Mobile Notifications, Discord notications",No,Yes,Yes,"Desktop, Mobile, TV app",Every stream,Active chatter,Yes,"Yes, but not active",No,Youtube recommended / clip compilation,7-8,4-6,A healthy mix of both,4,4,5,1,3,4,5,3,3,4,4,4,5,4,1,2,2,5,5,4,4,5,2,2,4,2018,No,Change the name,Poke music / Poke twitch,Gaming and Poke,HORROR,All is good,jerma985,Voices of the Void,Four horsemen ,LIZUN,Hearts of Iron IV,Drive (2011),"Uboa, Bladee, yeule ",The Origin of My Depression,Hot chicken,
3/25/2025 20:07:32,25-32,"5'7"" to 5'11""",125-174,High school / GED,Full time,$50k-$100k,North America,White,Male,Straight,Cisgender,Atheist / Agnostic,Socialist,Single,Georgia (GA),,"Dog, Cat, Fish, Lizard / Reptile / Dragon",Always,"Bong, Blunt, Pipe, Joint, Vape",Yes,Yes,No,No,Yes,No,Yes,No,No,No,Yes,No,Yes,No,Yes,A few times a week,No VR,No,No,No,No,Yes,1,Weed Son,Normal sub,"Twitch Sidebar / Dashboard, Mobile Notifications, Discord notications",No,Yes,Yes,"Desktop, Mobile",Every stream,Seldom chatter,No,"Yes, but not active",No,Twitch game categories,1-2,2-3,A healthy mix of both,4,4,3,4,4,4,5,5,5,5,5,5,5,5,1,5,3,5,5,4,4,5,5,5,1,2016 or earlier,No,Keep the lawls,Poke music / Pokelawls twitch,The interaction and the humor,MORE FUCKIN VIDEO GAMES MORE FUCKIN IRL,"i'm a musician myself so i just enjoy watching people create music, regardless of the genre.",Apply (OW streamer) or JERMA,just more single player things.,truly dgaf,lebronJAM,City of Heroes,Blade Runner 2049,Karnivool/Deftones/Sade/MBV/Kendrick/Outkast,Sound Awake by Karnivool,Reuben sandwich,"i'm sure yall got reasons and idrgaf, but i can see some people maybe feeling uncomfortable or just straight lying on the personal info/income bits."
3/25/2025 20:15:58,25-32,"6' to 6'3""",225-274,Some college,Unemployed,Less than $20k,North America,White,Male,Bisexual / Pansexual,Cisgender,Atheist / Agnostic,Liberal,Single,South Carolina (SC),,Dog,A few times a day,Bong,Yes,Yes,No,No,No,No,No,No,No,No,No,No,No,No,Yes,A few times a year,"Yes, I have VR",No,No,Balding,No,No,1,Weed Son,Gifted sub,Mobile Notifications,No,Yes,Yes,"Desktop, Laptop, Mobile, Tablet, TV app, Gaming console",Every stream,Seldom chatter,No,No,No,Streamer collab,7-8,4-6,A healthy mix of both,4,4,4,2,3,4,4,4,4,4,3,4,4,3,3,3,4,4,5,4,4,5,2,3,1,2022,No,I don't care,I don't care,He chill and funny,The 4 horsemen / collabs,"I'm a big fan of his music so whatever he is comfortable with, that being said, I think he could do some cool stuff with punk maybe.",Jerma985,"Whatever is popping, I think horror and souls-like or just generally challenging games are funnest to watch","Jerma, Ster, Vinesauce Vinny, Gigi, and whoever he wants",YOUCANT,Half-Life 2 (I am not a redditor),Logan,TOOL,The Wall - Pink Floyd,Filet Mignon,
3/25/2025 20:18:30,25-32,"5'7"" to 5'11""",125-174,Some highschool,Unemployed,Less than $20k,Europe,White,Female,Bisexual / Pansexual,Transgender,Atheist / Agnostic,Socialist,Dating,,Netherlands,No pets,Always,"Joint, Spliff",Yes,Yes,No,No,No,No,No,No,No,No,No,No,No,No,No,A few times a year,"Yes, I have VR. Poke contributed",No,No,No,No,No,2,Weed Son,No,"Twitch Sidebar / Dashboard, Discord notications",No,Yes,Yes,"Laptop, Mobile",A few times a month,Seldom chatter,No,"Yes, but not active",No,Youtube recommended / clip compilation,3-4,2-3,"Spontaneous, unpredictable content",4,2,5,5,5,3,3,2,1,3,4,5,5,3,1,5,2,3,4,5,5,4,4,4,1,2017,No,Keep the lawls,Poke music / Pokelawls twitch,His personality and humour and chat,Bogg Dann doing BMX tricks,He should try making phonk,Charborg,Yakuza game series,cyr,happi,Osu!,Hardcore Henry,"FIDLAR, Trevor Something, Rav, MGMT, aldn, Mr.Kitty",Time - Mr.Kitty,Microwaved potatoes with salt and pepper,Add favourite colour (mine is blue)
3/25/2025 20:24:37,25-32,"4'11"" to 5'2""",125-174,Some college,"Student, not working",Less than $20k,North America,White,Female,Straight,Cisgender,Atheist / Agnostic,Socialist,Single,Washington (WA),,Cat,A few times a week,"Vape, Edible",Yes,Yes,,,,,,,,,,,,,Yes,A few times a month,No VR,No,No,No,No,Yes,2,League Daughter,No,Twitch Sidebar / Dashboard,Yes,Yes,Yes,"Desktop, Laptop, Mobile, Tablet, TV app",Every stream,Lurker,No,No,No,Twitch recommended,11+,4-6,"Spontaneous, unpredictable content",4,3,4,2,2,1,4,1,1,1,1,1,,1,1,4,1,4,1,1,4,4,4,1,4,2019,No,Keep the lawls,Poke music / Pokelawls twitch,"Pokes random chat interactions and tangents, the votv streams, and horsemen streams are my favorites ","Voices!!! And horsemen (jerma, ster) collabs","I fucking love when poke does the ai remixes of his own music or making his own songs, leaks of his current upcoming album or songs in the making 🐸 ","Jerma, Hasan, and Quin69",Voices!!!!!!111,"Jerma, Ster",CatPls,League (i know),The conjuring series 👻 ,"DanceGavinDance, Lydia, and Neck Deep",POKES ALBUM 🐸 ,Fried food peepoFat,More YouTube moments/highlights nyow 😡